clip_id,filename,clip_path,window_start,window_end,window_duration,is_labeled,look_away_level,looking_away,frequent_looking_away,face_not_visible,excessive_head_movement,noticeable_fidgeting,distracted_by_offscreen_activity,camera_or_video_issue,reading_from_screen_or_notes,looking_down_frequently,body_out_of_frame,poor_lighting,background_distraction_visible,hand_to_face_or_hair,annotation_quality,notes
sample1_0000.00_0003.00,sample1.mp4,,0.0,3.0,3.0,,,,,,,,,,,,,,,,,
sample1_0003.00_0006.00,sample1.mp4,,3.0,6.0,3.0,,,,,,,,,,,,,,,,,
sample1_0006.00_0009.00,sample1.mp4,,6.0,9.0,3.0,,,,,,,,,,,,,,,,,
sample1_0009.00_0012.00,sample1.mp4,,9.0,12.0,3.0,,,,,,,,,,,,,,,,,
sample1_0012.00_0015.00,sample1.mp4,,12.0,15.0,3.0,,,,,,,,,,,,,,,,,
sample1_0015.00_0018.00,sample1.mp4,,15.0,18.0,3.0,Y,0,N,N,N,N,N,N,N,N,N,N,N,N,N,clear,
sample1_0018.00_0021.00,sample1.mp4,,18.0,21.0,3.0,,,,,,,,,,,,,,,,,
sample1_0021.00_0024.00,sample1.mp4,,21.0,24.0,3.0,,,,,,,,,,,,,,,,,
sample1_0024.00_0027.00,sample1.mp4,,24.0,27.0,3.0,,,,,,,,,,,,,,,,,
sample1_0027.00_0030.00,sample1.mp4,,27.0,30.0,3.0,,,,,,,,,,,,,,,,,
sample1_0030.00_0033.00,sample1.mp4,,30.0,33.0,3.0,,,,,,,,,,,,,,,,,
sample1_0033.00_0036.00,sample1.mp4,,33.0,36.0,3.0,,,,,,,,,,,,,,,,,
sample1_0036.00_0039.00,sample1.mp4,,36.0,39.0,3.0,,,,,,,,,,,,,,,,,
sample1_0039.00_0042.00,sample1.mp4,,39.0,42.0,3.0,,,,,,,,,,,,,,,,,
sample1_0042.00_0045.00,sample1.mp4,,42.0,45.0,3.0,,,,,,,,,,,,,,,,,
sample1_0045.00_0048.00,sample1.mp4,,45.0,48.0,3.0,Y,1,Y,N,N,N,N,N,N,N,N,N,N,N,N,clear,
sample1_0048.00_0051.00,sample1.mp4,,48.0,51.0,3.0,,,,,,,,,,,,,,,,,
sample1_0051.00_0054.00,sample1.mp4,,51.0,54.0,3.0,,,,,,,,,,,,,,,,,
sample1_0054.00_0057.00,sample1.mp4,,54.0,57.0,3.0,,,,,,,,,,,,,,,,,
sample1_0057.00_0060.00,sample1.mp4,,57.0,60.0,3.0,,,,,,,,,,,,,,,,,
sample1_0060.00_0063.00,sample1.mp4,,60.0,63.0,3.0,,,,,,,,,,,,,,,,,
sample1_0063.00_0066.00,sample1.mp4,,63.0,66.0,3.0,,,,,,,,,,,,,,,,,
sample1_0066.00_0069.00,sample1.mp4,,66.0,69.0,3.0,Y,1,Y,N,N,N,N,N,N,N,N,N,N,N,N,clear,
sample1_0069.00_0072.00,sample1.mp4,,69.0,72.0,3.0,,,,,,,,,,,,,,,,,
sample1_0072.00_0075.00,sample1.mp4,,72.0,75.0,3.0,,,,,,,,,,,,,,,,,
sample1_0075.00_0078.00,sample1.mp4,,75.0,78.0,3.0,,,,,,,,,,,,,,,,,
sample1_0078.00_0081.00,sample1.mp4,,78.0,81.0,3.0,,,,,,,,,,,,,,,,,
sample1_0081.00_0084.00,sample1.mp4,,81.0,84.0,3.0,,,,,,,,,,,,,,,,,
sample1_0084.00_0087.00,sample1.mp4,,84.0,87.0,3.0,Y,2,N,Y,N,N,N,N,N,N,N,N,N,N,N,clear,
sample1_0087.00_0090.00,sample1.mp4,,87.0,90.0,3.0,,,,,,,,,,,,,,,,,
sample1_0090.00_0093.00,sample1.mp4,,90.0,93.0,3.0,,,,,,,,,,,,,,,,,
sample1_0093.00_0096.00,sample1.mp4,,93.0,96.0,3.0,,,,,,,,,,,,,,,,,
sample1_0096.00_0099.00,sample1.mp4,,96.0,99.0,3.0,,,,,,,,,,,,,,,,,
sample1_0099.00_0102.00,sample1.mp4,,99.0,102.0,3.0,,,,,,,,,,,,,,,,,
sample1_0102.00_0105.00,sample1.mp4,,102.0,105.0,3.0,,,,,,,,,,,,,,,,,
sample1_0105.00_0108.00,sample1.mp4,,105.0,108.0,3.0,Y,1,Y,N,N,N,N,N,N,N,N,N,N,N,N,clear,
sample1_0108.00_0111.00,sample1.mp4,,108.0,111.0,3.0,,,,,,,,,,,,,,,,,
sample1_0111.00_0114.00,sample1.mp4,,111.0,114.0,3.0,,,,,,,,,,,,,,,,,
sample1_0114.00_0117.00,sample1.mp4,,114.0,117.0,3.0,Y,0,N,N,N,N,N,N,N,N,N,N,N,N,N,clear,
sample1_0117.00_0120.00,sample1.mp4,,117.0,120.0,3.0,,,,,,,,,,,,,,,,,
sample1_0120.00_0123.00,sample1.mp4,,120.0,123.0,3.0,,,,,,,,,,,,,,,,,
sample1_0123.00_0126.00,sample1.mp4,,123.0,126.0,3.0,Y,1,Y,N,N,N,N,N,N,N,Y,N,N,N,N,clear,
sample1_0126.00_0129.00,sample1.mp4,,126.0,129.0,3.0,,,,,,,,,,,,,,,,,
sample1_0129.00_0132.00,sample1.mp4,,129.0,132.0,3.0,,,,,,,,,,,,,,,,,
sample1_0132.00_0135.00,sample1.mp4,,132.0,135.0,3.0,Y,1,Y,N,N,N,N,N,N,N,N,N,N,N,N,clear,
sample1_0135.00_0138.00,sample1.mp4,,135.0,138.0,3.0,,,,,,,,,,,,,,,,,
sample1_0138.00_0141.00,sample1.mp4,,138.0,141.0,3.0,Y,0,N,N,N,N,N,N,N,N,N,N,N,N,N,clear,
sample1_0141.00_0144.00,sample1.mp4,,141.0,144.0,3.0,,,,,,,,,,,,,,,,,
sample1_0144.00_0147.00,sample1.mp4,,144.0,147.0,3.0,Y,1,Y,N,N,N,N,N,N,N,N,N,N,N,N,clear,
sample1_0147.00_0150.00,sample1.mp4,,147.0,150.0,3.0,Y,1,Y,N,N,N,N,N,N,N,N,N,N,N,N,clear,
sample1_0150.00_0153.00,sample1.mp4,,150.0,153.0,3.0,,,,,,,,,,,,,,,,,
sample1_0153.00_0156.00,sample1.mp4,,153.0,156.0,3.0,,,,,,,,,,,,,,,,,
sample1_0156.00_0159.00,sample1.mp4,,156.0,159.0,3.0,,,,,,,,,,,,,,,,,
sample1_0159.00_0162.00,sample1.mp4,,159.0,162.0,3.0,Y,1,Y,N,N,N,N,N,N,N,N,N,N,N,N,clear,
sample1_0162.00_0165.00,sample1.mp4,,162.0,165.0,3.0,,,,,,,,,,,,,,,,,
sample1_0165.00_0168.00,sample1.mp4,,165.0,168.0,3.0,,,,,,,,,,,,,,,,,
sample1_0168.00_0171.00,sample1.mp4,,168.0,171.0,3.0,Y,1,Y,N,N,N,N,N,N,N,N,N,N,N,N,clear,
sample1_0171.00_0174.00,sample1.mp4,,171.0,174.0,3.0,,,,,,,,,,,,,,,,,
sample1_0174.00_0177.00,sample1.mp4,,174.0,177.0,3.0,,,,,,,,,,,,,,,,,
sample1_0177.00_0180.00,sample1.mp4,,177.0,180.0,3.0,,,,,,,,,,,,,,,,,
sample1_0180.00_0183.00,sample1.mp4,,180.0,183.0,3.0,,,,,,,,,,,,,,,,,
sample1_0183.00_0186.00,sample1.mp4,,183.0,186.0,3.0,,,,,,,,,,,,,,,,,
sample1_0186.00_0189.00,sample1.mp4,,186.0,189.0,3.0,Y,1,Y,N,N,N,N,N,N,N,N,N,N,N,N,clear,
sample1_0189.00_0192.00,sample1.mp4,,189.0,192.0,3.0,,,,,,,,,,,,,,,,,
sample1_0192.00_0195.00,sample1.mp4,,192.0,195.0,3.0,,,,,,,,,,,,,,,,,
sample1_0195.00_0198.00,sample1.mp4,,195.0,198.0,3.0,,,,,,,,,,,,,,,,,
sample1_0198.00_0201.00,sample1.mp4,,198.0,201.0,3.0,,,,,,,,,,,,,,,,,
sample1_0201.00_0204.00,sample1.mp4,,201.0,204.0,3.0,,,,,,,,,,,,,,,,,
sample1_0204.00_0207.00,sample1.mp4,,204.0,207.0,3.0,Y,0,N,N,N,N,N,N,N,N,N,N,N,N,N,clear,
sample1_0207.00_0210.00,sample1.mp4,,207.0,210.0,3.0,,,,,,,,,,,,,,,,,
sample1_0210.00_0213.00,sample1.mp4,,210.0,213.0,3.0,,,,,,,,,,,,,,,,,
sample1_0213.00_0216.00,sample1.mp4,,213.0,216.0,3.0,,,,,,,,,,,,,,,,,
sample1_0216.00_0219.00,sample1.mp4,,216.0,219.0,3.0,Y,1,Y,N,N,N,N,N,N,N,N,N,N,N,N,clear,
sample1_0219.00_0222.00,sample1.mp4,,219.0,222.0,3.0,Y,1,Y,N,N,N,N,N,N,N,N,N,N,N,N,clear,
sample1_0222.00_0225.00,sample1.mp4,,222.0,225.0,3.0,,,,,,,,,,,,,,,,,
sample1_0225.00_0228.00,sample1.mp4,,225.0,228.0,3.0,,,,,,,,,,,,,,,,,
sample1_0228.00_0231.00,sample1.mp4,,228.0,231.0,3.0,,,,,,,,,,,,,,,,,
sample1_0231.00_0234.00,sample1.mp4,,231.0,234.0,3.0,,,,,,,,,,,,,,,,,
sample1_0234.00_0237.00,sample1.mp4,,234.0,237.0,3.0,,,,,,,,,,,,,,,,,
sample1_0237.00_0240.00,sample1.mp4,,237.0,240.0,3.0,,,,,,,,,,,,,,,,,
sample1_0240.00_0243.00,sample1.mp4,,240.0,243.0,3.0,,,,,,,,,,,,,,,,,
sample1_0243.00_0246.00,sample1.mp4,,243.0,246.0,3.0,,,,,,,,,,,,,,,,,
sample1_0246.00_0249.00,sample1.mp4,,246.0,249.0,3.0,Y,1,Y,N,N,N,N,N,N,N,N,N,N,N,N,clear,
sample1_0249.00_0252.00,sample1.mp4,,249.0,252.0,3.0,,,,,,,,,,,,,,,,,
sample1_0252.00_0255.00,sample1.mp4,,252.0,255.0,3.0,,,,,,,,,,,,,,,,,
sample1_0255.00_0258.00,sample1.mp4,,255.0,258.0,3.0,,,,,,,,,,,,,,,,,
sample1_0258.00_0261.00,sample1.mp4,,258.0,261.0,3.0,,,,,,,,,,,,,,,,,
sample1_0261.00_0264.00,sample1.mp4,,261.0,264.0,3.0,Y,1,Y,N,N,N,N,N,N,N,N,N,N,N,N,clear,
sample1_0264.00_0267.00,sample1.mp4,,264.0,267.0,3.0,,,,,,,,,,,,,,,,,
sample1_0267.00_0270.00,sample1.mp4,,267.0,270.0,3.0,Y,1,Y,N,N,N,N,N,N,N,N,N,N,N,N,clear,
sample1_0270.00_0273.00,sample1.mp4,,270.0,273.0,3.0,,,,,,,,,,,,,,,,,
sample1_0273.00_0276.00,sample1.mp4,,273.0,276.0,3.0,,,,,,,,,,,,,,,,,
sample1_0276.00_0279.00,sample1.mp4,,276.0,279.0,3.0,,,,,,,,,,,,,,,,,
sample1_0279.00_0282.00,sample1.mp4,,279.0,282.0,3.0,,,,,,,,,,,,,,,,,
sample1_0282.00_0285.00,sample1.mp4,,282.0,285.0,3.0,,,,,,,,,,,,,,,,,
sample1_0285.00_0288.00,sample1.mp4,,285.0,288.0,3.0,,,,,,,,,,,,,,,,,
sample1_0288.00_0291.00,sample1.mp4,,288.0,291.0,3.0,,,,,,,,,,,,,,,,,
sample1_0291.00_0294.00,sample1.mp4,,291.0,294.0,3.0,,,,,,,,,,,,,,,,,
sample1_0294.00_0297.00,sample1.mp4,,294.0,297.0,3.0,,,,,,,,,,,,,,,,,
sample1_0297.00_0300.00,sample1.mp4,,297.0,300.0,3.0,,,,,,,,,,,,,,,,,
sample1_0300.00_0301.90,sample1.mp4,,300.0,301.9,1.9,,,,,,,,,,,,,,,,,
sample2_0000.00_0003.00,sample2.mp4,,0.0,3.0,3.0,,,,,,,,,,,,,,,,,
sample2_0003.00_0006.00,sample2.mp4,,3.0,6.0,3.0,,,,,,,,,,,,,,,,,
sample2_0006.00_0009.00,sample2.mp4,,6.0,9.0,3.0,,,,,,,,,,,,,,,,,
sample2_0009.00_0012.00,sample2.mp4,,9.0,12.0,3.0,Y,0,N,N,N,N,N,N,N,N,Y,N,N,N,N,clear,
sample2_0012.00_0015.00,sample2.mp4,,12.0,15.0,3.0,,,,,,,,,,,,,,,,,
sample2_0015.00_0018.00,sample2.mp4,,15.0,18.0,3.0,,,,,,,,,,,,,,,,,
sample2_0018.00_0021.00,sample2.mp4,,18.0,21.0,3.0,,,,,,,,,,,,,,,,,
sample2_0021.00_0024.00,sample2.mp4,,21.0,24.0,3.0,,,,,,,,,,,,,,,,,
sample2_0024.00_0027.00,sample2.mp4,,24.0,27.0,3.0,,,,,,,,,,,,,,,,,
sample2_0027.00_0030.00,sample2.mp4,,27.0,30.0,3.0,,,,,,,,,,,,,,,,,
sample2_0030.00_0033.00,sample2.mp4,,30.0,33.0,3.0,,,,,,,,,,,,,,,,,
sample2_0033.00_0036.00,sample2.mp4,,33.0,36.0,3.0,,,,,,,,,,,,,,,,,
sample2_0036.00_0039.00,sample2.mp4,,36.0,39.0,3.0,Y,1,Y,N,N,N,N,N,N,N,N,N,N,N,N,clear,
sample2_0039.00_0042.00,sample2.mp4,,39.0,42.0,3.0,,,,,,,,,,,,,,,,,
sample2_0042.00_0045.00,sample2.mp4,,42.0,45.0,3.0,,,,,,,,,,,,,,,,,
sample2_0045.00_0048.00,sample2.mp4,,45.0,48.0,3.0,Y,1,Y,N,N,N,N,N,N,N,Y,N,N,N,N,clear,
sample2_0048.00_0051.00,sample2.mp4,,48.0,51.0,3.0,,,,,,,,,,,,,,,,,
sample2_0051.00_0054.00,sample2.mp4,,51.0,54.0,3.0,,,,,,,,,,,,,,,,,
sample2_0054.00_0057.00,sample2.mp4,,54.0,57.0,3.0,Y,2,N,Y,N,N,N,N,N,N,N,N,N,N,N,clear,
sample2_0057.00_0060.00,sample2.mp4,,57.0,60.0,3.0,,,,,,,,,,,,,,,,,
sample2_0060.00_0063.00,sample2.mp4,,60.0,63.0,3.0,,,,,,,,,,,,,,,,,
sample2_0063.00_0066.00,sample2.mp4,,63.0,66.0,3.0,,,,,,,,,,,,,,,,,
sample2_0066.00_0069.00,sample2.mp4,,66.0,69.0,3.0,,,,,,,,,,,,,,,,,
sample2_0069.00_0072.00,sample2.mp4,,69.0,72.0,3.0,,,,,,,,,,,,,,,,,
sample2_0072.00_0075.00,sample2.mp4,,72.0,75.0,3.0,,,,,,,,,,,,,,,,,
sample2_0075.00_0078.00,sample2.mp4,,75.0,78.0,3.0,,,,,,,,,,,,,,,,,
sample2_0078.00_0081.00,sample2.mp4,,78.0,81.0,3.0,Y,0,N,N,N,N,N,N,N,N,Y,N,N,N,N,clear,
sample2_0081.00_0084.00,sample2.mp4,,81.0,84.0,3.0,Y,1,Y,N,N,N,N,N,N,N,Y,N,N,N,N,clear,
sample2_0084.00_0087.00,sample2.mp4,,84.0,87.0,3.0,,,,,,,,,,,,,,,,,
sample2_0087.00_0090.00,sample2.mp4,,87.0,90.0,3.0,,,,,,,,,,,,,,,,,
sample2_0090.00_0093.00,sample2.mp4,,90.0,93.0,3.0,,,,,,,,,,,,,,,,,
sample2_0093.00_0096.00,sample2.mp4,,93.0,96.0,3.0,,,,,,,,,,,,,,,,,
sample2_0096.00_0099.00,sample2.mp4,,96.0,99.0,3.0,,,,,,,,,,,,,,,,,
sample2_0099.00_0102.00,sample2.mp4,,99.0,102.0,3.0,,,,,,,,,,,,,,,,,
sample2_0102.00_0105.00,sample2.mp4,,102.0,105.0,3.0,Y,0,N,N,N,N,N,N,N,N,N,N,N,N,N,clear,
sample2_0105.00_0108.00,sample2.mp4,,105.0,108.0,3.0,,,,,,,,,,,,,,,,,
sample2_0108.00_0111.00,sample2.mp4,,108.0,111.0,3.0,Y,1,Y,N,N,N,N,N,N,N,Y,N,N,N,N,clear,
sample2_0111.00_0114.00,sample2.mp4,,111.0,114.0,3.0,,,,,,,,,,,,,,,,,
sample2_0114.00_0117.00,sample2.mp4,,114.0,117.0,3.0,Y,0,N,N,N,N,N,N,N,N,N,N,N,N,N,clear,
sample2_0117.00_0120.00,sample2.mp4,,117.0,120.0,3.0,Y,1,Y,N,N,N,N,N,N,N,Y,N,N,N,N,clear,
sample2_0120.00_0123.00,sample2.mp4,,120.0,123.0,3.0,,,,,,,,,,,,,,,,,
sample2_0123.00_0126.00,sample2.mp4,,123.0,126.0,3.0,Y,2,N,Y,N,N,N,N,N,N,Y,N,N,N,N,clear,
sample2_0126.00_0129.00,sample2.mp4,,126.0,129.0,3.0,,,,,,,,,,,,,,,,,
sample2_0129.00_0132.00,sample2.mp4,,129.0,132.0,3.0,,,,,,,,,,,,,,,,,
sample2_0132.00_0135.00,sample2.mp4,,132.0,135.0,3.0,,,,,,,,,,,,,,,,,
sample2_0135.00_0138.00,sample2.mp4,,135.0,138.0,3.0,,,,,,,,,,,,,,,,,
sample2_0138.00_0141.00,sample2.mp4,,138.0,141.0,3.0,,,,,,,,,,,,,,,,,
sample2_0141.00_0144.00,sample2.mp4,,141.0,144.0,3.0,,,,,,,,,,,,,,,,,
sample2_0144.00_0147.00,sample2.mp4,,144.0,147.0,3.0,,,,,,,,,,,,,,,,,
sample2_0147.00_0150.00,sample2.mp4,,147.0,150.0,3.0,,,,,,,,,,,,,,,,,
sample2_0150.00_0153.00,sample2.mp4,,150.0,153.0,3.0,,,,,,,,,,,,,,,,,
sample2_0153.00_0156.00,sample2.mp4,,153.0,156.0,3.0,,,,,,,,,,,,,,,,,
sample2_0156.00_0159.00,sample2.mp4,,156.0,159.0,3.0,,,,,,,,,,,,,,,,,
sample2_0159.00_0162.00,sample2.mp4,,159.0,162.0,3.0,Y,0,N,N,N,N,N,N,N,N,Y,N,N,N,N,clear,
sample2_0162.00_0165.00,sample2.mp4,,162.0,165.0,3.0,Y,0,N,N,N,N,N,N,N,N,Y,N,N,N,N,clear,
sample2_0165.00_0168.00,sample2.mp4,,165.0,168.0,3.0,,,,,,,,,,,,,,,,,
sample2_0168.00_0171.00,sample2.mp4,,168.0,171.0,3.0,,,,,,,,,,,,,,,,,
sample2_0171.00_0174.00,sample2.mp4,,171.0,174.0,3.0,,,,,,,,,,,,,,,,,
sample2_0174.00_0177.00,sample2.mp4,,174.0,177.0,3.0,,,,,,,,,,,,,,,,,
sample2_0177.00_0180.00,sample2.mp4,,177.0,180.0,3.0,,,,,,,,,,,,,,,,,
sample2_0180.00_0183.00,sample2.mp4,,180.0,183.0,3.0,,,,,,,,,,,,,,,,,
sample2_0183.00_0186.00,sample2.mp4,,183.0,186.0,3.0,,,,,,,,,,,,,,,,,
sample2_0186.00_0189.00,sample2.mp4,,186.0,189.0,3.0,,,,,,,,,,,,,,,,,
sample2_0189.00_0192.00,sample2.mp4,,189.0,192.0,3.0,,,,,,,,,,,,,,,,,
sample2_0192.00_0195.00,sample2.mp4,,192.0,195.0,3.0,,,,,,,,,,,,,,,,,
sample2_0195.00_0198.00,sample2.mp4,,195.0,198.0,3.0,,,,,,,,,,,,,,,,,
sample2_0198.00_0201.00,sample2.mp4,,198.0,201.0,3.0,Y,1,Y,N,N,N,N,N,N,N,Y,N,N,N,N,clear,
sample2_0201.00_0204.00,sample2.mp4,,201.0,204.0,3.0,,,,,,,,,,,,,,,,,
sample2_0204.00_0207.00,sample2.mp4,,204.0,207.0,3.0,,,,,,,,,,,,,,,,,
sample2_0207.00_0210.00,sample2.mp4,,207.0,210.0,3.0,,,,,,,,,,,,,,,,,
sample2_0210.00_0213.00,sample2.mp4,,210.0,213.0,3.0,,,,,,,,,,,,,,,,,
sample2_0213.00_0216.00,sample2.mp4,,213.0,216.0,3.0,,,,,,,,,,,,,,,,,
sample2_0216.00_0219.00,sample2.mp4,,216.0,219.0,3.0,Y,1,Y,N,N,N,N,N,N,N,N,N,N,N,N,clear,
sample2_0219.00_0222.00,sample2.mp4,,219.0,222.0,3.0,,,,,,,,,,,,,,,,,
sample2_0222.00_0225.00,sample2.mp4,,222.0,225.0,3.0,Y,0,N,N,N,N,N,N,N,N,Y,N,N,N,N,clear,
sample2_0225.00_0228.00,sample2.mp4,,225.0,228.0,3.0,,,,,,,,,,,,,,,,,
sample2_0228.00_0231.00,sample2.mp4,,228.0,231.0,3.0,Y,1,Y,N,N,N,N,N,N,N,N,N,N,N,N,clear,
sample2_0231.00_0234.00,sample2.mp4,,231.0,234.0,3.0,,,,,,,,,,,,,,,,,
sample2_0234.00_0237.00,sample2.mp4,,234.0,237.0,3.0,,,,,,,,,,,,,,,,,
sample2_0237.00_0240.00,sample2.mp4,,237.0,240.0,3.0,,,,,,,,,,,,,,,,,
sample2_0240.00_0243.00,sample2.mp4,,240.0,243.0,3.0,Y,1,Y,N,N,N,N,N,N,N,Y,N,N,N,N,clear,
sample2_0243.00_0246.00,sample2.mp4,,243.0,246.0,3.0,,,,,,,,,,,,,,,,,
sample2_0246.00_0249.00,sample2.mp4,,246.0,249.0,3.0,,,,,,,,,,,,,,,,,
sample2_0249.00_0252.00,sample2.mp4,,249.0,252.0,3.0,,,,,,,,,,,,,,,,,
sample2_0252.00_0255.00,sample2.mp4,,252.0,255.0,3.0,,,,,,,,,,,,,,,,,
sample2_0255.00_0258.00,sample2.mp4,,255.0,258.0,3.0,,,,,,,,,,,,,,,,,
sample2_0258.00_0261.00,sample2.mp4,,258.0,261.0,3.0,,,,,,,,,,,,,,,,,
sample2_0261.00_0264.00,sample2.mp4,,261.0,264.0,3.0,Y,1,Y,N,N,N,N,N,N,N,Y,N,N,N,N,clear,
sample2_0264.00_0267.00,sample2.mp4,,264.0,267.0,3.0,,,,,,,,,,,,,,,,,
sample2_0267.00_0268.27,sample2.mp4,,267.0,268.27,1.27,,,,,,,,,,,,,,,,,
sample3_0000.00_0003.00,sample3.mp4,,0.0,3.0,3.0,,,,,,,,,,,,,,,,,
sample3_0003.00_0006.00,sample3.mp4,,3.0,6.0,3.0,,,,,,,,,,,,,,,,,
sample3_0006.00_0009.00,sample3.mp4,,6.0,9.0,3.0,,,,,,,,,,,,,,,,,
sample3_0009.00_0012.00,sample3.mp4,,9.0,12.0,3.0,Y,0,N,N,N,N,N,N,N,N,N,N,N,N,N,clear,
sample3_0012.00_0015.00,sample3.mp4,,12.0,15.0,3.0,Y,0,N,N,N,N,N,N,N,N,N,N,N,N,N,clear,
sample3_0015.00_0018.00,sample3.mp4,,15.0,18.0,3.0,,,,,,,,,,,,,,,,,
sample3_0018.00_0021.00,sample3.mp4,,18.0,21.0,3.0,,,,,,,,,,,,,,,,,
sample3_0021.00_0024.00,sample3.mp4,,21.0,24.0,3.0,Y,0,N,N,N,N,N,N,N,N,N,N,N,N,N,clear,
sample3_0024.00_0027.00,sample3.mp4,,24.0,27.0,3.0,,,,,,,,,,,,,,,,,
sample3_0027.00_0029.28,sample3.mp4,,27.0,29.28,2.28,,,,,,,,,,,,,,,,,
sample4_0000.00_0003.00,sample4.mp4,,0.0,3.0,3.0,,,,,,,,,,,,,,,,,
sample4_0003.00_0006.00,sample4.mp4,,3.0,6.0,3.0,,,,,,,,,,,,,,,,,
sample4_0006.00_0009.00,sample4.mp4,,6.0,9.0,3.0,,,,,,,,,,,,,,,,,
sample4_0009.00_0012.00,sample4.mp4,,9.0,12.0,3.0,,,,,,,,,,,,,,,,,
sample4_0012.00_0015.00,sample4.mp4,,12.0,15.0,3.0,,,,,,,,,,,,,,,,,
sample4_0015.00_0018.00,sample4.mp4,,15.0,18.0,3.0,,,,,,,,,,,,,,,,,
sample4_0018.00_0021.00,sample4.mp4,,18.0,21.0,3.0,,,,,,,,,,,,,,,,,
sample4_0021.00_0024.00,sample4.mp4,,21.0,24.0,3.0,,,,,,,,,,,,,,,,,
sample4_0024.00_0027.00,sample4.mp4,,24.0,27.0,3.0,Y,0,N,N,N,N,N,N,N,N,N,Y,N,N,N,clear,
sample4_0027.00_0030.00,sample4.mp4,,27.0,30.0,3.0,,,,,,,,,,,,,,,,,
sample4_0030.00_0033.00,sample4.mp4,,30.0,33.0,3.0,,,,,,,,,,,,,,,,,
sample4_0033.00_0036.00,sample4.mp4,,33.0,36.0,3.0,Y,0,N,N,N,N,N,N,N,N,N,Y,N,N,N,clear,
sample4_0036.00_0039.00,sample4.mp4,,36.0,39.0,3.0,,,,,,,,,,,,,,,,,
sample4_0039.00_0042.00,sample4.mp4,,39.0,42.0,3.0,,,,,,,,,,,,,,,,,
sample4_0042.00_0045.00,sample4.mp4,,42.0,45.0,3.0,,,,,,,,,,,,,,,,,
sample4_0045.00_0048.00,sample4.mp4,,45.0,48.0,3.0,,,,,,,,,,,,,,,,,
sample4_0048.00_0051.00,sample4.mp4,,48.0,51.0,3.0,,,,N,N,N,N,N,N,N,N,Y,N,N,N,clear,
sample4_0051.00_0054.00,sample4.mp4,,51.0,54.0,3.0,,,,,,,,,,,,,,,,,
sample4_0054.00_0057.00,sample4.mp4,,54.0,57.0,3.0,Y,0,N,N,N,N,N,N,N,N,N,Y,N,N,N,clear,
sample4_0057.00_0060.00,sample4.mp4,,57.0,60.0,3.0,,,,,,,,,,,,,,,,,
sample4_0060.00_0063.00,sample4.mp4,,60.0,63.0,3.0,,,,,,,,,,,,,,,,,
sample4_0063.00_0066.00,sample4.mp4,,63.0,66.0,3.0,,,,,,,,,,,,,,,,,
sample4_0066.00_0069.00,sample4.mp4,,66.0,69.0,3.0,Y,0,N,N,N,N,N,N,N,N,N,Y,N,N,N,clear,
sample4_0069.00_0072.00,sample4.mp4,,69.0,72.0,3.0,,,,,,,,,,,,,,,,,
sample4_0072.00_0075.00,sample4.mp4,,72.0,75.0,3.0,,,,,,,,,,,,,,,,,
sample4_0075.00_0078.00,sample4.mp4,,75.0,78.0,3.0,,,,,,,,,,,,,,,,,
sample4_0078.00_0081.00,sample4.mp4,,78.0,81.0,3.0,,,,,,,,,,,,,,,,,
sample4_0081.00_0084.00,sample4.mp4,,81.0,84.0,3.0,,,,,,,,,,,,,,,,,
sample4_0084.00_0087.00,sample4.mp4,,84.0,87.0,3.0,,,,,,,,,,,,,,,,,
sample4_0087.00_0090.00,sample4.mp4,,87.0,90.0,3.0,,,,,,,,,,,,,,,,,
sample4_0090.00_0093.00,sample4.mp4,,90.0,93.0,3.0,,,,,,,,,,,,,,,,,
sample4_0093.00_0095.63,sample4.mp4,,93.0,95.63,2.63,,,,,,,,,,,,,,,,,
sample5_0000.00_0003.00,sample5.mp4,,0.0,3.0,3.0,,,,,,,,,,,,,,,,,
sample5_0003.00_0006.00,sample5.mp4,,3.0,6.0,3.0,,,,,,,,,,,,,,,,,
sample5_0006.00_0009.00,sample5.mp4,,6.0,9.0,3.0,Y,1,Y,N,N,N,N,N,N,N,N,N,N,N,N,clear,
sample5_0009.00_0012.00,sample5.mp4,,9.0,12.0,3.0,,,,,,,,,,,,,,,,,
sample5_0012.00_0015.00,sample5.mp4,,12.0,15.0,3.0,,,,,,,,,,,,,,,,,
sample5_0015.00_0018.00,sample5.mp4,,15.0,18.0,3.0,,,,,,,,,,,,,,,,,
sample5_0018.00_0021.00,sample5.mp4,,18.0,21.0,3.0,,,,,,,,,,,,,,,,,
sample5_0021.00_0024.00,sample5.mp4,,21.0,24.0,3.0,Y,1,Y,N,N,N,N,N,N,N,N,N,N,N,N,clear,
sample5_0024.00_0027.00,sample5.mp4,,24.0,27.0,3.0,,,,,,,,,,,,,,,,,
sample5_0027.00_0030.00,sample5.mp4,,27.0,30.0,3.0,,,,,,,,,,,,,,,,,
sample5_0030.00_0033.00,sample5.mp4,,30.0,33.0,3.0,Y,1,Y,N,N,N,N,N,N,N,N,N,Y,N,N,clear,
sample5_0033.00_0036.00,sample5.mp4,,33.0,36.0,3.0,,,,,,,,,,,,,,,,,
sample5_0036.00_0039.00,sample5.mp4,,36.0,39.0,3.0,,,,,,,,,,,,,,,,,
sample5_0039.00_0042.00,sample5.mp4,,39.0,42.0,3.0,,,,,,,,,,,,,,,,,
sample5_0042.00_0045.00,sample5.mp4,,42.0,45.0,3.0,,,,,,,,,,,,,,,,,
sample5_0045.00_0048.00,sample5.mp4,,45.0,48.0,3.0,,,,,,,,,,,,,,,,,
sample5_0048.00_0051.00,sample5.mp4,,48.0,51.0,3.0,Y,1,Y,N,N,N,N,N,N,N,N,N,Y,N,N,clear,
sample5_0051.00_0054.00,sample5.mp4,,51.0,54.0,3.0,,,,,,,,,,,,,,,,,
sample5_0054.00_0057.00,sample5.mp4,,54.0,57.0,3.0,,,,,,,,,,,,,,,,,
sample5_0057.00_0060.00,sample5.mp4,,57.0,60.0,3.0,Y,0,N,N,N,N,N,N,N,N,N,N,Y,N,N,clear,
sample5_0060.00_0063.00,sample5.mp4,,60.0,63.0,3.0,,,,,,,,,,,,,,,,,
sample5_0063.00_0066.00,sample5.mp4,,63.0,66.0,3.0,,,,,,,,,,,,,,,,,
sample5_0066.00_0069.00,sample5.mp4,,66.0,69.0,3.0,,,,,,,,,,,,,,,,,
sample5_0069.00_0072.00,sample5.mp4,,69.0,72.0,3.0,,,,,,,,,,,,,,,,,
sample5_0072.00_0075.00,sample5.mp4,,72.0,75.0,3.0,,,,,,,,,,,,,,,,,
sample5_0075.00_0078.00,sample5.mp4,,75.0,78.0,3.0,,,,N,N,N,N,N,N,N,N,N,Y,N,N,clear,
sample5_0078.00_0081.00,sample5.mp4,,78.0,81.0,3.0,Y,1,Y,N,N,N,N,N,N,N,N,N,N,N,N,clear,
sample5_0081.00_0084.00,sample5.mp4,,81.0,84.0,3.0,,,,,,,,,,,,,,,,,
sample5_0084.00_0087.00,sample5.mp4,,84.0,87.0,3.0,,,,,,,,,,,,,,,,,
sample5_0087.00_0090.00,sample5.mp4,,87.0,90.0,3.0,Y,1,Y,N,N,N,N,N,N,N,N,N,N,N,N,clear,
sample5_0090.00_0093.00,sample5.mp4,,90.0,93.0,3.0,,,,,,,,,,,,,,,,,
sample5_0093.00_0096.00,sample5.mp4,,93.0,96.0,3.0,,,,,,,,,,,,,,,,,
sample5_0096.00_0099.00,sample5.mp4,,96.0,99.0,3.0,,,,,,,,,,,,,,,,,
sample5_0099.00_0102.00,sample5.mp4,,99.0,102.0,3.0,,,,,,,,,,,,,,,,,
sample5_0102.00_0105.00,sample5.mp4,,102.0,105.0,3.0,,,,,,,,,,,,,,,,,
sample5_0105.00_0108.00,sample5.mp4,,105.0,108.0,3.0,,,,,,,,,,,,,,,,,
sample5_0108.00_0111.00,sample5.mp4,,108.0,111.0,3.0,,,,,,,,,,,,,,,,,
sample5_0111.00_0114.00,sample5.mp4,,111.0,114.0,3.0,Y,1,Y,N,N,N,N,N,N,N,N,N,N,N,N,clear,
sample5_0114.00_0117.00,sample5.mp4,,114.0,117.0,3.0,,,,,,,,,,,,,,,,,
sample5_0117.00_0120.00,sample5.mp4,,117.0,120.0,3.0,,,,,,,,,,,,,,,,,
sample5_0120.00_0123.00,sample5.mp4,,120.0,123.0,3.0,,,,,,,,,,,,,,,,,
sample5_0123.00_0126.00,sample5.mp4,,123.0,126.0,3.0,,,,,,,,,,,,,,,,,
sample5_0126.00_0129.00,sample5.mp4,,126.0,129.0,3.0,,,,,,,,,,,,,,,,,
sample5_0129.00_0132.00,sample5.mp4,,129.0,132.0,3.0,,,,,,,,,,,,,,,,,
sample5_0132.00_0135.00,sample5.mp4,,132.0,135.0,3.0,Y,1,Y,N,N,N,N,N,N,N,N,N,Y,N,N,clear,
sample5_0135.00_0138.00,sample5.mp4,,135.0,138.0,3.0,,,,,,,,,,,,,,,,,
sample5_0138.00_0141.00,sample5.mp4,,138.0,141.0,3.0,,,,,,,,,,,,,,,,,
sample5_0141.00_0144.00,sample5.mp4,,141.0,144.0,3.0,,,,,,,,,,,,,,,,,
sample5_0144.00_0147.00,sample5.mp4,,144.0,147.0,3.0,,,,,,,,,,,,,,,,,
sample5_0147.00_0150.00,sample5.mp4,,147.0,150.0,3.0,,,,,,,,,,,,,,,,,
sample5_0150.00_0153.00,sample5.mp4,,150.0,153.0,3.0,,,,,,,,,,,,,,,,,
sample5_0153.00_0156.00,sample5.mp4,,153.0,156.0,3.0,Y,1,Y,N,N,N,N,N,N,N,N,N,N,N,N,clear,
sample5_0156.00_0159.00,sample5.mp4,,156.0,159.0,3.0,,,,,,,,,,,,,,,,,
sample5_0159.00_0162.00,sample5.mp4,,159.0,162.0,3.0,,,,,,,,,,,,,,,,,
sample5_0162.00_0165.00,sample5.mp4,,162.0,165.0,3.0,,,,,,,,,,,,,,,,,
sample5_0165.00_0168.00,sample5.mp4,,165.0,168.0,3.0,,,,,,,,,,,,,,,,,
sample5_0168.00_0171.00,sample5.mp4,,168.0,171.0,3.0,,,,,,,,,,,,,,,,,
sample5_0171.00_0174.00,sample5.mp4,,171.0,174.0,3.0,,,,,,,,,,,,,,,,,
sample5_0174.00_0177.00,sample5.mp4,,174.0,177.0,3.0,,,,,,,,,,,,,,,,,
sample5_0177.00_0180.00,sample5.mp4,,177.0,180.0,3.0,,,,,,,,,,,,,,,,,
sample5_0180.00_0183.00,sample5.mp4,,180.0,183.0,3.0,,,,,,,,,,,,,,,,,
sample5_0183.00_0186.00,sample5.mp4,,183.0,186.0,3.0,,,,,,,,,,,,,,,,,
sample5_0186.00_0189.00,sample5.mp4,,186.0,189.0,3.0,,,,,,,,,,,,,,,,,
sample5_0189.00_0192.00,sample5.mp4,,189.0,192.0,3.0,,,,,,,,,,,,,,,,,
sample5_0192.00_0195.00,sample5.mp4,,192.0,195.0,3.0,,,,,,,,,,,,,,,,,
sample5_0195.00_0198.00,sample5.mp4,,195.0,198.0,3.0,,,,,,,,,,,,,,,,,
sample5_0198.00_0201.00,sample5.mp4,,198.0,201.0,3.0,,,,,,,,,,,,,,,,,
sample5_0201.00_0204.00,sample5.mp4,,201.0,204.0,3.0,,,,,,,,,,,,,,,,,
sample5_0204.00_0207.00,sample5.mp4,,204.0,207.0,3.0,,,,,,,,,,,,,,,,,
sample5_0207.00_0210.00,sample5.mp4,,207.0,210.0,3.0,,,,,,,,,,,,,,,,,
sample5_0210.00_0213.00,sample5.mp4,,210.0,213.0,3.0,,,,,,,,,,,,,,,,,
sample5_0213.00_0216.00,sample5.mp4,,213.0,216.0,3.0,,,,,,,,,,,,,,,,,
sample5_0216.00_0219.00,sample5.mp4,,216.0,219.0,3.0,,,,,,,,,,,,,,,,,
sample5_0219.00_0222.00,sample5.mp4,,219.0,222.0,3.0,,,,,,,,,,,,,,,,,
sample5_0222.00_0225.00,sample5.mp4,,222.0,225.0,3.0,,,,,,,,,,,,,,,,,
sample5_0225.00_0228.00,sample5.mp4,,225.0,228.0,3.0,,,,,,,,,,,,,,,,,
sample5_0228.00_0231.00,sample5.mp4,,228.0,231.0,3.0,,,,,,,,,,,,,,,,,
sample5_0231.00_0234.00,sample5.mp4,,231.0,234.0,3.0,,,,,,,,,,,,,,,,,
sample5_0234.00_0237.00,sample5.mp4,,234.0,237.0,3.0,,,,,,,,,,,,,,,,,
sample5_0237.00_0240.00,sample5.mp4,,237.0,240.0,3.0,Y,1,Y,N,N,N,N,N,N,N,N,N,Y,N,N,clear,
sample5_0240.00_0243.00,sample5.mp4,,240.0,243.0,3.0,,,,,,,,,,,,,,,,,
sample5_0243.00_0246.00,sample5.mp4,,243.0,246.0,3.0,,,,,,,,,,,,,,,,,
sample5_0246.00_0249.00,sample5.mp4,,246.0,249.0,3.0,,,,,,,,,,,,,,,,,
sample5_0249.00_0252.00,sample5.mp4,,249.0,252.0,3.0,,,,,,,,,,,,,,,,,
sample5_0252.00_0255.00,sample5.mp4,,252.0,255.0,3.0,Y,0,N,N,N,N,N,N,N,N,N,N,N,N,N,clear,
sample5_0255.00_0258.00,sample5.mp4,,255.0,258.0,3.0,,,,,,,,,,,,,,,,,
sample5_0258.00_0261.00,sample5.mp4,,258.0,261.0,3.0,,,,,,,,,,,,,,,,,
sample5_0261.00_0264.00,sample5.mp4,,261.0,264.0,3.0,,,,,,,,,,,,,,,,,
sample5_0264.00_0267.00,sample5.mp4,,264.0,267.0,3.0,,,,,,,,,,,,,,,,,
sample5_0267.00_0270.00,sample5.mp4,,267.0,270.0,3.0,,,,,,,,,,,,,,,,,
sample5_0270.00_0273.00,sample5.mp4,,270.0,273.0,3.0,,,,,,,,,,,,,,,,,
sample5_0273.00_0276.00,sample5.mp4,,273.0,276.0,3.0,,,,,,,,,,,,,,,,,
sample5_0276.00_0279.00,sample5.mp4,,276.0,279.0,3.0,,,,,,,,,,,,,,,,,
sample5_0279.00_0282.00,sample5.mp4,,279.0,282.0,3.0,,,,,,,,,,,,,,,,,
sample5_0282.00_0285.00,sample5.mp4,,282.0,285.0,3.0,,,,,,,,,,,,,,,,,
sample5_0285.00_0288.00,sample5.mp4,,285.0,288.0,3.0,Y,1,Y,N,N,N,N,N,N,N,N,N,N,N,N,clear,
sample5_0288.00_0291.00,sample5.mp4,,288.0,291.0,3.0,Y,2,N,Y,N,N,N,N,N,N,N,N,N,N,N,clear,
sample5_0291.00_0294.00,sample5.mp4,,291.0,294.0,3.0,,,,,,,,,,,,,,,,,
sample5_0294.00_0297.00,sample5.mp4,,294.0,297.0,3.0,,,,,,,,,,,,,,,,,
sample5_0297.00_0298.93,sample5.mp4,,297.0,298.93,1.93,,,,,,,,,,,,,,,,,
sample6_0000.00_0003.00,sample6.mp4,,0.0,3.0,3.0,,,,,,,,,,,,,,,,,
sample6_0003.00_0006.00,sample6.mp4,,3.0,6.0,3.0,,,,,,,,,,,,,,,,,
sample6_0006.00_0009.00,sample6.mp4,,6.0,9.0,3.0,,,,,,,,,,,,,,,,,
sample6_0009.00_0012.00,sample6.mp4,,9.0,12.0,3.0,,,,,,,,,,,,,,,,,
sample6_0012.00_0015.00,sample6.mp4,,12.0,15.0,3.0,,,,,,,,,,,,,,,,,
sample6_0015.00_0018.00,sample6.mp4,,15.0,18.0,3.0,,,,,,,,,,,,,,,,,
sample6_0018.00_0021.00,sample6.mp4,,18.0,21.0,3.0,Y,0,N,N,N,N,N,N,N,N,N,N,N,N,N,clear,
sample6_0021.00_0024.00,sample6.mp4,,21.0,24.0,3.0,,,,,,,,,,,,,,,,,
sample6_0024.00_0027.00,sample6.mp4,,24.0,27.0,3.0,,,,,,,,,,,,,,,,,
sample6_0027.00_0030.00,sample6.mp4,,27.0,30.0,3.0,,,,,,,,,,,,,,,,,
sample6_0030.00_0033.00,sample6.mp4,,30.0,33.0,3.0,,,,,,,,,,,,,,,,,
sample6_0033.00_0036.00,sample6.mp4,,33.0,36.0,3.0,,,,,,,,,,,,,,,,,
sample6_0036.00_0039.00,sample6.mp4,,36.0,39.0,3.0,,,,,,,,,,,,,,,,,
sample6_0039.00_0042.00,sample6.mp4,,39.0,42.0,3.0,Y,0,N,N,N,N,N,N,N,N,N,N,N,N,N,clear,
sample6_0042.00_0045.00,sample6.mp4,,42.0,45.0,3.0,,,,,,,,,,,,,,,,,
sample6_0045.00_0048.00,sample6.mp4,,45.0,48.0,3.0,,,,,,,,,,,,,,,,,
sample6_0048.00_0051.00,sample6.mp4,,48.0,51.0,3.0,,,,,,,,,,,,,,,,,
sample6_0051.00_0054.00,sample6.mp4,,51.0,54.0,3.0,,,,,,,,,,,,,,,,,
sample6_0054.00_0057.00,sample6.mp4,,54.0,57.0,3.0,,,,,,,,,,,,,,,,,
sample6_0057.00_0060.00,sample6.mp4,,57.0,60.0,3.0,,,,,,,,,,,,,,,,,
sample6_0060.00_0063.00,sample6.mp4,,60.0,63.0,3.0,,,,,,,,,,,,,,,,,
sample6_0063.00_0066.00,sample6.mp4,,63.0,66.0,3.0,,,,,,,,,,,,,,,,,
sample6_0066.00_0069.00,sample6.mp4,,66.0,69.0,3.0,,,,,,,,,,,,,,,,,
sample6_0069.00_0072.00,sample6.mp4,,69.0,72.0,3.0,,,,,,,,,,,,,,,,,
sample6_0072.00_0075.00,sample6.mp4,,72.0,75.0,3.0,,,,,,,,,,,,,,,,,
sample6_0075.00_0078.00,sample6.mp4,,75.0,78.0,3.0,,,,,,,,,,,,,,,,,
sample6_0078.00_0081.00,sample6.mp4,,78.0,81.0,3.0,,,,N,N,N,N,N,N,N,N,N,N,N,N,clear,
sample6_0081.00_0084.00,sample6.mp4,,81.0,84.0,3.0,,,,,,,,,,,,,,,,,
sample6_0084.00_0087.00,sample6.mp4,,84.0,87.0,3.0,,,,,,,,,,,,,,,,,
sample6_0087.00_0090.00,sample6.mp4,,87.0,90.0,3.0,,,,,,,,,,,,,,,,,
sample6_0090.00_0093.00,sample6.mp4,,90.0,93.0,3.0,,,,,,,,,,,,,,,,,
sample6_0093.00_0096.00,sample6.mp4,,93.0,96.0,3.0,,,,,,,,,,,,,,,,,
sample6_0096.00_0099.00,sample6.mp4,,96.0,99.0,3.0,,,,,,,,,,,,,,,,,
sample6_0099.00_0102.00,sample6.mp4,,99.0,102.0,3.0,,,,,,,,,,,,,,,,,
sample6_0102.00_0105.00,sample6.mp4,,102.0,105.0,3.0,,,,,,,,,,,,,,,,,
sample6_0105.00_0108.00,sample6.mp4,,105.0,108.0,3.0,,,,,,,,,,,,,,,,,
sample6_0108.00_0111.00,sample6.mp4,,108.0,111.0,3.0,,,,,,,,,,,,,,,,,
sample6_0111.00_0114.00,sample6.mp4,,111.0,114.0,3.0,,,,,,,,,,,,,,,,,
sample6_0114.00_0117.00,sample6.mp4,,114.0,117.0,3.0,Y,0,N,N,N,N,N,N,N,N,N,N,N,N,N,clear,
sample6_0117.00_0120.00,sample6.mp4,,117.0,120.0,3.0,,,,,,,,,,,,,,,,,
sample6_0120.00_0123.00,sample6.mp4,,120.0,123.0,3.0,,,,,,,,,,,,,,,,,
sample6_0123.00_0126.00,sample6.mp4,,123.0,126.0,3.0,Y,0,N,N,N,N,N,N,N,N,N,N,N,N,N,clear,
sample6_0126.00_0129.00,sample6.mp4,,126.0,129.0,3.0,,,,,,,,,,,,,,,,,
sample6_0129.00_0132.00,sample6.mp4,,129.0,132.0,3.0,,,,,,,,,,,,,,,,,
sample6_0132.00_0135.00,sample6.mp4,,132.0,135.0,3.0,,,,,,,,,,,,,,,,,
sample6_0135.00_0138.00,sample6.mp4,,135.0,138.0,3.0,,,,,,,,,,,,,,,,,
sample6_0138.00_0141.00,sample6.mp4,,138.0,141.0,3.0,,,,,,,,,,,,,,,,,
sample6_0141.00_0144.00,sample6.mp4,,141.0,144.0,3.0,,,,,,,,,,,,,,,,,
sample6_0144.00_0147.00,sample6.mp4,,144.0,147.0,3.0,,,,,,,,,,,,,,,,,
sample6_0147.00_0150.00,sample6.mp4,,147.0,150.0,3.0,,,,,,,,,,,,,,,,,
sample6_0150.00_0153.00,sample6.mp4,,150.0,153.0,3.0,Y,0,N,N,N,N,N,N,N,N,N,N,N,N,N,clear,
sample6_0153.00_0156.00,sample6.mp4,,153.0,156.0,3.0,,,,,,,,,,,,,,,,,
sample6_0156.00_0159.00,sample6.mp4,,156.0,159.0,3.0,,,,,,,,,,,,,,,,,
sample6_0159.00_0162.00,sample6.mp4,,159.0,162.0,3.0,,,,,,,,,,,,,,,,,
sample6_0162.00_0165.00,sample6.mp4,,162.0,165.0,3.0,,,,,,,,,,,,,,,,,
sample6_0165.00_0168.00,sample6.mp4,,165.0,168.0,3.0,,,,,,,,,,,,,,,,,
sample6_0168.00_0171.00,sample6.mp4,,168.0,171.0,3.0,Y,1,Y,N,N,N,N,N,N,N,N,N,N,N,N,clear,
sample6_0171.00_0174.00,sample6.mp4,,171.0,174.0,3.0,,,,,,,,,,,,,,,,,
sample6_0174.00_0177.00,sample6.mp4,,174.0,177.0,3.0,Y,0,N,N,N,N,N,N,N,N,N,N,N,N,N,clear,
sample6_0177.00_0180.00,sample6.mp4,,177.0,180.0,3.0,,,,,,,,,,,,,,,,,
sample6_0180.00_0183.00,sample6.mp4,,180.0,183.0,3.0,,,,,,,,,,,,,,,,,
sample6_0183.00_0186.00,sample6.mp4,,183.0,186.0,3.0,,,,,,,,,,,,,,,,,
sample6_0186.00_0189.00,sample6.mp4,,186.0,189.0,3.0,Y,0,N,N,N,N,N,N,N,N,N,N,N,N,N,clear,
sample6_0189.00_0192.00,sample6.mp4,,189.0,192.0,3.0,,,,,,,,,,,,,,,,,
sample6_0192.00_0195.00,sample6.mp4,,192.0,195.0,3.0,,,,,,,,,,,,,,,,,
sample6_0195.00_0198.00,sample6.mp4,,195.0,198.0,3.0,Y,0,N,N,N,N,N,N,N,N,N,N,N,N,N,clear,
sample6_0198.00_0201.00,sample6.mp4,,198.0,201.0,3.0,,,,,,,,,,,,,,,,,
sample6_0201.00_0204.00,sample6.mp4,,201.0,204.0,3.0,,,,,,,,,,,,,,,,,
sample6_0204.00_0207.00,sample6.mp4,,204.0,207.0,3.0,Y,0,N,N,N,N,N,N,N,N,N,N,N,N,N,clear,
sample6_0207.00_0210.00,sample6.mp4,,207.0,210.0,3.0,,,,,,,,,,,,,,,,,
sample6_0210.00_0213.00,sample6.mp4,,210.0,213.0,3.0,,,,,,,,,,,,,,,,,
sample6_0213.00_0216.00,sample6.mp4,,213.0,216.0,3.0,,,,,,,,,,,,,,,,,
sample6_0216.00_0219.00,sample6.mp4,,216.0,219.0,3.0,,,,,,,,,,,,,,,,,
sample6_0219.00_0222.00,sample6.mp4,,219.0,222.0,3.0,,,,,,,,,,,,,,,,,
sample6_0222.00_0225.00,sample6.mp4,,222.0,225.0,3.0,,,,,,,,,,,,,,,,,
sample6_0225.00_0228.00,sample6.mp4,,225.0,228.0,3.0,,,,,,,,,,,,,,,,,
sample6_0228.00_0231.00,sample6.mp4,,228.0,231.0,3.0,,,,,,,,,,,,,,,,,
sample6_0231.00_0234.00,sample6.mp4,,231.0,234.0,3.0,,,,,,,,,,,,,,,,,
sample6_0234.00_0237.00,sample6.mp4,,234.0,237.0,3.0,,,,,,,,,,,,,,,,,
sample6_0237.00_0240.00,sample6.mp4,,237.0,240.0,3.0,,,,,,,,,,,,,,,,,
sample6_0240.00_0243.00,sample6.mp4,,240.0,243.0,3.0,,,,,,,,,,,,,,,,,
sample6_0243.00_0246.00,sample6.mp4,,243.0,246.0,3.0,Y,0,N,N,N,N,N,N,N,N,N,N,N,N,N,clear,
sample6_0246.00_0248.47,sample6.mp4,,246.0,248.47,2.47,,,,,,,,,,,,,,,,,
sample7_0000.00_0003.00,sample7.mp4,,0.0,3.0,3.0,,,,,,,,,,,,,,,,,
sample7_0003.00_0006.00,sample7.mp4,,3.0,6.0,3.0,Y,0,N,N,N,N,N,N,N,N,N,N,Y,N,N,clear,
sample7_0006.00_0009.00,sample7.mp4,,6.0,9.0,3.0,,,,,,,,,,,,,,,,,
sample7_0009.00_0012.00,sample7.mp4,,9.0,12.0,3.0,,,,,,,,,,,,,,,,,
sample7_0012.00_0015.00,sample7.mp4,,12.0,15.0,3.0,,,,,,,,,,,,,,,,,
sample7_0015.00_0018.00,sample7.mp4,,15.0,18.0,3.0,,,,,,,,,,,,,,,,,
sample7_0018.00_0021.00,sample7.mp4,,18.0,21.0,3.0,,,,,,,,,,,,,,,,,
sample7_0021.00_0024.00,sample7.mp4,,21.0,24.0,3.0,,,,,,,,,,,,,,,,,
sample7_0024.00_0027.00,sample7.mp4,,24.0,27.0,3.0,,,,,,,,,,,,,,,,,
sample7_0027.00_0030.00,sample7.mp4,,27.0,30.0,3.0,,,,,,,,,,,,,,,,,
sample7_0030.00_0033.00,sample7.mp4,,30.0,33.0,3.0,,,,,,,,,,,,,,,,,
sample7_0033.00_0036.00,sample7.mp4,,33.0,36.0,3.0,,,,,,,,,,,,,,,,,
sample7_0036.00_0039.00,sample7.mp4,,36.0,39.0,3.0,Y,2,N,Y,N,N,N,N,N,N,Y,N,N,N,N,clear,
sample7_0039.00_0042.00,sample7.mp4,,39.0,42.0,3.0,,,,,,,,,,,,,,,,,
sample7_0042.00_0045.00,sample7.mp4,,42.0,45.0,3.0,Y,1,Y,N,N,N,N,N,N,N,N,N,Y,N,N,clear,
sample7_0045.00_0048.00,sample7.mp4,,45.0,48.0,3.0,,,,,,,,,,,,,,,,,
sample7_0048.00_0051.00,sample7.mp4,,48.0,51.0,3.0,,,,,,,,,,,,,,,,,
sample7_0051.00_0054.00,sample7.mp4,,51.0,54.0,3.0,,,,,,,,,,,,,,,,,
sample7_0054.00_0057.00,sample7.mp4,,54.0,57.0,3.0,,,,,,,,,,,,,,,,,
sample7_0057.00_0060.00,sample7.mp4,,57.0,60.0,3.0,,,,,,,,,,,,,,,,,
sample7_0060.00_0063.00,sample7.mp4,,60.0,63.0,3.0,,,,,,,,,,,,,,,,,
sample7_0063.00_0066.00,sample7.mp4,,63.0,66.0,3.0,,,,,,,,,,,,,,,,,
sample7_0066.00_0069.00,sample7.mp4,,66.0,69.0,3.0,Y,1,Y,N,N,N,N,N,N,N,N,N,Y,N,N,clear,
sample7_0069.00_0072.00,sample7.mp4,,69.0,72.0,3.0,,,,,,,,,,,,,,,,,
sample7_0072.00_0075.00,sample7.mp4,,72.0,75.0,3.0,,,,,,,,,,,,,,,,,
sample7_0075.00_0078.00,sample7.mp4,,75.0,78.0,3.0,,,,,,,,,,,,,,,,,
sample7_0078.00_0081.00,sample7.mp4,,78.0,81.0,3.0,,,,,,,,,,,,,,,,,
sample7_0081.00_0084.00,sample7.mp4,,81.0,84.0,3.0,,,,,,,,,,,,,,,,,
sample7_0084.00_0087.00,sample7.mp4,,84.0,87.0,3.0,,,,,,,,,,,,,,,,,
sample7_0087.00_0090.00,sample7.mp4,,87.0,90.0,3.0,,,,,,,,,,,,,,,,,
sample7_0090.00_0093.00,sample7.mp4,,90.0,93.0,3.0,,,,,,,,,,,,,,,,,
sample7_0093.00_0096.00,sample7.mp4,,93.0,96.0,3.0,,,,,,,,,,,,,,,,,
sample7_0096.00_0099.00,sample7.mp4,,96.0,99.0,3.0,Y,1,Y,N,N,N,N,N,N,N,N,N,Y,N,N,clear,
sample7_0099.00_0102.00,sample7.mp4,,99.0,102.0,3.0,,,,,,,,,,,,,,,,,
sample7_0102.00_0105.00,sample7.mp4,,102.0,105.0,3.0,,,,N,N,N,N,N,N,N,N,N,N,N,N,clear,
sample7_0105.00_0108.00,sample7.mp4,,105.0,108.0,3.0,Y,1,Y,N,N,N,N,N,N,N,N,N,Y,N,N,clear,
sample7_0108.00_0111.00,sample7.mp4,,108.0,111.0,3.0,,,,,,,,,,,,,,,,,
sample7_0111.00_0114.00,sample7.mp4,,111.0,114.0,3.0,,,,,,,,,,,,,,,,,
sample7_0114.00_0117.00,sample7.mp4,,114.0,117.0,3.0,,,,,,,,,,,,,,,,,
sample7_0117.00_0120.00,sample7.mp4,,117.0,120.0,3.0,,,,,,,,,,,,,,,,,
sample7_0120.00_0123.00,sample7.mp4,,120.0,123.0,3.0,,,,,,,,,,,,,,,,,
sample7_0123.00_0126.00,sample7.mp4,,123.0,126.0,3.0,,,,,,,,,,,,,,,,,
sample7_0126.00_0129.00,sample7.mp4,,126.0,129.0,3.0,,,,,,,,,,,,,,,,,
sample7_0129.00_0132.00,sample7.mp4,,129.0,132.0,3.0,,,,,,,,,,,,,,,,,
sample7_0132.00_0135.00,sample7.mp4,,132.0,135.0,3.0,,,,,,,,,,,,,,,,,
sample7_0135.00_0138.00,sample7.mp4,,135.0,138.0,3.0,,,,,,,,,,,,,,,,,
sample7_0138.00_0141.00,sample7.mp4,,138.0,141.0,3.0,,,,,,,,,,,,,,,,,
sample7_0141.00_0144.00,sample7.mp4,,141.0,144.0,3.0,,,,,,,,,,,,,,,,,
sample7_0144.00_0147.00,sample7.mp4,,144.0,147.0,3.0,,,,N,N,N,N,N,N,N,N,N,Y,N,N,clear,
sample7_0147.00_0150.00,sample7.mp4,,147.0,150.0,3.0,,,,,,,,,,,,,,,,,
sample7_0150.00_0153.00,sample7.mp4,,150.0,153.0,3.0,Y,2,N,Y,N,N,N,N,N,N,N,N,Y,N,N,clear,
sample7_0153.00_0156.00,sample7.mp4,,153.0,156.0,3.0,,,,,,,,,,,,,,,,,
sample7_0156.00_0159.00,sample7.mp4,,156.0,159.0,3.0,,,,,,,,,,,,,,,,,
sample7_0159.00_0162.00,sample7.mp4,,159.0,162.0,3.0,,,,,,,,,,,,,,,,,
sample7_0162.00_0165.00,sample7.mp4,,162.0,165.0,3.0,,,,,,,,,,,,,,,,,
sample7_0165.00_0168.00,sample7.mp4,,165.0,168.0,3.0,,,,,,,,,,,,,,,,,
sample7_0168.00_0171.00,sample7.mp4,,168.0,171.0,3.0,,,,,,,,,,,,,,,,,
sample7_0171.00_0174.00,sample7.mp4,,171.0,174.0,3.0,,,,,,,,,,,,,,,,,
sample7_0174.00_0177.00,sample7.mp4,,174.0,177.0,3.0,,,,,,,,,,,,,,,,,
sample7_0177.00_0180.00,sample7.mp4,,177.0,180.0,3.0,,,,,,,,,,,,,,,,,
sample7_0180.00_0183.00,sample7.mp4,,180.0,183.0,3.0,Y,2,,Y,N,N,N,N,Y,N,Y,N,Y,N,N,clear,
sample7_0183.00_0186.00,sample7.mp4,,183.0,186.0,3.0,,,,,,,,,,,,,,,,,
sample7_0186.00_0189.00,sample7.mp4,,186.0,189.0,3.0,,,,,,,,,,,,,,,,,
sample7_0189.00_0192.00,sample7.mp4,,189.0,192.0,3.0,,,,,,,,,,,,,,,,,
sample7_0192.00_0195.00,sample7.mp4,,192.0,195.0,3.0,,,,,,,,,,,,,,,,,
sample7_0195.00_0198.00,sample7.mp4,,195.0,198.0,3.0,,,,,,,,,,,,,,,,,
sample7_0198.00_0201.00,sample7.mp4,,198.0,201.0,3.0,,,,,,,,,,,,,,,,,
sample7_0201.00_0204.00,sample7.mp4,,201.0,204.0,3.0,,,,,,,,,,,,,,,,,
sample7_0204.00_0207.00,sample7.mp4,,204.0,207.0,3.0,,,,,,,,,,,,,,,,,
sample7_0207.00_0210.00,sample7.mp4,,207.0,210.0,3.0,,,,,,,,,,,,,,,,,
sample7_0210.00_0213.00,sample7.mp4,,210.0,213.0,3.0,,,,,,,,,,,,,,,,,
sample7_0213.00_0216.00,sample7.mp4,,213.0,216.0,3.0,,,,,,,,,,,,,,,,,
sample7_0216.00_0219.00,sample7.mp4,,216.0,219.0,3.0,,,,,,,,,,,,,,,,,
sample7_0219.00_0222.00,sample7.mp4,,219.0,222.0,3.0,,,,,,,,,,,,,,,,,
sample7_0222.00_0225.00,sample7.mp4,,222.0,225.0,3.0,Y,0,N,N,N,N,N,N,N,N,Y,N,Y,N,N,clear,
sample7_0225.00_0228.00,sample7.mp4,,225.0,228.0,3.0,Y,0,N,N,N,N,N,N,N,N,N,N,Y,N,N,clear,
sample7_0228.00_0231.00,sample7.mp4,,228.0,231.0,3.0,,,,,,,,,,,,,,,,,
sample7_0231.00_0234.00,sample7.mp4,,231.0,234.0,3.0,,,,,,,,,,,,,,,,,
sample7_0234.00_0237.00,sample7.mp4,,234.0,237.0,3.0,,,,,,,,,,,,,,,,,
sample7_0237.00_0240.00,sample7.mp4,,237.0,240.0,3.0,,,,,,,,,,,,,,,,,
sample7_0240.00_0243.00,sample7.mp4,,240.0,243.0,3.0,,,,,,,,,,,,,,,,,
sample7_0243.00_0246.00,sample7.mp4,,243.0,246.0,3.0,,,,,,,,,,,,,,,,,
sample7_0246.00_0249.00,sample7.mp4,,246.0,249.0,3.0,,,,,,,,,,,,,,,,,
sample7_0249.00_0252.00,sample7.mp4,,249.0,252.0,3.0,Y,0,N,N,N,N,N,N,N,N,N,N,Y,N,N,clear,
sample7_0252.00_0255.00,sample7.mp4,,252.0,255.0,3.0,,,,,,,,,,,,,,,,,
sample7_0255.00_0258.00,sample7.mp4,,255.0,258.0,3.0,,,,,,,,,,,,,,,,,
sample7_0258.00_0261.00,sample7.mp4,,258.0,261.0,3.0,,,,,,,,,,,,,,,,,
sample7_0261.00_0264.00,sample7.mp4,,261.0,264.0,3.0,,,,,,,,,,,,,,,,,
sample7_0264.00_0267.00,sample7.mp4,,264.0,267.0,3.0,,,,,,,,,,,,,,,,,
sample7_0267.00_0270.00,sample7.mp4,,267.0,270.0,3.0,,,,,,,,,,,,,,,,,
sample7_0270.00_0273.00,sample7.mp4,,270.0,273.0,3.0,,,,,,,,,,,,,,,,,
sample7_0273.00_0276.00,sample7.mp4,,273.0,276.0,3.0,Y,0,N,N,N,N,N,N,N,N,N,N,Y,N,N,clear,
sample7_0276.00_0279.00,sample7.mp4,,276.0,279.0,3.0,,,,,,,,,,,,,,,,,
sample7_0279.00_0282.00,sample7.mp4,,279.0,282.0,3.0,,,,,,,,,,,,,,,,,
sample7_0282.00_0285.00,sample7.mp4,,282.0,285.0,3.0,Y,0,N,N,N,N,N,N,N,N,N,N,Y,N,N,clear,
sample7_0285.00_0288.00,sample7.mp4,,285.0,288.0,3.0,,,,,,,,,,,,,,,,,
sample7_0288.00_0291.00,sample7.mp4,,288.0,291.0,3.0,,,,,,,,,,,,,,,,,
sample7_0291.00_0293.52,sample7.mp4,,291.0,293.52,2.52,,,,,,,,,,,,,,,,,
sample8_0000.00_0003.00,sample8.mp4,,0.0,3.0,3.0,Y,0,N,N,N,N,N,N,N,N,N,N,N,N,N,clear,
sample8_0003.00_0006.00,sample8.mp4,,3.0,6.0,3.0,,,,,,,,,,,,,,,,,
sample8_0006.00_0009.00,sample8.mp4,,6.0,9.0,3.0,,,,,,,,,,,,,,,,,
sample8_0009.00_0012.00,sample8.mp4,,9.0,12.0,3.0,,,,,,,,,,,,,,,,,
sample8_0012.00_0015.00,sample8.mp4,,12.0,15.0,3.0,,,,N,N,N,N,N,N,N,N,N,N,N,N,clear,
sample8_0015.00_0018.00,sample8.mp4,,15.0,18.0,3.0,,,,,,,,,,,,,,,,,
sample8_0018.00_0021.00,sample8.mp4,,18.0,21.0,3.0,Y,1,Y,N,N,N,N,N,N,N,N,N,N,N,N,clear,
sample8_0021.00_0024.00,sample8.mp4,,21.0,24.0,3.0,,,,,,,,,,,,,,,,,
sample8_0024.00_0027.00,sample8.mp4,,24.0,27.0,3.0,,,,,,,,,,,,,,,,,
sample8_0027.00_0030.00,sample8.mp4,,27.0,30.0,3.0,,,,,,,,,,,,,,,,,
sample8_0030.00_0033.00,sample8.mp4,,30.0,33.0,3.0,,,,,,,,,,,,,,,,,
sample8_0033.00_0036.00,sample8.mp4,,33.0,36.0,3.0,,,,,,,,,,,,,,,,,
sample8_0036.00_0039.00,sample8.mp4,,36.0,39.0,3.0,,,,,,,,,,,,,,,,,
sample8_0039.00_0042.00,sample8.mp4,,39.0,42.0,3.0,Y,1,Y,N,N,N,N,N,N,N,N,N,N,N,N,clear,
sample8_0042.00_0045.00,sample8.mp4,,42.0,45.0,3.0,Y,2,N,Y,N,N,N,N,N,N,N,N,N,N,N,clear,
sample8_0045.00_0048.00,sample8.mp4,,45.0,48.0,3.0,,,,,,,,,,,,,,,,,
sample8_0048.00_0051.00,sample8.mp4,,48.0,51.0,3.0,,,,,,,,,,,,,,,,,
sample8_0051.00_0054.00,sample8.mp4,,51.0,54.0,3.0,,,,,,,,,,,,,,,,,
sample8_0054.00_0057.00,sample8.mp4,,54.0,57.0,3.0,,,,,,,,,,,,,,,,,
sample8_0057.00_0060.00,sample8.mp4,,57.0,60.0,3.0,,,,,,,,,,,,,,,,,
sample8_0060.00_0063.00,sample8.mp4,,60.0,63.0,3.0,,,,,,,,,,,,,,,,,
sample8_0063.00_0066.00,sample8.mp4,,63.0,66.0,3.0,,,,,,,,,,,,,,,,,
sample8_0066.00_0069.00,sample8.mp4,,66.0,69.0,3.0,,,,,,,,,,,,,,,,,
sample8_0069.00_0072.00,sample8.mp4,,69.0,72.0,3.0,,,,,,,,,,,,,,,,,
sample8_0072.00_0075.00,sample8.mp4,,72.0,75.0,3.0,,,,,,,,,,,,,,,,,
sample8_0075.00_0078.00,sample8.mp4,,75.0,78.0,3.0,,,,,,,,,,,,,,,,,
sample8_0078.00_0081.00,sample8.mp4,,78.0,81.0,3.0,Y,1,Y,N,N,N,N,N,N,N,N,N,N,N,N,clear,
sample8_0081.00_0084.00,sample8.mp4,,81.0,84.0,3.0,,,,,,,,,,,,,,,,,
sample8_0084.00_0087.00,sample8.mp4,,84.0,87.0,3.0,,,,,,,,,,,,,,,,,
sample8_0087.00_0090.00,sample8.mp4,,87.0,90.0,3.0,,,,,,,,,,,,,,,,,
sample8_0090.00_0093.00,sample8.mp4,,90.0,93.0,3.0,,,,,,,,,,,,,,,,,
sample8_0093.00_0096.00,sample8.mp4,,93.0,96.0,3.0,,,,,,,,,,,,,,,,,
sample8_0096.00_0099.00,sample8.mp4,,96.0,99.0,3.0,,,,,,,,,,,,,,,,,
sample8_0099.00_0102.00,sample8.mp4,,99.0,102.0,3.0,,,,,,,,,,,,,,,,,
sample8_0102.00_0105.00,sample8.mp4,,102.0,105.0,3.0,,,,,,,,,,,,,,,,,
sample8_0105.00_0108.00,sample8.mp4,,105.0,108.0,3.0,,,,N,N,N,N,N,N,,,,,,,clear,
sample8_0108.00_0111.00,sample8.mp4,,108.0,111.0,3.0,,,,,,,,,,,,,,,,,
sample8_0111.00_0114.00,sample8.mp4,,111.0,114.0,3.0,,,,,,,,,,,,,,,,,
sample8_0114.00_0117.00,sample8.mp4,,114.0,117.0,3.0,,,,,,,,,,,,,,,,,
sample8_0117.00_0120.00,sample8.mp4,,117.0,120.0,3.0,,,,,,,,,,,,,,,,,
sample8_0120.00_0123.00,sample8.mp4,,120.0,123.0,3.0,,,,,,,,,,,,,,,,,
sample8_0123.00_0126.00,sample8.mp4,,123.0,126.0,3.0,,,,,,,,,,,,,,,,,
sample8_0126.00_0129.00,sample8.mp4,,126.0,129.0,3.0,Y,0,N,N,N,N,N,N,N,N,N,N,N,N,N,clear,
sample8_0129.00_0132.00,sample8.mp4,,129.0,132.0,3.0,Y,1,Y,N,N,N,N,N,N,N,N,N,N,N,N,clear,
sample8_0132.00_0135.00,sample8.mp4,,132.0,135.0,3.0,,,,,,,,,,,,,,,,,
sample8_0135.00_0138.00,sample8.mp4,,135.0,138.0,3.0,,,,,,,,,,,,,,,,,
sample8_0138.00_0141.00,sample8.mp4,,138.0,141.0,3.0,,,,,,,,,,,,,,,,,
sample8_0141.00_0144.00,sample8.mp4,,141.0,144.0,3.0,,,,N,N,N,N,N,N,Y,Y,N,N,N,N,clear,
sample8_0144.00_0147.00,sample8.mp4,,144.0,147.0,3.0,,,,,,,,,,,,,,,,,
sample8_0147.00_0150.00,sample8.mp4,,147.0,150.0,3.0,,,,,,,,,,,,,,,,,
sample8_0150.00_0153.00,sample8.mp4,,150.0,153.0,3.0,,,,,,,,,,,,,,,,,
sample8_0153.00_0156.00,sample8.mp4,,153.0,156.0,3.0,,,,,,,,,,,,,,,,,
sample8_0156.00_0159.00,sample8.mp4,,156.0,159.0,3.0,,,,,,,,,,,,,,,,,
sample8_0159.00_0162.00,sample8.mp4,,159.0,162.0,3.0,Y,1,Y,N,N,N,N,N,N,N,N,N,N,N,N,clear,
sample8_0162.00_0165.00,sample8.mp4,,162.0,165.0,3.0,,,,,,,,,,,,,,,,,
sample8_0165.00_0168.00,sample8.mp4,,165.0,168.0,3.0,,,,,,,,,,,,,,,,,
sample8_0168.00_0171.00,sample8.mp4,,168.0,171.0,3.0,,,,,,,,,,,,,,,,,
sample8_0171.00_0174.00,sample8.mp4,,171.0,174.0,3.0,,,,,,,,,,,,,,,,,
sample8_0174.00_0177.00,sample8.mp4,,174.0,177.0,3.0,,,,,,,,,,,,,,,,,
sample8_0177.00_0180.00,sample8.mp4,,177.0,180.0,3.0,,,,,,,,,,,,,,,,,
sample8_0180.00_0183.00,sample8.mp4,,180.0,183.0,3.0,,,,,,,,,,,,,,,,,
sample8_0183.00_0186.00,sample8.mp4,,183.0,186.0,3.0,,,,,,,,,,,,,,,,,
sample8_0186.00_0189.00,sample8.mp4,,186.0,189.0,3.0,Y,0,N,N,N,N,N,N,N,N,N,N,N,N,N,clear,
sample8_0189.00_0192.00,sample8.mp4,,189.0,192.0,3.0,,,,,,,,,,,,,,,,,
sample8_0192.00_0192.80,sample8.mp4,,192.0,192.8,0.8,,,,,,,,,,,,,,,,,
sample9_0000.00_0003.00,sample9.mp4,,0.0,3.0,3.0,,,,,,,,,,,,,,,,,
sample9_0003.00_0006.00,sample9.mp4,,3.0,6.0,3.0,,,,,,,,,,,,,,,,,
sample9_0006.00_0009.00,sample9.mp4,,6.0,9.0,3.0,,,,,,,,,,,,,,,,,
sample9_0009.00_0012.00,sample9.mp4,,9.0,12.0,3.0,Y,1,Y,N,N,N,N,N,N,N,N,N,N,N,N,clear,
sample9_0012.00_0015.00,sample9.mp4,,12.0,15.0,3.0,,,,,,,,,,,,,,,,,
sample9_0015.00_0018.00,sample9.mp4,,15.0,18.0,3.0,,,,,,,,,,,,,,,,,
sample9_0018.00_0021.00,sample9.mp4,,18.0,21.0,3.0,,,,,,,,,,,,,,,,,
sample9_0021.00_0024.00,sample9.mp4,,21.0,24.0,3.0,,,,,,,,,,,,,,,,,
sample9_0024.00_0027.00,sample9.mp4,,24.0,27.0,3.0,Y,1,Y,N,N,N,N,N,N,N,N,N,N,N,N,clear,
sample9_0027.00_0030.00,sample9.mp4,,27.0,30.0,3.0,,,,,,,,,,,,,,,,,
sample9_0030.00_0033.00,sample9.mp4,,30.0,33.0,3.0,,,,,,,,,,,,,,,,,
sample9_0033.00_0036.00,sample9.mp4,,33.0,36.0,3.0,,,,,,,,,,,,,,,,,
sample9_0036.00_0039.00,sample9.mp4,,36.0,39.0,3.0,,,,,,,,,,,,,,,,,
sample9_0039.00_0042.00,sample9.mp4,,39.0,42.0,3.0,,,,,,,,,,,,,,,,,
sample9_0042.00_0045.00,sample9.mp4,,42.0,45.0,3.0,,,,,,,,,,,,,,,,,
sample9_0045.00_0048.00,sample9.mp4,,45.0,48.0,3.0,,,,,,,,,,,,,,,,,
sample9_0048.00_0051.00,sample9.mp4,,48.0,51.0,3.0,Y,0,N,N,N,N,N,N,N,N,N,N,N,N,N,clear,
sample9_0051.00_0054.00,sample9.mp4,,51.0,54.0,3.0,,,,,,,,,,,,,,,,,
sample9_0054.00_0057.00,sample9.mp4,,54.0,57.0,3.0,,,,,,,,,,,,,,,,,
sample9_0057.00_0060.00,sample9.mp4,,57.0,60.0,3.0,,,,,,,,,,,,,,,,,
sample9_0060.00_0063.00,sample9.mp4,,60.0,63.0,3.0,,,,,,,,,,,,,,,,,
sample9_0063.00_0066.00,sample9.mp4,,63.0,66.0,3.0,Y,0,N,N,N,N,N,N,N,N,N,N,N,N,N,clear,
sample9_0066.00_0069.00,sample9.mp4,,66.0,69.0,3.0,,,,,,,,,,,,,,,,,
sample9_0069.00_0072.00,sample9.mp4,,69.0,72.0,3.0,,,,,,,,,,,,,,,,,
sample9_0072.00_0075.00,sample9.mp4,,72.0,75.0,3.0,,,,,,,,,,,,,,,,,
sample9_0075.00_0078.00,sample9.mp4,,75.0,78.0,3.0,Y,0,N,N,N,N,N,N,N,N,N,N,N,N,N,clear,
sample9_0078.00_0081.00,sample9.mp4,,78.0,81.0,3.0,,,,,,,,,,,,,,,,,
sample9_0081.00_0084.00,sample9.mp4,,81.0,84.0,3.0,,,,,,,,,,,,,,,,,
sample9_0084.00_0087.00,sample9.mp4,,84.0,87.0,3.0,Y,0,N,N,N,N,N,N,N,N,N,N,N,N,N,clear,
sample9_0087.00_0090.00,sample9.mp4,,87.0,90.0,3.0,Y,0,N,N,N,N,N,N,N,N,N,N,N,N,N,clear,
sample9_0090.00_0093.00,sample9.mp4,,90.0,93.0,3.0,,,,,,,,,,,,,,,,,
sample9_0093.00_0096.00,sample9.mp4,,93.0,96.0,3.0,,,,,,,,,,,,,,,,,
sample9_0096.00_0099.00,sample9.mp4,,96.0,99.0,3.0,,,,,,,,,,,,,,,,,
sample9_0099.00_0102.00,sample9.mp4,,99.0,102.0,3.0,,,,,,,,,,,,,,,,,
sample9_0102.00_0105.00,sample9.mp4,,102.0,105.0,3.0,,,,,,,,,,,,,,,,,
sample9_0105.00_0108.00,sample9.mp4,,105.0,108.0,3.0,,,,,,,,,,,,,,,,,
sample9_0108.00_0111.00,sample9.mp4,,108.0,111.0,3.0,,,,,,,,,,,,,,,,,
sample9_0111.00_0114.00,sample9.mp4,,111.0,114.0,3.0,,,,,,,,,,,,,,,,,
sample9_0114.00_0117.00,sample9.mp4,,114.0,117.0,3.0,,,,N,N,N,N,N,N,N,N,N,N,N,N,clear,
sample9_0117.00_0120.00,sample9.mp4,,117.0,120.0,3.0,,,,,,,,,,,,,,,,,
sample9_0120.00_0123.00,sample9.mp4,,120.0,123.0,3.0,,,,,,,,,,,,,,,,,
sample9_0123.00_0126.00,sample9.mp4,,123.0,126.0,3.0,,,,,,,,,,,,,,,,,
sample9_0126.00_0129.00,sample9.mp4,,126.0,129.0,3.0,,,,,,,,,,,,,,,,,
sample9_0129.00_0132.00,sample9.mp4,,129.0,132.0,3.0,Y,1,Y,N,N,N,N,N,N,Y,N,N,N,N,N,clear,
sample9_0132.00_0135.00,sample9.mp4,,132.0,135.0,3.0,,,,,,,,,,,,,,,,,
sample9_0135.00_0138.00,sample9.mp4,,135.0,138.0,3.0,,,,,,,,,,,,,,,,,
sample9_0138.00_0141.00,sample9.mp4,,138.0,141.0,3.0,Y,0,N,N,N,N,N,N,N,N,N,N,N,N,N,clear,
sample9_0141.00_0144.00,sample9.mp4,,141.0,144.0,3.0,,,,,,,,,,,,,,,,,
sample9_0144.00_0147.00,sample9.mp4,,144.0,147.0,3.0,Y,0,N,N,N,N,N,N,N,N,N,N,N,N,N,clear,
sample9_0147.00_0150.00,sample9.mp4,,147.0,150.0,3.0,,,,,,,,,,,,,,,,,
sample9_0150.00_0153.00,sample9.mp4,,150.0,153.0,3.0,,,,,,,,,,,,,,,,,
sample9_0153.00_0156.00,sample9.mp4,,153.0,156.0,3.0,,,,,,,,,,,,,,,,,
sample9_0156.00_0159.00,sample9.mp4,,156.0,159.0,3.0,,,,,,,,,,,,,,,,,
sample9_0159.00_0162.00,sample9.mp4,,159.0,162.0,3.0,,,,,,,,,,,,,,,,,
sample9_0162.00_0165.00,sample9.mp4,,162.0,165.0,3.0,Y,0,N,N,N,N,N,N,N,N,N,N,N,N,N,clear,
sample9_0165.00_0168.00,sample9.mp4,,165.0,168.0,3.0,Y,0,N,N,N,N,N,N,N,N,N,N,N,N,N,clear,
sample9_0168.00_0171.00,sample9.mp4,,168.0,171.0,3.0,,,,,,,,,,,,,,,,,
sample9_0171.00_0174.00,sample9.mp4,,171.0,174.0,3.0,Y,0,N,N,N,N,N,N,N,N,N,N,N,N,N,clear,
sample9_0174.00_0177.00,sample9.mp4,,174.0,177.0,3.0,,,,,,,,,,,,,,,,,
sample9_0177.00_0180.00,sample9.mp4,,177.0,180.0,3.0,Y,0,N,N,N,N,N,N,N,N,N,N,N,N,N,clear,
sample9_0180.00_0183.00,sample9.mp4,,180.0,183.0,3.0,,,,,,,,,,,,,,,,,
sample9_0183.00_0186.00,sample9.mp4,,183.0,186.0,3.0,,,,,,,,,,,,,,,,,
sample9_0186.00_0189.00,sample9.mp4,,186.0,189.0,3.0,Y,0,N,N,N,N,N,N,N,N,N,N,N,N,N,clear,
sample9_0189.00_0192.00,sample9.mp4,,189.0,192.0,3.0,,,,,,,,,,,,,,,,,
sample9_0192.00_0195.00,sample9.mp4,,192.0,195.0,3.0,Y,0,N,N,N,N,N,N,N,N,N,N,N,N,N,clear,
sample9_0195.00_0196.93,sample9.mp4,,195.0,196.93,1.93,,,,,,,,,,,,,,,,,
sample10_0000.00_0003.00,sample10.mp4,,0.0,3.0,3.0,,,,,,,,,,,,,,,,,
sample10_0003.00_0006.00,sample10.mp4,,3.0,6.0,3.0,Y,1,Y,N,N,N,N,N,N,N,N,N,N,N,N,clear,
sample10_0006.00_0009.00,sample10.mp4,,6.0,9.0,3.0,,,,,,,,,,,,,,,,,
sample10_0009.00_0012.00,sample10.mp4,,9.0,12.0,3.0,,,,,,,,,,,,,,,,,
sample10_0012.00_0015.00,sample10.mp4,,12.0,15.0,3.0,Y,0,N,N,N,N,N,N,N,N,N,N,N,N,N,clear,
sample10_0015.00_0018.00,sample10.mp4,,15.0,18.0,3.0,,,,,,,,,,,,,,,,,
sample10_0018.00_0021.00,sample10.mp4,,18.0,21.0,3.0,,,,,,,,,,,,,,,,,
sample10_0021.00_0024.00,sample10.mp4,,21.0,24.0,3.0,,,,,,,,,,,,,,,,,
sample10_0024.00_0027.00,sample10.mp4,,24.0,27.0,3.0,,,,,,,,,,,,,,,,,
sample10_0027.00_0030.00,sample10.mp4,,27.0,30.0,3.0,,,,,,,,,,,,,,,,,
sample10_0030.00_0033.00,sample10.mp4,,30.0,33.0,3.0,Y,0,N,N,N,N,N,N,N,N,N,N,N,N,N,clear,
sample10_0033.00_0036.00,sample10.mp4,,33.0,36.0,3.0,,,,,,,,,,,,,,,,,
sample10_0036.00_0039.00,sample10.mp4,,36.0,39.0,3.0,,,,N,N,N,N,N,N,,,,,,,clear,
sample10_0039.00_0042.00,sample10.mp4,,39.0,42.0,3.0,,,,,,,,,,,,,,,,,
sample10_0042.00_0045.00,sample10.mp4,,42.0,45.0,3.0,,,,,,,,,,,,,,,,,
sample10_0045.00_0048.00,sample10.mp4,,45.0,48.0,3.0,,,,,,,,,,,,,,,,,
sample10_0048.00_0051.00,sample10.mp4,,48.0,51.0,3.0,,,,,,,,,,,,,,,,,
sample10_0051.00_0054.00,sample10.mp4,,51.0,54.0,3.0,Y,1,Y,N,N,Y,N,N,N,N,N,N,N,N,N,clear,
sample10_0054.00_0057.00,sample10.mp4,,54.0,57.0,3.0,,,,,,,,,,,,,,,,,
sample10_0057.00_0060.00,sample10.mp4,,57.0,60.0,3.0,Y,1,Y,N,N,N,N,N,N,N,N,N,N,N,N,clear,
sample10_0060.00_0063.00,sample10.mp4,,60.0,63.0,3.0,,,,,,,,,,,,,,,,,
sample10_0063.00_0066.00,sample10.mp4,,63.0,66.0,3.0,,,,N,N,N,N,N,N,N,N,N,N,N,N,clear,
sample10_0066.00_0069.00,sample10.mp4,,66.0,69.0,3.0,,,,,,,,,,,,,,,,,
sample10_0069.00_0072.00,sample10.mp4,,69.0,72.0,3.0,,,,,,,,,,,,,,,,,
sample10_0072.00_0075.00,sample10.mp4,,72.0,75.0,3.0,,,,,,,,,,,,,,,,,
sample10_0075.00_0078.00,sample10.mp4,,75.0,78.0,3.0,,,,,,,,,,,,,,,,,
sample10_0078.00_0081.00,sample10.mp4,,78.0,81.0,3.0,Y,1,Y,N,N,N,N,N,N,N,N,N,N,N,N,clear,
sample10_0081.00_0084.00,sample10.mp4,,81.0,84.0,3.0,,,,,,,,,,,,,,,,,
sample10_0084.00_0087.00,sample10.mp4,,84.0,87.0,3.0,Y,1,Y,N,N,N,N,N,N,N,N,N,N,N,N,clear,
sample10_0087.00_0090.00,sample10.mp4,,87.0,90.0,3.0,,,,,,,,,,,,,,,,,
sample10_0090.00_0093.00,sample10.mp4,,90.0,93.0,3.0,Y,1,Y,N,N,Y,N,Y,N,N,Y,N,N,N,N,clear,
sample10_0093.00_0096.00,sample10.mp4,,93.0,96.0,3.0,,,,,,,,,,,,,,,,,
sample10_0096.00_0099.00,sample10.mp4,,96.0,99.0,3.0,,,,,,,,,,,,,,,,,
sample10_0099.00_0102.00,sample10.mp4,,99.0,102.0,3.0,Y,2,N,Y,N,N,N,N,N,N,N,N,N,N,N,clear,
sample10_0102.00_0105.00,sample10.mp4,,102.0,105.0,3.0,,,,,,,,,,,,,,,,,
sample10_0105.00_0108.00,sample10.mp4,,105.0,108.0,3.0,,,,,,,,,,,,,,,,,
sample10_0108.00_0111.00,sample10.mp4,,108.0,111.0,3.0,,,,,,,,,,,,,,,,,
sample10_0111.00_0114.00,sample10.mp4,,111.0,114.0,3.0,,,,,,,,,,,,,,,,,
sample10_0114.00_0117.00,sample10.mp4,,114.0,117.0,3.0,,,,,,,,,,,,,,,,,
sample10_0117.00_0120.00,sample10.mp4,,117.0,120.0,3.0,,,,,,,,,,,,,,,,,
sample10_0120.00_0123.00,sample10.mp4,,120.0,123.0,3.0,,,,,,,,,,,,,,,,,
sample10_0123.00_0126.00,sample10.mp4,,123.0,126.0,3.0,Y,0,N,N,N,N,N,N,N,N,N,N,N,N,N,clear,
sample10_0126.00_0129.00,sample10.mp4,,126.0,129.0,3.0,Y,1,Y,N,N,N,N,N,N,N,N,N,N,N,N,clear,
sample10_0129.00_0132.00,sample10.mp4,,129.0,132.0,3.0,,,,,,,,,,,,,,,,,
sample10_0132.00_0135.00,sample10.mp4,,132.0,135.0,3.0,,,,,,,,,,,,,,,,,
sample10_0135.00_0138.00,sample10.mp4,,135.0,138.0,3.0,Y,1,Y,N,N,N,N,N,N,N,N,N,N,N,N,clear,
sample10_0138.00_0141.00,sample10.mp4,,138.0,141.0,3.0,,,,,,,,,,,,,,,,,
sample10_0141.00_0144.00,sample10.mp4,,141.0,144.0,3.0,,,,,,,,,,,,,,,,,
sample10_0144.00_0147.00,sample10.mp4,,144.0,147.0,3.0,,,,,,,,,,,,,,,,,
sample10_0147.00_0150.00,sample10.mp4,,147.0,150.0,3.0,,,,,,,,,,,,,,,,,
sample10_0150.00_0153.00,sample10.mp4,,150.0,153.0,3.0,,,,,,,,,,,,,,,,,
sample10_0153.00_0156.00,sample10.mp4,,153.0,156.0,3.0,,,,,,,,,,,,,,,,,
sample10_0156.00_0159.00,sample10.mp4,,156.0,159.0,3.0,,,,,,,,,,,,,,,,,
sample10_0159.00_0162.00,sample10.mp4,,159.0,162.0,3.0,,,,,,,,,,,,,,,,,
sample10_0162.00_0165.00,sample10.mp4,,162.0,165.0,3.0,,,,,,,,,,,,,,,,,
sample10_0165.00_0168.00,sample10.mp4,,165.0,168.0,3.0,,,,,,,,,,,,,,,,,
sample10_0168.00_0171.00,sample10.mp4,,168.0,171.0,3.0,Y,1,Y,N,N,Y,N,N,N,N,N,N,N,N,N,clear,
sample10_0171.00_0174.00,sample10.mp4,,171.0,174.0,3.0,,,,,,,,,,,,,,,,,
sample10_0174.00_0177.00,sample10.mp4,,174.0,177.0,3.0,,,,,,,,,,,,,,,,,
sample10_0177.00_0180.00,sample10.mp4,,177.0,180.0,3.0,,,,,,,,,,,,,,,,,
sample10_0180.00_0183.00,sample10.mp4,,180.0,183.0,3.0,Y,1,Y,N,N,N,N,N,N,N,N,N,N,N,N,clear,
sample10_0183.00_0186.00,sample10.mp4,,183.0,186.0,3.0,,,,,,,,,,,,,,,,,
sample10_0186.00_0189.00,sample10.mp4,,186.0,189.0,3.0,,,,,,,,,,,,,,,,,
sample10_0189.00_0192.00,sample10.mp4,,189.0,192.0,3.0,Y,1,Y,N,N,N,N,N,N,N,N,N,N,N,N,clear,
sample10_0192.00_0195.00,sample10.mp4,,192.0,195.0,3.0,,,,,,,,,,,,,,,,,
sample10_0195.00_0198.00,sample10.mp4,,195.0,198.0,3.0,,,,,,,,,,,,,,,,,
sample10_0198.00_0201.00,sample10.mp4,,198.0,201.0,3.0,Y,0,N,N,N,N,N,N,N,N,N,N,N,N,N,clear,
sample10_0201.00_0204.00,sample10.mp4,,201.0,204.0,3.0,,,,,,,,,,,,,,,,,
sample10_0204.00_0207.00,sample10.mp4,,204.0,207.0,3.0,Y,1,Y,N,N,N,N,N,N,N,N,N,N,N,N,clear,
sample10_0207.00_0210.00,sample10.mp4,,207.0,210.0,3.0,,,,,,,,,,,,,,,,,
sample10_0210.00_0213.00,sample10.mp4,,210.0,213.0,3.0,,,,,,,,,,,,,,,,,
sample10_0213.00_0216.00,sample10.mp4,,213.0,216.0,3.0,,,,,,,,,,,,,,,,,
sample10_0216.00_0219.00,sample10.mp4,,216.0,219.0,3.0,,,,,,,,,,,,,,,,,
sample10_0219.00_0222.00,sample10.mp4,,219.0,222.0,3.0,,,,,,,,,,,,,,,,,
sample10_0222.00_0225.00,sample10.mp4,,222.0,225.0,3.0,,,,,,,,,,,,,,,,,
sample10_0225.00_0228.00,sample10.mp4,,225.0,228.0,3.0,Y,1,Y,N,N,N,N,N,N,N,N,N,N,N,N,clear,
sample10_0228.00_0231.00,sample10.mp4,,228.0,231.0,3.0,,,,,,,,,,,,,,,,,
sample10_0231.00_0234.00,sample10.mp4,,231.0,234.0,3.0,,,,,,,,,,,,,,,,,
sample10_0234.00_0237.00,sample10.mp4,,234.0,237.0,3.0,,,,,,,,,,,,,,,,,
sample10_0237.00_0240.00,sample10.mp4,,237.0,240.0,3.0,Y,0,N,N,N,Y,N,N,N,N,N,N,N,N,N,clear,
sample10_0240.00_0243.00,sample10.mp4,,240.0,243.0,3.0,,,,,,,,,,,,,,,,,
sample10_0243.00_0246.00,sample10.mp4,,243.0,246.0,3.0,,,,,,,,,,,,,,,,,
sample10_0246.00_0249.00,sample10.mp4,,246.0,249.0,3.0,Y,0,N,N,N,N,N,N,N,N,N,N,N,N,N,clear,
sample10_0249.00_0250.53,sample10.mp4,,249.0,250.53,1.53,,,,,,,,,,,,,,,,,
sample11_0000.00_0003.00,sample11.mp4,,0.0,3.0,3.0,,,,,,,,,,,,,,,,,
sample11_0003.00_0006.00,sample11.mp4,,3.0,6.0,3.0,,,,,,,,,,,,,,,,,
sample11_0006.00_0009.00,sample11.mp4,,6.0,9.0,3.0,,,,,,,,,,,,,,,,,
sample11_0009.00_0012.00,sample11.mp4,,9.0,12.0,3.0,,,,,,,,,,,,,,,,,
sample11_0012.00_0015.00,sample11.mp4,,12.0,15.0,3.0,,,,,,,,,,,,,,,,,
sample11_0015.00_0018.00,sample11.mp4,,15.0,18.0,3.0,,,,,,,,,,,,,,,,,
sample11_0018.00_0021.00,sample11.mp4,,18.0,21.0,3.0,Y,0,N,N,N,Y,N,N,N,N,N,N,N,N,Y,clear,
sample11_0021.00_0024.00,sample11.mp4,,21.0,24.0,3.0,,,,,,,,,,,,,,,,,
sample11_0024.00_0027.00,sample11.mp4,,24.0,27.0,3.0,,,,,,,,,,,,,,,,,
sample11_0027.00_0030.00,sample11.mp4,,27.0,30.0,3.0,,,,,,,,,,,,,,,,,
sample11_0030.00_0033.00,sample11.mp4,,30.0,33.0,3.0,,,,,,,,,,,,,,,,,
sample11_0033.00_0036.00,sample11.mp4,,33.0,36.0,3.0,Y,0,N,N,N,N,N,N,N,N,N,N,N,N,N,clear,
sample11_0036.00_0039.00,sample11.mp4,,36.0,39.0,3.0,,,,,,,,,,,,,,,,,
sample11_0039.00_0042.00,sample11.mp4,,39.0,42.0,3.0,Y,1,Y,N,N,N,N,N,N,N,N,N,N,N,N,clear,
sample11_0042.00_0045.00,sample11.mp4,,42.0,45.0,3.0,Y,0,N,N,N,N,N,N,N,N,N,N,N,N,N,clear,
sample11_0045.00_0048.00,sample11.mp4,,45.0,48.0,3.0,,,,,,,,,,,,,,,,,
sample11_0048.00_0051.00,sample11.mp4,,48.0,51.0,3.0,,,,,,,,,,,,,,,,,
sample11_0051.00_0054.00,sample11.mp4,,51.0,54.0,3.0,,,,,,,,,,,,,,,,,
sample11_0054.00_0057.00,sample11.mp4,,54.0,57.0,3.0,Y,0,N,N,N,N,N,N,N,N,N,N,N,N,N,clear,
sample11_0057.00_0060.00,sample11.mp4,,57.0,60.0,3.0,,,,,,,,,,,,,,,,,
sample11_0060.00_0063.00,sample11.mp4,,60.0,63.0,3.0,,,,,,,,,,,,,,,,,
sample11_0063.00_0066.00,sample11.mp4,,63.0,66.0,3.0,,,,,,,,,,,,,,,,,
sample11_0066.00_0069.00,sample11.mp4,,66.0,69.0,3.0,,,,,,,,,,,,,,,,,
sample11_0069.00_0072.00,sample11.mp4,,69.0,72.0,3.0,,,,,,,,,,,,,,,,,
sample11_0072.00_0075.00,sample11.mp4,,72.0,75.0,3.0,,,,,,,,,,,,,,,,,
sample11_0075.00_0078.00,sample11.mp4,,75.0,78.0,3.0,Y,0,N,N,N,N,N,N,N,N,N,N,N,N,N,clear,
sample11_0078.00_0081.00,sample11.mp4,,78.0,81.0,3.0,,,,,,,,,,,,,,,,,
sample11_0081.00_0084.00,sample11.mp4,,81.0,84.0,3.0,,,,,,,,,,,,,,,,,
sample11_0084.00_0087.00,sample11.mp4,,84.0,87.0,3.0,,,,,,,,,,,,,,,,,
sample11_0087.00_0090.00,sample11.mp4,,87.0,90.0,3.0,,,,,,,,,,,,,,,,,
sample11_0090.00_0093.00,sample11.mp4,,90.0,93.0,3.0,,,,,,,,,,,,,,,,,
sample11_0093.00_0096.00,sample11.mp4,,93.0,96.0,3.0,,,,,,,,,,,,,,,,,
sample11_0096.00_0099.00,sample11.mp4,,96.0,99.0,3.0,,,,,,,,,,,,,,,,,
sample11_0099.00_0102.00,sample11.mp4,,99.0,102.0,3.0,Y,2,N,Y,N,N,N,N,N,N,N,N,N,N,N,clear,
sample11_0102.00_0105.00,sample11.mp4,,102.0,105.0,3.0,,,,,,,,,,,,,,,,,
sample11_0105.00_0108.00,sample11.mp4,,105.0,108.0,3.0,,,,,,,,,,,,,,,,,
sample11_0108.00_0111.00,sample11.mp4,,108.0,111.0,3.0,,,,,,,,,,,,,,,,,
sample11_0111.00_0114.00,sample11.mp4,,111.0,114.0,3.0,,,,,,,,,,,,,,,,,
sample11_0114.00_0117.00,sample11.mp4,,114.0,117.0,3.0,,,,,,,,,,,,,,,,,
sample11_0117.00_0120.00,sample11.mp4,,117.0,120.0,3.0,,,,,,,,,,,,,,,,,
sample11_0120.00_0123.00,sample11.mp4,,120.0,123.0,3.0,,,,,,,,,,,,,,,,,
sample11_0123.00_0126.00,sample11.mp4,,123.0,126.0,3.0,,,,,,,,,,,,,,,,,
sample11_0126.00_0129.00,sample11.mp4,,126.0,129.0,3.0,Y,1,Y,N,N,N,N,N,N,N,N,N,N,N,N,clear,
sample11_0129.00_0132.00,sample11.mp4,,129.0,132.0,3.0,Y,1,Y,N,N,N,N,N,N,N,N,N,N,N,N,clear,
sample11_0132.00_0135.00,sample11.mp4,,132.0,135.0,3.0,,,,,,,,,,,,,,,,,
sample11_0135.00_0138.00,sample11.mp4,,135.0,138.0,3.0,,,,,,,,,,,,,,,,,
sample11_0138.00_0141.00,sample11.mp4,,138.0,141.0,3.0,,,,,,,,,,,,,,,,,
sample11_0141.00_0144.00,sample11.mp4,,141.0,144.0,3.0,,,,,,,,,,,,,,,,,
sample11_0144.00_0147.00,sample11.mp4,,144.0,147.0,3.0,,,,,,,,,,,,,,,,,
sample11_0147.00_0150.00,sample11.mp4,,147.0,150.0,3.0,,,,,,,,,,,,,,,,,
sample11_0150.00_0153.00,sample11.mp4,,150.0,153.0,3.0,,,,,,,,,,,,,,,,,
sample11_0153.00_0156.00,sample11.mp4,,153.0,156.0,3.0,,,,,,,,,,,,,,,,,
sample11_0156.00_0159.00,sample11.mp4,,156.0,159.0,3.0,,,,,,,,,,,,,,,,,
sample11_0159.00_0162.00,sample11.mp4,,159.0,162.0,3.0,Y,1,Y,N,N,N,N,N,N,N,N,N,N,N,N,clear,
sample11_0162.00_0165.00,sample11.mp4,,162.0,165.0,3.0,,,,,,,,,,,,,,,,,
sample11_0165.00_0168.00,sample11.mp4,,165.0,168.0,3.0,Y,0,N,N,N,N,N,N,N,N,N,N,N,N,N,clear,
sample11_0168.00_0171.00,sample11.mp4,,168.0,171.0,3.0,,,,,,,,,,,,,,,,,
sample11_0171.00_0174.00,sample11.mp4,,171.0,174.0,3.0,,,,,,,,,,,,,,,,,
sample11_0174.00_0177.00,sample11.mp4,,174.0,177.0,3.0,,,,,,,,,,,,,,,,,
sample11_0177.00_0180.00,sample11.mp4,,177.0,180.0,3.0,,,,,,,,,,,,,,,,,
sample11_0180.00_0183.00,sample11.mp4,,180.0,183.0,3.0,,,,,,,,,,,,,,,,,
sample11_0183.00_0186.00,sample11.mp4,,183.0,186.0,3.0,,,,,,,,,,,,,,,,,
sample11_0186.00_0189.00,sample11.mp4,,186.0,189.0,3.0,,,,,,,,,,,,,,,,,
sample11_0189.00_0192.00,sample11.mp4,,189.0,192.0,3.0,,,,,,,,,,,,,,,,,
sample11_0192.00_0195.00,sample11.mp4,,192.0,195.0,3.0,,,,,,,,,,,,,,,,,
sample11_0195.00_0198.00,sample11.mp4,,195.0,198.0,3.0,,,,,,,,,,,,,,,,,
sample11_0198.00_0201.00,sample11.mp4,,198.0,201.0,3.0,,,,,,,,,,,,,,,,,
sample11_0201.00_0204.00,sample11.mp4,,201.0,204.0,3.0,,,,,,,,,,,,,,,,,
sample11_0204.00_0207.00,sample11.mp4,,204.0,207.0,3.0,,,,,,,,,,,,,,,,,
sample11_0207.00_0210.00,sample11.mp4,,207.0,210.0,3.0,,,,,,,,,,,,,,,,,
sample11_0210.00_0213.00,sample11.mp4,,210.0,213.0,3.0,,,,,,,,,,,,,,,,,
sample11_0213.00_0216.00,sample11.mp4,,213.0,216.0,3.0,,,,,,,,,,,,,,,,,
sample11_0216.00_0219.00,sample11.mp4,,216.0,219.0,3.0,,,,,,,,,,,,,,,,,
sample11_0219.00_0222.00,sample11.mp4,,219.0,222.0,3.0,Y,0,N,N,N,N,N,N,N,N,Y,N,N,N,N,clear,
sample11_0222.00_0225.00,sample11.mp4,,222.0,225.0,3.0,,,,,,,,,,,,,,,,,
sample11_0225.00_0228.00,sample11.mp4,,225.0,228.0,3.0,Y,0,N,N,N,N,N,N,N,N,N,N,N,N,N,clear,
sample11_0228.00_0231.00,sample11.mp4,,228.0,231.0,3.0,,,,,,,,,,,,,,,,,
sample11_0231.00_0234.00,sample11.mp4,,231.0,234.0,3.0,,,,,,,,,,,,,,,,,
sample11_0234.00_0237.00,sample11.mp4,,234.0,237.0,3.0,,,,,,,,,,,,,,,,,
sample11_0237.00_0240.00,sample11.mp4,,237.0,240.0,3.0,Y,1,Y,N,N,N,N,N,N,N,Y,N,N,N,N,clear,
sample11_0240.00_0243.00,sample11.mp4,,240.0,243.0,3.0,,,,,,,,,,,,,,,,,
sample11_0243.00_0246.00,sample11.mp4,,243.0,246.0,3.0,,,,,,,,,,,,,,,,,
sample11_0246.00_0249.00,sample11.mp4,,246.0,249.0,3.0,Y,0,N,N,N,N,N,N,N,N,N,N,N,N,N,clear,
sample11_0249.00_0250.53,sample11.mp4,,249.0,250.53,1.53,,,,,,,,,,,,,,,,,
sample12_0000.00_0003.00,sample12.mp4,,0.0,3.0,3.0,,,,,,,,,,,,,,,,,
sample12_0003.00_0006.00,sample12.mp4,,3.0,6.0,3.0,,,,,,,,,,,,,,,,,
sample12_0006.00_0009.00,sample12.mp4,,6.0,9.0,3.0,,,,,,,,,,,,,,,,,
sample12_0009.00_0012.00,sample12.mp4,,9.0,12.0,3.0,,,,,,,,,,,,,,,,,
sample12_0012.00_0015.00,sample12.mp4,,12.0,15.0,3.0,Y,0,N,N,N,N,N,N,N,N,N,Y,N,N,N,clear,
sample12_0015.00_0018.00,sample12.mp4,,15.0,18.0,3.0,Y,1,Y,N,N,N,N,N,N,N,N,N,N,N,N,clear,
sample12_0018.00_0021.00,sample12.mp4,,18.0,21.0,3.0,,,,,,,,,,,,,,,,,
sample12_0021.00_0024.00,sample12.mp4,,21.0,24.0,3.0,Y,0,N,N,N,N,N,N,N,N,N,Y,N,N,N,clear,
sample12_0024.00_0027.00,sample12.mp4,,24.0,27.0,3.0,,,,,,,,,,,,,,,,,
sample12_0027.00_0030.00,sample12.mp4,,27.0,30.0,3.0,,,,,,,,,,,,,,,,,
sample12_0030.00_0033.00,sample12.mp4,,30.0,33.0,3.0,,,,,,,,,,,,,,,,,
sample12_0033.00_0036.00,sample12.mp4,,33.0,36.0,3.0,,,,,,,,,,,,,,,,,
sample12_0036.00_0039.00,sample12.mp4,,36.0,39.0,3.0,,,,,,,,,,,,,,,,,
sample12_0039.00_0042.00,sample12.mp4,,39.0,42.0,3.0,Y,0,N,N,N,N,N,N,N,N,N,Y,N,N,Y,clear,
sample12_0042.00_0045.00,sample12.mp4,,42.0,45.0,3.0,,,,,,,,,,,,,,,,,
sample12_0045.00_0048.00,sample12.mp4,,45.0,48.0,3.0,Y,0,N,N,N,N,N,N,N,N,N,Y,N,N,N,clear,
sample12_0048.00_0051.00,sample12.mp4,,48.0,51.0,3.0,,,,,,,,,,,,,,,,,
sample12_0051.00_0054.00,sample12.mp4,,51.0,54.0,3.0,,,,,,,,,,,,,,,,,
sample12_0054.00_0057.00,sample12.mp4,,54.0,57.0,3.0,,,,,,,,,,,,,,,,,
sample12_0057.00_0060.00,sample12.mp4,,57.0,60.0,3.0,,,,,,,,,,,,,,,,,
sample12_0060.00_0063.00,sample12.mp4,,60.0,63.0,3.0,,,,,,,,,,,,,,,,,
sample12_0063.00_0066.00,sample12.mp4,,63.0,66.0,3.0,,,,,,,,,,,,,,,,,
sample12_0066.00_0069.00,sample12.mp4,,66.0,69.0,3.0,,,,,,,,,,,,,,,,,
sample12_0069.00_0072.00,sample12.mp4,,69.0,72.0,3.0,,,,,,,,,,,,,,,,,
sample12_0072.00_0075.00,sample12.mp4,,72.0,75.0,3.0,,,,,,,,,,,,,,,,,
sample12_0075.00_0078.00,sample12.mp4,,75.0,78.0,3.0,,,,,,,,,,,,,,,,,
sample12_0078.00_0081.00,sample12.mp4,,78.0,81.0,3.0,,,,,,,,,,,,,,,,,
sample12_0081.00_0084.00,sample12.mp4,,81.0,84.0,3.0,,,,,,,,,,,,,,,,,
sample12_0084.00_0087.00,sample12.mp4,,84.0,87.0,3.0,,,,,,,,,,,,,,,,,
sample12_0087.00_0090.00,sample12.mp4,,87.0,90.0,3.0,Y,0,N,N,N,N,N,N,N,N,N,N,N,N,N,clear,
sample12_0090.00_0093.00,sample12.mp4,,90.0,93.0,3.0,,,,,,,,,,,,,,,,,
sample12_0093.00_0096.00,sample12.mp4,,93.0,96.0,3.0,Y,0,N,N,N,N,N,N,N,N,N,Y,N,N,N,clear,
sample12_0096.00_0099.00,sample12.mp4,,96.0,99.0,3.0,Y,0,N,N,N,N,N,N,N,N,N,N,N,N,N,clear,
sample12_0099.00_0102.00,sample12.mp4,,99.0,102.0,3.0,,,,,,,,,,,,,,,,,
sample12_0102.00_0105.00,sample12.mp4,,102.0,105.0,3.0,,,,,,,,,,,,,,,,,
sample12_0105.00_0108.00,sample12.mp4,,105.0,108.0,3.0,,,,,,,,,,,,,,,,,
sample12_0108.00_0111.00,sample12.mp4,,108.0,111.0,3.0,,,,,,,,,,,,,,,,,
sample12_0111.00_0114.00,sample12.mp4,,111.0,114.0,3.0,,,,,,,,,,,,,,,,,
sample12_0114.00_0117.00,sample12.mp4,,114.0,117.0,3.0,,,,,,,,,,,,,,,,,
sample12_0117.00_0120.00,sample12.mp4,,117.0,120.0,3.0,,,,,,,,,,,,,,,,,
sample12_0120.00_0123.00,sample12.mp4,,120.0,123.0,3.0,,,,,,,,,,,,,,,,,
sample12_0123.00_0126.00,sample12.mp4,,123.0,126.0,3.0,,,,,,,,,,,,,,,,,
sample12_0126.00_0129.00,sample12.mp4,,126.0,129.0,3.0,,,,,,,,,,,,,,,,,
sample12_0129.00_0132.00,sample12.mp4,,129.0,132.0,3.0,,,,,,,,,,,,,,,,,
sample12_0132.00_0135.00,sample12.mp4,,132.0,135.0,3.0,,,,,,,,,,,,,,,,,
sample12_0135.00_0138.00,sample12.mp4,,135.0,138.0,3.0,,,,,,,,,,,,,,,,,
sample12_0138.00_0141.00,sample12.mp4,,138.0,141.0,3.0,,,,,,,,,,,,,,,,,
sample12_0141.00_0144.00,sample12.mp4,,141.0,144.0,3.0,,,,,,,,,,,,,,,,,
sample12_0144.00_0147.00,sample12.mp4,,144.0,147.0,3.0,,,,,,,,,,,,,,,,,
sample12_0147.00_0150.00,sample12.mp4,,147.0,150.0,3.0,Y,0,N,N,N,N,N,N,N,N,N,N,N,N,N,clear,
sample12_0150.00_0153.00,sample12.mp4,,150.0,153.0,3.0,,,,,,,,,,,,,,,,,
sample12_0153.00_0156.00,sample12.mp4,,153.0,156.0,3.0,,,,,,,,,,,,,,,,,
sample12_0156.00_0159.00,sample12.mp4,,156.0,159.0,3.0,,,,,,,,,,,,,,,,,
sample12_0159.00_0162.00,sample12.mp4,,159.0,162.0,3.0,Y,0,N,N,N,N,N,N,N,N,N,Y,N,N,N,clear,
sample12_0162.00_0165.00,sample12.mp4,,162.0,165.0,3.0,,,,,,,,,,,,,,,,,
sample12_0165.00_0168.00,sample12.mp4,,165.0,168.0,3.0,Y,0,N,N,N,N,N,N,N,N,N,Y,N,N,N,clear,
sample12_0168.00_0171.00,sample12.mp4,,168.0,171.0,3.0,,,,,,,,,,,,,,,,,
sample12_0171.00_0174.00,sample12.mp4,,171.0,174.0,3.0,,,,,,,,,,,,,,,,,
sample12_0174.00_0177.00,sample12.mp4,,174.0,177.0,3.0,,,,,,,,,,,,,,,,,
sample12_0177.00_0180.00,sample12.mp4,,177.0,180.0,3.0,Y,0,N,N,N,N,N,N,N,N,N,Y,N,N,N,clear,
sample12_0180.00_0183.00,sample12.mp4,,180.0,183.0,3.0,Y,0,N,N,N,N,N,N,N,N,N,Y,N,N,N,clear,
sample12_0183.00_0186.00,sample12.mp4,,183.0,186.0,3.0,,,,,,,,,,,,,,,,,
sample12_0186.00_0189.00,sample12.mp4,,186.0,189.0,3.0,,,,,,,,,,,,,,,,,
sample12_0189.00_0192.00,sample12.mp4,,189.0,192.0,3.0,Y,0,N,N,N,N,N,N,N,N,N,N,N,N,N,clear,
sample12_0192.00_0195.00,sample12.mp4,,192.0,195.0,3.0,Y,0,N,N,N,N,N,N,N,N,N,Y,N,N,N,clear,
sample12_0195.00_0198.00,sample12.mp4,,195.0,198.0,3.0,,,,,,,,,,,,,,,,,
sample12_0198.00_0201.00,sample12.mp4,,198.0,201.0,3.0,,,,,,,,,,,,,,,,,
sample12_0201.00_0204.00,sample12.mp4,,201.0,204.0,3.0,,,,,,,,,,,,,,,,,
sample12_0204.00_0207.00,sample12.mp4,,204.0,207.0,3.0,,,,,,,,,,,,,,,,,
sample12_0207.00_0210.00,sample12.mp4,,207.0,210.0,3.0,,,,,,,,,,,,,,,,,
sample12_0210.00_0213.00,sample12.mp4,,210.0,213.0,3.0,Y,0,N,N,N,N,N,N,N,N,N,Y,N,N,N,clear,
sample12_0213.00_0216.00,sample12.mp4,,213.0,216.0,3.0,,,,,,,,,,,,,,,,,
sample12_0216.00_0219.00,sample12.mp4,,216.0,219.0,3.0,,,,,,,,,,,,,,,,,
sample12_0219.00_0222.00,sample12.mp4,,219.0,222.0,3.0,,,,,,,,,,,,,,,,,
sample12_0222.00_0225.00,sample12.mp4,,222.0,225.0,3.0,Y,0,N,N,N,N,N,N,N,N,N,Y,N,N,N,clear,
sample12_0225.00_0228.00,sample12.mp4,,225.0,228.0,3.0,Y,0,N,N,N,N,N,N,N,N,N,Y,N,N,N,clear,
sample12_0228.00_0231.00,sample12.mp4,,228.0,231.0,3.0,Y,1,Y,N,N,N,N,N,N,N,N,Y,N,N,N,clear,
sample12_0231.00_0234.00,sample12.mp4,,231.0,234.0,3.0,,,,,,,,,,,,,,,,,
sample12_0234.00_0234.94,sample12.mp4,,234.0,234.94,0.94,,,,,,,,,,,,,,,,,
sample13_0000.00_0003.00,sample13.mp4,,0.0,3.0,3.0,Y,0,N,N,N,N,N,N,N,N,N,N,N,N,N,clear,
sample13_0003.00_0006.00,sample13.mp4,,3.0,6.0,3.0,,,,,,,,,,,,,,,,,
sample13_0006.00_0009.00,sample13.mp4,,6.0,9.0,3.0,,,,,,,,,,,,,,,,,
sample13_0009.00_0012.00,sample13.mp4,,9.0,12.0,3.0,Y,1,Y,N,N,N,N,N,N,N,N,N,N,N,N,clear,
sample13_0012.00_0015.00,sample13.mp4,,12.0,15.0,3.0,,,,,,,,,,,,,,,,,
sample13_0015.00_0018.00,sample13.mp4,,15.0,18.0,3.0,,,,N,N,N,N,N,N,N,Y,N,N,N,N,clear,
sample13_0018.00_0021.00,sample13.mp4,,18.0,21.0,3.0,,,,,,,,,,,,,,,,,
sample13_0021.00_0024.00,sample13.mp4,,21.0,24.0,3.0,,,,,,,,,,,,,,,,,
sample13_0024.00_0027.00,sample13.mp4,,24.0,27.0,3.0,,,,,,,,,,,,,,,,,
sample13_0027.00_0030.00,sample13.mp4,,27.0,30.0,3.0,,,,,,,,,,,,,,,,,
sample13_0030.00_0033.00,sample13.mp4,,30.0,33.0,3.0,,,,,,,,,,,,,,,,,
sample13_0033.00_0036.00,sample13.mp4,,33.0,36.0,3.0,,,,,,,,,,,,,,,,,
sample13_0036.00_0039.00,sample13.mp4,,36.0,39.0,3.0,,,,,,,,,,,,,,,,,
sample13_0039.00_0042.00,sample13.mp4,,39.0,42.0,3.0,,,,,,,,,,,,,,,,,
sample13_0042.00_0045.00,sample13.mp4,,42.0,45.0,3.0,,,,,,,,,,,,,,,,,
sample13_0045.00_0048.00,sample13.mp4,,45.0,48.0,3.0,,,,,,,,,,,,,,,,,
sample13_0048.00_0051.00,sample13.mp4,,48.0,51.0,3.0,,,,,,,,,,,,,,,,,
sample13_0051.00_0054.00,sample13.mp4,,51.0,54.0,3.0,,,,,,,,,,,,,,,,,
sample13_0054.00_0057.00,sample13.mp4,,54.0,57.0,3.0,,,,,,,,,,,,,,,,,
sample13_0057.00_0060.00,sample13.mp4,,57.0,60.0,3.0,,,,,,,,,,,,,,,,,
sample13_0060.00_0063.00,sample13.mp4,,60.0,63.0,3.0,,,,,,,,,,,,,,,,,
sample13_0063.00_0066.00,sample13.mp4,,63.0,66.0,3.0,,,,,,,,,,,,,,,,,
sample13_0066.00_0069.00,sample13.mp4,,66.0,69.0,3.0,,,,,,,,,,,,,,,,,
sample13_0069.00_0072.00,sample13.mp4,,69.0,72.0,3.0,,,,,,,,,,,,,,,,,
sample13_0072.00_0075.00,sample13.mp4,,72.0,75.0,3.0,Y,1,Y,N,N,N,N,N,N,N,Y,N,N,N,N,clear,
sample13_0075.00_0078.00,sample13.mp4,,75.0,78.0,3.0,,,,,,,,,,,,,,,,,
sample13_0078.00_0081.00,sample13.mp4,,78.0,81.0,3.0,,,,,,,,,,,,,,,,,
sample13_0081.00_0084.00,sample13.mp4,,81.0,84.0,3.0,Y,1,Y,N,N,N,N,N,N,N,Y,N,N,N,N,clear,
sample13_0084.00_0087.00,sample13.mp4,,84.0,87.0,3.0,,,,,,,,,,,,,,,,,
sample13_0087.00_0090.00,sample13.mp4,,87.0,90.0,3.0,,,,,,,,,,,,,,,,,
sample13_0090.00_0093.00,sample13.mp4,,90.0,93.0,3.0,,,,,,,,,,,,,,,,,
sample13_0093.00_0096.00,sample13.mp4,,93.0,96.0,3.0,,,,,,,,,,,,,,,,,
sample13_0096.00_0099.00,sample13.mp4,,96.0,99.0,3.0,,,,,,,,,,,,,,,,,
sample13_0099.00_0102.00,sample13.mp4,,99.0,102.0,3.0,,,,,,,,,,,,,,,,,
sample13_0102.00_0105.00,sample13.mp4,,102.0,105.0,3.0,,,,,,,,,,,,,,,,,
sample13_0105.00_0108.00,sample13.mp4,,105.0,108.0,3.0,,,,,,,,,,,,,,,,,
sample13_0108.00_0111.00,sample13.mp4,,108.0,111.0,3.0,,,,,,,,,,,,,,,,,
sample13_0111.00_0114.00,sample13.mp4,,111.0,114.0,3.0,,,,,,,,,,,,,,,,,
sample13_0114.00_0117.00,sample13.mp4,,114.0,117.0,3.0,,,,,,,,,,,,,,,,,
sample13_0117.00_0120.00,sample13.mp4,,117.0,120.0,3.0,,,,,,,,,,,,,,,,,
sample13_0120.00_0123.00,sample13.mp4,,120.0,123.0,3.0,,,,,,,,,,,,,,,,,
sample13_0123.00_0126.00,sample13.mp4,,123.0,126.0,3.0,,,,,,,,,,,,,,,,,
sample13_0126.00_0129.00,sample13.mp4,,126.0,129.0,3.0,Y,1,Y,N,N,N,N,N,N,N,Y,N,N,N,N,clear,
sample13_0129.00_0132.00,sample13.mp4,,129.0,132.0,3.0,Y,0,N,N,N,N,N,N,N,N,Y,N,N,N,N,clear,
sample13_0132.00_0135.00,sample13.mp4,,132.0,135.0,3.0,,,,,,,,,,,,,,,,,
sample13_0135.00_0138.00,sample13.mp4,,135.0,138.0,3.0,,,,,,,,,,,,,,,,,
sample13_0138.00_0141.00,sample13.mp4,,138.0,141.0,3.0,,,,,,,,,,,,,,,,,
sample13_0141.00_0144.00,sample13.mp4,,141.0,144.0,3.0,,,,,,,,,,,,,,,,,
sample13_0144.00_0147.00,sample13.mp4,,144.0,147.0,3.0,,,,,,,,,,,,,,,,,
sample13_0147.00_0150.00,sample13.mp4,,147.0,150.0,3.0,,,,,,,,,,,,,,,,,
sample13_0150.00_0153.00,sample13.mp4,,150.0,153.0,3.0,,,,,,,,,,,,,,,,,
sample13_0153.00_0156.00,sample13.mp4,,153.0,156.0,3.0,,,,,,,,,,,,,,,,,
sample13_0156.00_0159.00,sample13.mp4,,156.0,159.0,3.0,,,,,,,,,,,,,,,,,
sample13_0159.00_0162.00,sample13.mp4,,159.0,162.0,3.0,,,,,,,,,,,,,,,,,
sample13_0162.00_0165.00,sample13.mp4,,162.0,165.0,3.0,,,,,,,,,,,,,,,,,
sample13_0165.00_0168.00,sample13.mp4,,165.0,168.0,3.0,,,,,,,,,,,,,,,,,
sample13_0168.00_0171.00,sample13.mp4,,168.0,171.0,3.0,,,,,,,,,,,,,,,,,
sample13_0171.00_0174.00,sample13.mp4,,171.0,174.0,3.0,,,,,,,,,,,,,,,,,
sample13_0174.00_0177.00,sample13.mp4,,174.0,177.0,3.0,,,,,,,,,,,,,,,,,
sample13_0177.00_0180.00,sample13.mp4,,177.0,180.0,3.0,,,,,,,,,,,,,,,,,
sample13_0180.00_0183.00,sample13.mp4,,180.0,183.0,3.0,Y,0,N,N,N,N,N,N,N,N,N,N,N,N,N,clear,
sample13_0183.00_0186.00,sample13.mp4,,183.0,186.0,3.0,Y,1,Y,N,N,N,N,N,N,N,Y,N,N,N,N,clear,
sample13_0186.00_0189.00,sample13.mp4,,186.0,189.0,3.0,,,,,,,,,,,,,,,,,
sample13_0189.00_0192.00,sample13.mp4,,189.0,192.0,3.0,Y,0,N,N,N,N,N,N,N,N,N,N,N,N,N,clear,
sample13_0192.00_0195.00,sample13.mp4,,192.0,195.0,3.0,,,,,,,,,,,,,,,,,
sample13_0195.00_0198.00,sample13.mp4,,195.0,198.0,3.0,,,,,,,,,,,,,,,,,
sample13_0198.00_0201.00,sample13.mp4,,198.0,201.0,3.0,,,,,,,,,,,,,,,,,
sample13_0201.00_0204.00,sample13.mp4,,201.0,204.0,3.0,,,,,,,,,,,,,,,,,
sample13_0204.00_0207.00,sample13.mp4,,204.0,207.0,3.0,,,,,,,,,,,,,,,,,
sample13_0207.00_0210.00,sample13.mp4,,207.0,210.0,3.0,,,,,,,,,,,,,,,,,
sample13_0210.00_0213.00,sample13.mp4,,210.0,213.0,3.0,,,,,,,,,,,,,,,,,
sample13_0213.00_0216.00,sample13.mp4,,213.0,216.0,3.0,,,,,,,,,,,,,,,,,
sample13_0216.00_0219.00,sample13.mp4,,216.0,219.0,3.0,,,,,,,,,,,,,,,,,
sample13_0219.00_0222.00,sample13.mp4,,219.0,222.0,3.0,Y,0,N,N,N,N,N,N,N,N,N,N,N,N,N,clear,
sample13_0222.00_0225.00,sample13.mp4,,222.0,225.0,3.0,,,,,,,,,,,,,,,,,
sample13_0225.00_0228.00,sample13.mp4,,225.0,228.0,3.0,,,,,,,,,,,,,,,,,
sample13_0228.00_0231.00,sample13.mp4,,228.0,231.0,3.0,,,,,,,,,,,,,,,,,
sample13_0231.00_0234.00,sample13.mp4,,231.0,234.0,3.0,,,,,,,,,,,,,,,,,
sample13_0234.00_0237.00,sample13.mp4,,234.0,237.0,3.0,,,,,,,,,,,,,,,,,
sample13_0237.00_0240.00,sample13.mp4,,237.0,240.0,3.0,,,,,,,,,,,,,,,,,
sample13_0240.00_0243.00,sample13.mp4,,240.0,243.0,3.0,,,,,,,,,,,,,,,,,
sample13_0243.00_0246.00,sample13.mp4,,243.0,246.0,3.0,,,,,,,,,,,,,,,,,
sample13_0246.00_0249.00,sample13.mp4,,246.0,249.0,3.0,,,,,,,,,,,,,,,,,
sample13_0249.00_0252.00,sample13.mp4,,249.0,252.0,3.0,,,,,,,,,,,,,,,,,
sample13_0252.00_0255.00,sample13.mp4,,252.0,255.0,3.0,,,,N,N,N,N,N,N,N,Y,N,N,N,N,clear,
sample13_0255.00_0258.00,sample13.mp4,,255.0,258.0,3.0,,,,,,,,,,,,,,,,,
sample13_0258.00_0261.00,sample13.mp4,,258.0,261.0,3.0,,,,,,,,,,,,,,,,,
sample13_0261.00_0262.14,sample13.mp4,,261.0,262.14,1.14,,,,,,,,,,,,,,,,,
sample14_0000.00_0003.00,sample14.mp4,,0.0,3.0,3.0,,,,,,,,,,,,,,,,,
sample14_0003.00_0006.00,sample14.mp4,,3.0,6.0,3.0,,,,,,,,,,,,,,,,,
sample14_0006.00_0009.00,sample14.mp4,,6.0,9.0,3.0,,,,,,,,,,,,,,,,,
sample14_0009.00_0012.00,sample14.mp4,,9.0,12.0,3.0,Y,0,N,N,N,N,N,N,N,N,N,N,N,N,N,clear,
sample14_0012.00_0015.00,sample14.mp4,,12.0,15.0,3.0,,,,,,,,,,,,,,,,,
sample14_0015.00_0018.00,sample14.mp4,,15.0,18.0,3.0,,,,,,,,,,,,,,,,,
sample14_0018.00_0021.00,sample14.mp4,,18.0,21.0,3.0,,,,,,,,,,,,,,,,,
sample14_0021.00_0024.00,sample14.mp4,,21.0,24.0,3.0,,,,,,,,,,,,,,,,,
sample14_0024.00_0027.00,sample14.mp4,,24.0,27.0,3.0,,,,,,,,,,,,,,,,,
sample14_0027.00_0030.00,sample14.mp4,,27.0,30.0,3.0,,,,,,,,,,,,,,,,,
sample14_0030.00_0033.00,sample14.mp4,,30.0,33.0,3.0,Y,0,N,N,N,N,N,N,N,N,N,N,N,N,N,clear,
sample14_0033.00_0036.00,sample14.mp4,,33.0,36.0,3.0,,,,,,,,,,,,,,,,,
sample14_0036.00_0039.00,sample14.mp4,,36.0,39.0,3.0,Y,0,N,N,N,N,N,N,N,N,N,N,N,N,N,clear,
sample14_0039.00_0042.00,sample14.mp4,,39.0,42.0,3.0,,,,,,,,,,,,,,,,,
sample14_0042.00_0045.00,sample14.mp4,,42.0,45.0,3.0,,,,,,,,,,,,,,,,,
sample14_0045.00_0048.00,sample14.mp4,,45.0,48.0,3.0,,,,,,,,,,,,,,,,,
sample14_0048.00_0051.00,sample14.mp4,,48.0,51.0,3.0,,,,,,,,,,,,,,,,,
sample14_0051.00_0054.00,sample14.mp4,,51.0,54.0,3.0,,,,,,,,,,,,,,,,,
sample14_0054.00_0057.00,sample14.mp4,,54.0,57.0,3.0,,,,,,,,,,,,,,,,,
sample14_0057.00_0060.00,sample14.mp4,,57.0,60.0,3.0,,,,,,,,,,,,,,,,,
sample14_0060.00_0063.00,sample14.mp4,,60.0,63.0,3.0,,,,,,,,,,,,,,,,,
sample14_0063.00_0066.00,sample14.mp4,,63.0,66.0,3.0,Y,0,N,N,N,N,N,N,N,N,N,N,N,N,N,clear,
sample14_0066.00_0069.00,sample14.mp4,,66.0,69.0,3.0,,,,,,,,,,,,,,,,,
sample14_0069.00_0072.00,sample14.mp4,,69.0,72.0,3.0,,,,,,,,,,,,,,,,,
sample14_0072.00_0075.00,sample14.mp4,,72.0,75.0,3.0,Y,0,N,N,N,N,N,N,N,N,N,N,N,N,N,clear,
sample14_0075.00_0078.00,sample14.mp4,,75.0,78.0,3.0,Y,0,N,N,N,N,N,N,N,N,N,N,N,N,N,clear,
sample14_0078.00_0081.00,sample14.mp4,,78.0,81.0,3.0,,,,,,,,,,,,,,,,,
sample14_0081.00_0084.00,sample14.mp4,,81.0,84.0,3.0,Y,0,N,N,N,N,N,N,N,N,N,N,N,N,N,clear,
sample14_0084.00_0087.00,sample14.mp4,,84.0,87.0,3.0,,,,,,,,,,,,,,,,,
sample14_0087.00_0090.00,sample14.mp4,,87.0,90.0,3.0,,,,,,,,,,,,,,,,,
sample14_0090.00_0093.00,sample14.mp4,,90.0,93.0,3.0,,,,,,,,,,,,,,,,,
sample14_0093.00_0096.00,sample14.mp4,,93.0,96.0,3.0,,,,,,,,,,,,,,,,,
sample14_0096.00_0099.00,sample14.mp4,,96.0,99.0,3.0,Y,0,N,N,N,N,N,N,N,N,N,N,N,N,N,clear,
sample14_0099.00_0102.00,sample14.mp4,,99.0,102.0,3.0,Y,0,N,N,N,N,N,N,N,N,N,N,N,N,N,clear,
sample14_0102.00_0105.00,sample14.mp4,,102.0,105.0,3.0,,,,,,,,,,,,,,,,,
sample14_0105.00_0108.00,sample14.mp4,,105.0,108.0,3.0,,,,,,,,,,,,,,,,,
sample14_0108.00_0111.00,sample14.mp4,,108.0,111.0,3.0,Y,0,N,N,N,N,N,N,N,N,N,N,N,N,N,clear,
sample14_0111.00_0114.00,sample14.mp4,,111.0,114.0,3.0,,,,,,,,,,,,,,,,,
sample14_0114.00_0117.00,sample14.mp4,,114.0,117.0,3.0,,,,,,,,,,,,,,,,,
sample14_0117.00_0120.00,sample14.mp4,,117.0,120.0,3.0,,,,,,,,,,,,,,,,,
sample14_0120.00_0123.00,sample14.mp4,,120.0,123.0,3.0,,,,,,,,,,,,,,,,,
sample14_0123.00_0126.00,sample14.mp4,,123.0,126.0,3.0,,,,,,,,,,,,,,,,,
sample14_0126.00_0129.00,sample14.mp4,,126.0,129.0,3.0,,,,,,,,,,,,,,,,,
sample14_0129.00_0132.00,sample14.mp4,,129.0,132.0,3.0,Y,0,N,N,N,N,N,N,N,N,N,N,N,N,N,clear,
sample14_0132.00_0135.00,sample14.mp4,,132.0,135.0,3.0,,,,,,,,,,,,,,,,,
sample14_0135.00_0138.00,sample14.mp4,,135.0,138.0,3.0,,,,,,,,,,,,,,,,,
sample14_0138.00_0141.00,sample14.mp4,,138.0,141.0,3.0,Y,0,N,N,N,N,N,N,N,N,N,N,N,N,N,clear,
sample14_0141.00_0144.00,sample14.mp4,,141.0,144.0,3.0,,,,,,,,,,,,,,,,,
sample14_0144.00_0147.00,sample14.mp4,,144.0,147.0,3.0,Y,0,N,N,N,N,N,N,N,N,N,N,N,N,N,clear,
sample14_0147.00_0150.00,sample14.mp4,,147.0,150.0,3.0,,,,,,,,,,,,,,,,,
sample14_0150.00_0153.00,sample14.mp4,,150.0,153.0,3.0,,,,,,,,,,,,,,,,,
sample14_0153.00_0156.00,sample14.mp4,,153.0,156.0,3.0,,,,,,,,,,,,,,,,,
sample14_0156.00_0159.00,sample14.mp4,,156.0,159.0,3.0,,,,,,,,,,,,,,,,,
sample14_0159.00_0162.00,sample14.mp4,,159.0,162.0,3.0,,,,,,,,,,,,,,,,,
sample14_0162.00_0165.00,sample14.mp4,,162.0,165.0,3.0,,,,,,,,,,,,,,,,,
sample14_0165.00_0168.00,sample14.mp4,,165.0,168.0,3.0,,,,,,,,,,,,,,,,,
sample14_0168.00_0171.00,sample14.mp4,,168.0,171.0,3.0,,,,,,,,,,,,,,,,,
sample14_0171.00_0174.00,sample14.mp4,,171.0,174.0,3.0,,,,,,,,,,,,,,,,,
sample14_0174.00_0177.00,sample14.mp4,,174.0,177.0,3.0,Y,0,N,N,N,N,N,N,N,N,N,N,N,N,N,clear,
sample14_0177.00_0180.00,sample14.mp4,,177.0,180.0,3.0,,,,,,,,,,,,,,,,,
sample14_0180.00_0180.48,sample14.mp4,,180.0,180.48,0.48,,,,,,,,,,,,,,,,,
sample15_0000.00_0003.00,sample15.mp4,,0.0,3.0,3.0,Y,0,N,N,N,N,N,N,N,N,N,N,N,N,N,clear,
sample15_0003.00_0006.00,sample15.mp4,,3.0,6.0,3.0,,,,,,,,,,,,,,,,,
sample15_0006.00_0009.00,sample15.mp4,,6.0,9.0,3.0,,,,,,,,,,,,,,,,,
sample15_0009.00_0012.00,sample15.mp4,,9.0,12.0,3.0,,,,,,,,,,,,,,,,,
sample15_0012.00_0015.00,sample15.mp4,,12.0,15.0,3.0,Y,1,Y,N,N,N,N,N,N,N,N,N,N,N,N,clear,
sample15_0015.00_0018.00,sample15.mp4,,15.0,18.0,3.0,,,,,,,,,,,,,,,,,
sample15_0018.00_0021.00,sample15.mp4,,18.0,21.0,3.0,,,,,,,,,,,,,,,,,
sample15_0021.00_0024.00,sample15.mp4,,21.0,24.0,3.0,,,,,,,,,,,,,,,,,
sample15_0024.00_0027.00,sample15.mp4,,24.0,27.0,3.0,,,,,,,,,,,,,,,,,
sample15_0027.00_0030.00,sample15.mp4,,27.0,30.0,3.0,Y,0,N,N,N,N,N,N,N,N,N,N,N,N,N,clear,
sample15_0030.00_0033.00,sample15.mp4,,30.0,33.0,3.0,,,,,,,,,,,,,,,,,
sample15_0033.00_0036.00,sample15.mp4,,33.0,36.0,3.0,Y,0,N,N,N,N,N,N,N,N,N,N,N,N,N,clear,
sample15_0036.00_0039.00,sample15.mp4,,36.0,39.0,3.0,,,,,,,,,,,,,,,,,
sample15_0039.00_0042.00,sample15.mp4,,39.0,42.0,3.0,,,,,,,,,,,,,,,,,
sample15_0042.00_0045.00,sample15.mp4,,42.0,45.0,3.0,Y,0,N,N,N,N,N,N,N,N,N,N,N,N,N,clear,
sample15_0045.00_0048.00,sample15.mp4,,45.0,48.0,3.0,,,,,,,,,,,,,,,,,
sample15_0048.00_0051.00,sample15.mp4,,48.0,51.0,3.0,,,,,,,,,,,,,,,,,
sample15_0051.00_0054.00,sample15.mp4,,51.0,54.0,3.0,,,,,,,,,,,,,,,,,
sample15_0054.00_0057.00,sample15.mp4,,54.0,57.0,3.0,,,,,,,,,,,,,,,,,
sample15_0057.00_0060.00,sample15.mp4,,57.0,60.0,3.0,,,,,,,,,,,,,,,,,
sample15_0060.00_0063.00,sample15.mp4,,60.0,63.0,3.0,,,,,,,,,,,,,,,,,
sample15_0063.00_0066.00,sample15.mp4,,63.0,66.0,3.0,,,,,,,,,,,,,,,,,
sample15_0066.00_0069.00,sample15.mp4,,66.0,69.0,3.0,,,,,,,,,,,,,,,,,
sample15_0069.00_0072.00,sample15.mp4,,69.0,72.0,3.0,,,,,,,,,,,,,,,,,
sample15_0072.00_0075.00,sample15.mp4,,72.0,75.0,3.0,,,,,,,,,,,,,,,,,
sample15_0075.00_0078.00,sample15.mp4,,75.0,78.0,3.0,,,,,,,,,,,,,,,,,
sample15_0078.00_0081.00,sample15.mp4,,78.0,81.0,3.0,,,,,,,,,,,,,,,,,
sample15_0081.00_0084.00,sample15.mp4,,81.0,84.0,3.0,Y,1,Y,N,N,N,N,N,N,N,N,N,N,N,N,clear,
sample15_0084.00_0087.00,sample15.mp4,,84.0,87.0,3.0,Y,1,Y,N,N,N,N,N,N,N,N,N,N,N,N,clear,
sample15_0087.00_0090.00,sample15.mp4,,87.0,90.0,3.0,,,,,,,,,,,,,,,,,
sample15_0090.00_0093.00,sample15.mp4,,90.0,93.0,3.0,Y,1,Y,N,N,N,N,N,N,N,N,N,N,N,N,clear,
sample15_0093.00_0096.00,sample15.mp4,,93.0,96.0,3.0,Y,0,N,N,N,N,N,N,N,N,N,N,N,N,N,clear,
sample15_0096.00_0099.00,sample15.mp4,,96.0,99.0,3.0,,,,,,,,,,,,,,,,,
sample15_0099.00_0102.00,sample15.mp4,,99.0,102.0,3.0,,,,,,,,,,,,,,,,,
sample15_0102.00_0105.00,sample15.mp4,,102.0,105.0,3.0,,,,,,,,,,,,,,,,,
sample15_0105.00_0108.00,sample15.mp4,,105.0,108.0,3.0,Y,0,N,N,N,N,N,N,N,N,N,N,N,N,N,clear,
sample15_0108.00_0111.00,sample15.mp4,,108.0,111.0,3.0,,,,,,,,,,,,,,,,,
sample15_0111.00_0114.00,sample15.mp4,,111.0,114.0,3.0,Y,0,N,N,N,N,N,N,N,N,N,N,N,N,N,clear,
sample15_0114.00_0117.00,sample15.mp4,,114.0,117.0,3.0,Y,0,N,N,N,N,N,N,N,N,N,N,N,N,N,clear,
sample15_0117.00_0120.00,sample15.mp4,,117.0,120.0,3.0,Y,0,N,N,N,N,N,N,N,N,N,N,N,N,N,clear,
sample15_0120.00_0123.00,sample15.mp4,,120.0,123.0,3.0,Y,0,N,N,N,N,N,N,N,N,N,N,N,N,N,clear,
sample15_0123.00_0126.00,sample15.mp4,,123.0,126.0,3.0,,,,,,,,,,,,,,,,,
sample15_0126.00_0129.00,sample15.mp4,,126.0,129.0,3.0,,,,,,,,,,,,,,,,,
sample15_0129.00_0132.00,sample15.mp4,,129.0,132.0,3.0,,,,,,,,,,,,,,,,,
sample15_0132.00_0135.00,sample15.mp4,,132.0,135.0,3.0,,,,,,,,,,,,,,,,,
sample15_0135.00_0138.00,sample15.mp4,,135.0,138.0,3.0,,,,,,,,,,,,,,,,,
sample15_0138.00_0141.00,sample15.mp4,,138.0,141.0,3.0,,,,,,,,,,,,,,,,,
sample15_0141.00_0144.00,sample15.mp4,,141.0,144.0,3.0,,,,,,,,,,,,,,,,,
sample15_0144.00_0147.00,sample15.mp4,,144.0,147.0,3.0,,,,,,,,,,,,,,,,,
sample15_0147.00_0150.00,sample15.mp4,,147.0,150.0,3.0,,,,,,,,,,,,,,,,,
sample15_0150.00_0153.00,sample15.mp4,,150.0,153.0,3.0,,,,,,,,,,,,,,,,,
sample15_0153.00_0156.00,sample15.mp4,,153.0,156.0,3.0,Y,0,N,N,N,N,N,N,N,N,N,N,N,N,N,clear,
sample15_0156.00_0159.00,sample15.mp4,,156.0,159.0,3.0,,,,,,,,,,,,,,,,,
sample15_0159.00_0162.00,sample15.mp4,,159.0,162.0,3.0,,,,,,,,,,,,,,,,,
sample15_0162.00_0165.00,sample15.mp4,,162.0,165.0,3.0,Y,0,N,N,N,N,N,N,N,N,N,N,N,N,N,clear,
sample15_0165.00_0168.00,sample15.mp4,,165.0,168.0,3.0,Y,0,N,N,N,N,N,N,N,N,N,N,N,N,N,clear,
sample15_0168.00_0171.00,sample15.mp4,,168.0,171.0,3.0,,,,,,,,,,,,,,,,,
sample15_0171.00_0174.00,sample15.mp4,,171.0,174.0,3.0,,,,,,,,,,,,,,,,,
sample15_0174.00_0177.00,sample15.mp4,,174.0,177.0,3.0,,,,,,,,,,,,,,,,,
sample15_0177.00_0180.00,sample15.mp4,,177.0,180.0,3.0,,,,,,,,,,,,,,,,,
sample15_0180.00_0183.00,sample15.mp4,,180.0,183.0,3.0,,,,,,,,,,,,,,,,,
sample15_0183.00_0186.00,sample15.mp4,,183.0,186.0,3.0,,,,,,,,,,,,,,,,,
sample15_0186.00_0189.00,sample15.mp4,,186.0,189.0,3.0,Y,0,N,N,N,N,N,N,N,N,N,N,N,N,N,clear,
sample15_0189.00_0192.00,sample15.mp4,,189.0,192.0,3.0,,,,,,,,,,,,,,,,,
sample15_0192.00_0195.00,sample15.mp4,,192.0,195.0,3.0,,,,,,,,,,,,,,,,,
sample15_0195.00_0198.00,sample15.mp4,,195.0,198.0,3.0,,,,,,,,,,,,,,,,,
sample15_0198.00_0201.00,sample15.mp4,,198.0,201.0,3.0,,,,,,,,,,,,,,,,,
sample15_0201.00_0204.00,sample15.mp4,,201.0,204.0,3.0,,,,,,,,,,,,,,,,,
sample15_0204.00_0207.00,sample15.mp4,,204.0,207.0,3.0,,,,,,,,,,,,,,,,,
sample15_0207.00_0210.00,sample15.mp4,,207.0,210.0,3.0,,,,,,,,,,,,,,,,,
sample15_0210.00_0213.00,sample15.mp4,,210.0,213.0,3.0,,,,,,,,,,,,,,,,,
sample15_0213.00_0216.00,sample15.mp4,,213.0,216.0,3.0,,,,,,,,,,,,,,,,,
sample15_0216.00_0219.00,sample15.mp4,,216.0,219.0,3.0,,,,,,,,,,,,,,,,,
sample15_0219.00_0222.00,sample15.mp4,,219.0,222.0,3.0,Y,2,N,Y,N,Y,N,Y,N,N,N,N,N,N,N,clear,
sample15_0222.00_0225.00,sample15.mp4,,222.0,225.0,3.0,,,,,,,,,,,,,,,,,
sample15_0225.00_0228.00,sample15.mp4,,225.0,228.0,3.0,,,,,,,,,,,,,,,,,
sample15_0228.00_0231.00,sample15.mp4,,228.0,231.0,3.0,Y,1,Y,N,N,N,N,N,N,N,N,N,N,N,N,clear,
sample15_0231.00_0234.00,sample15.mp4,,231.0,234.0,3.0,,,,,,,,,,,,,,,,,
sample15_0234.00_0237.00,sample15.mp4,,234.0,237.0,3.0,Y,0,N,N,N,N,N,N,N,N,N,N,N,N,N,clear,
sample15_0237.00_0240.00,sample15.mp4,,237.0,240.0,3.0,Y,0,N,N,N,N,N,N,N,N,N,N,N,N,N,clear,
sample15_0240.00_0243.00,sample15.mp4,,240.0,243.0,3.0,,,,,,,,,,,,,,,,,
sample15_0243.00_0246.00,sample15.mp4,,243.0,246.0,3.0,,,,,,,,,,,,,,,,,
sample15_0246.00_0249.00,sample15.mp4,,246.0,249.0,3.0,,,,,,,,,,,,,,,,,
sample15_0249.00_0252.00,sample15.mp4,,249.0,252.0,3.0,Y,0,N,N,N,N,N,N,N,N,N,N,N,N,N,clear,
sample15_0252.00_0255.00,sample15.mp4,,252.0,255.0,3.0,,,,,,,,,,,,,,,,,
sample15_0255.00_0258.00,sample15.mp4,,255.0,258.0,3.0,,,,,,,,,,,,,,,,,
sample15_0258.00_0261.00,sample15.mp4,,258.0,261.0,3.0,,,,,,,,,,,,,,,,,
sample15_0261.00_0264.00,sample15.mp4,,261.0,264.0,3.0,,,,,,,,,,,,,,,,,
sample15_0264.00_0267.00,sample15.mp4,,264.0,267.0,3.0,,,,,,,,,,,,,,,,,
sample15_0267.00_0270.00,sample15.mp4,,267.0,270.0,3.0,Y,0,N,N,N,N,N,N,N,N,N,N,N,N,N,clear,
sample15_0270.00_0273.00,sample15.mp4,,270.0,273.0,3.0,,,,,,,,,,,,,,,,,
sample15_0273.00_0276.00,sample15.mp4,,273.0,276.0,3.0,,,,,,,,,,,,,,,,,
sample15_0276.00_0279.00,sample15.mp4,,276.0,279.0,3.0,Y,1,Y,N,N,N,N,N,N,N,N,N,N,N,N,clear,
sample15_0279.00_0282.00,sample15.mp4,,279.0,282.0,3.0,,,,,,,,,,,,,,,,,
sample15_0282.00_0285.00,sample15.mp4,,282.0,285.0,3.0,,,,,,,,,,,,,,,,,
sample15_0285.00_0288.00,sample15.mp4,,285.0,288.0,3.0,,,,,,,,,,,,,,,,,
sample15_0288.00_0291.00,sample15.mp4,,288.0,291.0,3.0,,,,,,,,,,,,,,,,,
sample15_0291.00_0294.00,sample15.mp4,,291.0,294.0,3.0,,,,,,,,,,,,,,,,,
sample15_0294.00_0297.00,sample15.mp4,,294.0,297.0,3.0,,,,,,,,,,,,,,,,,
sample15_0297.00_0300.00,sample15.mp4,,297.0,300.0,3.0,,,,,,,,,,,,,,,,,
sample15_0300.00_0303.00,sample15.mp4,,300.0,303.0,3.0,Y,0,N,N,N,N,N,N,N,N,N,N,N,N,N,clear,
sample15_0303.00_0306.00,sample15.mp4,,303.0,306.0,3.0,,,,,,,,,,,,,,,,,
sample15_0306.00_0309.00,sample15.mp4,,306.0,309.0,3.0,,,,,,,,,,,,,,,,,
sample15_0309.00_0312.00,sample15.mp4,,309.0,312.0,3.0,,,,,,,,,,,,,,,,,
sample15_0312.00_0315.00,sample15.mp4,,312.0,315.0,3.0,,,,,,,,,,,,,,,,,
sample15_0315.00_0318.00,sample15.mp4,,315.0,318.0,3.0,,,,,,,,,,,,,,,,,
sample15_0318.00_0321.00,sample15.mp4,,318.0,321.0,3.0,,,,,,,,,,,,,,,,,
sample15_0321.00_0324.00,sample15.mp4,,321.0,324.0,3.0,,,,,,,,,,,,,,,,,
sample15_0324.00_0327.00,sample15.mp4,,324.0,327.0,3.0,,,,,,,,,,,,,,,,,
sample15_0327.00_0330.00,sample15.mp4,,327.0,330.0,3.0,,,,,,,,,,,,,,,,,
sample15_0330.00_0333.00,sample15.mp4,,330.0,333.0,3.0,,,,,,,,,,,,,,,,,
sample15_0333.00_0336.00,sample15.mp4,,333.0,336.0,3.0,,,,,,,,,,,,,,,,,
sample15_0336.00_0339.00,sample15.mp4,,336.0,339.0,3.0,,,,,,,,,,,,,,,,,
sample15_0339.00_0342.00,sample15.mp4,,339.0,342.0,3.0,,,,,,,,,,,,,,,,,
sample15_0342.00_0345.00,sample15.mp4,,342.0,345.0,3.0,,,,,,,,,,,,,,,,,
sample15_0345.00_0345.77,sample15.mp4,,345.0,345.77,0.77,Y,0,N,N,N,N,N,N,N,N,N,N,N,N,N,clear,
sample16_0000.00_0003.00,sample16.mp4,,0.0,3.0,3.0,,,,N,N,N,N,N,N,N,N,N,N,N,N,clear,
sample16_0003.00_0006.00,sample16.mp4,,3.0,6.0,3.0,Y,1,Y,N,N,N,N,N,N,N,N,N,N,N,N,clear,
sample16_0006.00_0009.00,sample16.mp4,,6.0,9.0,3.0,Y,1,Y,N,N,N,N,N,N,N,N,N,N,N,N,clear,
sample16_0009.00_0012.00,sample16.mp4,,9.0,12.0,3.0,,,,,,,,,,,,,,,,,
sample16_0012.00_0015.00,sample16.mp4,,12.0,15.0,3.0,Y,2,N,Y,N,N,N,N,N,N,N,N,N,N,N,clear,
sample16_0015.00_0018.00,sample16.mp4,,15.0,18.0,3.0,,,,,,,,,,,,,,,,,
sample16_0018.00_0021.00,sample16.mp4,,18.0,21.0,3.0,,,,,,,,,,,,,,,,,
sample16_0021.00_0024.00,sample16.mp4,,21.0,24.0,3.0,,,,,,,,,,,,,,,,,
sample16_0024.00_0027.00,sample16.mp4,,24.0,27.0,3.0,,,,,,,,,,,,,,,,,
sample16_0027.00_0030.00,sample16.mp4,,27.0,30.0,3.0,,,,,,,,,,,,,,,,,
sample16_0030.00_0033.00,sample16.mp4,,30.0,33.0,3.0,,,,,,,,,,,,,,,,,
sample16_0033.00_0036.00,sample16.mp4,,33.0,36.0,3.0,,,,,,,,,,,,,,,,,
sample16_0036.00_0039.00,sample16.mp4,,36.0,39.0,3.0,Y,0,N,N,N,N,N,N,N,N,N,N,N,N,N,clear,
sample16_0039.00_0042.00,sample16.mp4,,39.0,42.0,3.0,,,,,,,,,,,,,,,,,
sample16_0042.00_0045.00,sample16.mp4,,42.0,45.0,3.0,,,,,,,,,,,,,,,,,
sample16_0045.00_0048.00,sample16.mp4,,45.0,48.0,3.0,,,,,,,,,,,,,,,,,
sample16_0048.00_0051.00,sample16.mp4,,48.0,51.0,3.0,,,,,,,,,,,,,,,,,
sample16_0051.00_0054.00,sample16.mp4,,51.0,54.0,3.0,,,,,,,,,,,,,,,,,
sample16_0054.00_0057.00,sample16.mp4,,54.0,57.0,3.0,,,,,,,,,,,,,,,,,
sample16_0057.00_0060.00,sample16.mp4,,57.0,60.0,3.0,,,,,,,,,,,,,,,,,
sample16_0060.00_0063.00,sample16.mp4,,60.0,63.0,3.0,Y,1,Y,N,N,N,N,N,N,N,N,N,N,N,N,clear,
sample16_0063.00_0066.00,sample16.mp4,,63.0,66.0,3.0,Y,1,Y,N,N,N,N,N,N,N,N,N,N,N,N,clear,
sample16_0066.00_0069.00,sample16.mp4,,66.0,69.0,3.0,,,,,,,,,,,,,,,,,
sample16_0069.00_0072.00,sample16.mp4,,69.0,72.0,3.0,,,,,,,,,,,,,,,,,
sample16_0072.00_0075.00,sample16.mp4,,72.0,75.0,3.0,,,,,,,,,,,,,,,,,
sample16_0075.00_0078.00,sample16.mp4,,75.0,78.0,3.0,Y,1,Y,N,N,N,N,N,N,N,N,N,N,N,N,clear,
sample16_0078.00_0081.00,sample16.mp4,,78.0,81.0,3.0,,,,,,,,,,,,,,,,,
sample16_0081.00_0084.00,sample16.mp4,,81.0,84.0,3.0,,,,,,,,,,,,,,,,,
sample16_0084.00_0087.00,sample16.mp4,,84.0,87.0,3.0,,,,,,,,,,,,,,,,,
sample16_0087.00_0090.00,sample16.mp4,,87.0,90.0,3.0,,,,,,,,,,,,,,,,,
sample16_0090.00_0093.00,sample16.mp4,,90.0,93.0,3.0,,,,N,N,Y,N,N,N,N,N,N,N,N,N,clear,
sample16_0093.00_0096.00,sample16.mp4,,93.0,96.0,3.0,,,,,,,,,,,,,,,,,
sample16_0096.00_0099.00,sample16.mp4,,96.0,99.0,3.0,,,,,,,,,,,,,,,,,
sample16_0099.00_0102.00,sample16.mp4,,99.0,102.0,3.0,,,,,,,,,,,,,,,,,
sample16_0102.00_0105.00,sample16.mp4,,102.0,105.0,3.0,,,,,,,,,,,,,,,,,
sample16_0105.00_0108.00,sample16.mp4,,105.0,108.0,3.0,,,,,,,,,,,,,,,,,
sample16_0108.00_0111.00,sample16.mp4,,108.0,111.0,3.0,Y,0,N,N,N,N,N,N,N,N,N,N,N,N,N,clear,
sample16_0111.00_0114.00,sample16.mp4,,111.0,114.0,3.0,,,,,,,,,,,,,,,,,
sample16_0114.00_0117.00,sample16.mp4,,114.0,117.0,3.0,,,,,,,,,,,,,,,,,
sample16_0117.00_0120.00,sample16.mp4,,117.0,120.0,3.0,,,,,,,,,,,,,,,,,
sample16_0120.00_0123.00,sample16.mp4,,120.0,123.0,3.0,,,,,,,,,,,,,,,,,
sample16_0123.00_0124.52,sample16.mp4,,123.0,124.52,1.52,,,,N,N,N,N,N,N,N,N,N,N,N,N,clear,
sample17_0000.00_0003.00,sample17.mp4,,0.0,3.0,3.0,Y,0,N,N,N,N,N,N,Y,N,N,N,N,N,N,clear,
sample17_0003.00_0006.00,sample17.mp4,,3.0,6.0,3.0,,,,,,,,,,,,,,,,,
sample17_0006.00_0009.00,sample17.mp4,,6.0,9.0,3.0,,,,N,N,N,N,N,Y,Y,N,N,N,N,N,clear,
sample17_0009.00_0012.00,sample17.mp4,,9.0,12.0,3.0,,,,,,,,,,,,,,,,,
sample17_0012.00_0015.00,sample17.mp4,,12.0,15.0,3.0,Y,0,N,N,N,N,N,N,Y,N,N,N,N,N,N,clear,
sample17_0015.00_0018.00,sample17.mp4,,15.0,18.0,3.0,Y,0,N,N,N,N,N,N,Y,N,N,N,N,N,N,clear,
sample17_0018.00_0021.00,sample17.mp4,,18.0,21.0,3.0,,,,,,,,,,,,,,,,,
sample17_0021.00_0024.00,sample17.mp4,,21.0,24.0,3.0,,,,,,,,,,,,,,,,,
sample17_0024.00_0027.00,sample17.mp4,,24.0,27.0,3.0,,,,,,,,,,,,,,,,,
sample17_0027.00_0030.00,sample17.mp4,,27.0,30.0,3.0,,,,,,,,,,,,,,,,,
sample17_0030.00_0033.00,sample17.mp4,,30.0,33.0,3.0,,,,,,,,,,,,,,,,,
sample17_0033.00_0036.00,sample17.mp4,,33.0,36.0,3.0,Y,0,N,N,N,N,N,N,Y,N,N,N,N,N,N,clear,
sample17_0036.00_0039.00,sample17.mp4,,36.0,39.0,3.0,Y,0,N,N,N,N,N,N,Y,N,N,N,N,N,N,clear,
sample17_0039.00_0042.00,sample17.mp4,,39.0,42.0,3.0,Y,0,N,N,N,N,N,N,N,N,N,N,N,N,N,clear,
sample17_0042.00_0045.00,sample17.mp4,,42.0,45.0,3.0,,,,,,,,,,,,,,,,,
sample17_0045.00_0048.00,sample17.mp4,,45.0,48.0,3.0,,,,,,,,,,,,,,,,,
sample17_0048.00_0051.00,sample17.mp4,,48.0,51.0,3.0,,,,,,,,,,,,,,,,,
sample17_0051.00_0054.00,sample17.mp4,,51.0,54.0,3.0,,,,,,,,,,,,,,,,,
sample17_0054.00_0057.00,sample17.mp4,,54.0,57.0,3.0,,,,,,,,,,,,,,,,,
sample17_0057.00_0060.00,sample17.mp4,,57.0,60.0,3.0,,,,,,,,,,,,,,,,,
sample17_0060.00_0063.00,sample17.mp4,,60.0,63.0,3.0,,,,,,,,,,,,,,,,,
sample17_0063.00_0066.00,sample17.mp4,,63.0,66.0,3.0,,,,,,,,,,,,,,,,,
sample17_0066.00_0069.00,sample17.mp4,,66.0,69.0,3.0,Y,0,N,N,N,N,N,N,Y,N,N,N,N,N,N,clear,
sample17_0069.00_0072.00,sample17.mp4,,69.0,72.0,3.0,,,,,,,,,,,,,,,,,
sample17_0072.00_0075.00,sample17.mp4,,72.0,75.0,3.0,,,,,,,,,,,,,,,,,
sample17_0075.00_0078.00,sample17.mp4,,75.0,78.0,3.0,,,,,,,,,,,,,,,,,
sample17_0078.00_0081.00,sample17.mp4,,78.0,81.0,3.0,,,,,,,,,,,,,,,,,
sample17_0081.00_0084.00,sample17.mp4,,81.0,84.0,3.0,,,,,,,,,,,,,,,,,
sample17_0084.00_0087.00,sample17.mp4,,84.0,87.0,3.0,,,,,,,,,,,,,,,,,
sample17_0087.00_0090.00,sample17.mp4,,87.0,90.0,3.0,,,,,,,,,,,,,,,,,
sample17_0090.00_0093.00,sample17.mp4,,90.0,93.0,3.0,Y,0,N,N,N,N,N,N,Y,N,N,N,N,N,N,clear,
sample17_0093.00_0096.00,sample17.mp4,,93.0,96.0,3.0,Y,0,N,N,N,N,N,N,Y,N,N,N,N,N,N,clear,
sample17_0096.00_0099.00,sample17.mp4,,96.0,99.0,3.0,,,,,,,,,,,,,,,,,
sample17_0099.00_0102.00,sample17.mp4,,99.0,102.0,3.0,,,,,,,,,,,,,,,,,
sample17_0102.00_0105.00,sample17.mp4,,102.0,105.0,3.0,,,,,,,,,,,,,,,,,
sample17_0105.00_0108.00,sample17.mp4,,105.0,108.0,3.0,,,,,,,,,,,,,,,,,
sample17_0108.00_0111.00,sample17.mp4,,108.0,111.0,3.0,,,,,,,,,,,,,,,,,
sample17_0111.00_0114.00,sample17.mp4,,111.0,114.0,3.0,,,,,,,,,,,,,,,,,
sample17_0114.00_0117.00,sample17.mp4,,114.0,117.0,3.0,,,,,,,,,,,,,,,,,
sample17_0117.00_0120.00,sample17.mp4,,117.0,120.0,3.0,,,,,,,,,,,,,,,,,
sample17_0120.00_0123.00,sample17.mp4,,120.0,123.0,3.0,,,,,,,,,,,,,,,,,
sample17_0123.00_0126.00,sample17.mp4,,123.0,126.0,3.0,,,,,,,,,,,,,,,,,
sample17_0126.00_0129.00,sample17.mp4,,126.0,129.0,3.0,,,,,,,,,,,,,,,,,
sample17_0129.00_0132.00,sample17.mp4,,129.0,132.0,3.0,,,,,,,,,,,,,,,,,
sample17_0132.00_0135.00,sample17.mp4,,132.0,135.0,3.0,,,,,,,,,,,,,,,,,
sample17_0135.00_0138.00,sample17.mp4,,135.0,138.0,3.0,Y,0,N,N,N,N,N,N,Y,N,N,N,N,N,N,clear,
sample17_0138.00_0141.00,sample17.mp4,,138.0,141.0,3.0,,,,,,,,,,,,,,,,,
sample17_0141.00_0144.00,sample17.mp4,,141.0,144.0,3.0,,,,,,,,,,,,,,,,,
sample17_0144.00_0147.00,sample17.mp4,,144.0,147.0,3.0,Y,0,N,N,N,N,N,N,Y,N,N,N,N,N,N,clear,
sample17_0147.00_0150.00,sample17.mp4,,147.0,150.0,3.0,,,,,,,,,,,,,,,,,
sample17_0150.00_0153.00,sample17.mp4,,150.0,153.0,3.0,,,,,,,,,,,,,,,,,
sample17_0153.00_0156.00,sample17.mp4,,153.0,156.0,3.0,,,,,,,,,,,,,,,,,
sample17_0156.00_0159.00,sample17.mp4,,156.0,159.0,3.0,,,,,,,,,,,,,,,,,
sample17_0159.00_0162.00,sample17.mp4,,159.0,162.0,3.0,Y,0,N,N,N,N,N,N,Y,N,N,N,N,N,N,clear,
sample17_0162.00_0165.00,sample17.mp4,,162.0,165.0,3.0,,,,,,,,,,,,,,,,,
sample17_0165.00_0168.00,sample17.mp4,,165.0,168.0,3.0,,,,,,,,,,,,,,,,,
sample17_0168.00_0171.00,sample17.mp4,,168.0,171.0,3.0,Y,0,N,N,N,N,N,N,N,N,N,N,N,N,N,clear,
sample17_0171.00_0174.00,sample17.mp4,,171.0,174.0,3.0,,,,,,,,,,,,,,,,,
sample17_0174.00_0177.00,sample17.mp4,,174.0,177.0,3.0,Y,0,N,N,N,N,N,N,N,N,N,N,N,N,N,clear,
sample17_0177.00_0180.00,sample17.mp4,,177.0,180.0,3.0,Y,0,N,N,N,N,N,N,Y,N,N,N,N,N,N,clear,
sample17_0180.00_0183.00,sample17.mp4,,180.0,183.0,3.0,,,,,,,,,,,,,,,,,
sample17_0183.00_0186.00,sample17.mp4,,183.0,186.0,3.0,,,,,,,,,,,,,,,,,
sample17_0186.00_0189.00,sample17.mp4,,186.0,189.0,3.0,,,,,,,,,,,,,,,,,
sample17_0189.00_0192.00,sample17.mp4,,189.0,192.0,3.0,,,,,,,,,,,,,,,,,
sample17_0192.00_0195.00,sample17.mp4,,192.0,195.0,3.0,,,,,,,,,,,,,,,,,
sample17_0195.00_0198.00,sample17.mp4,,195.0,198.0,3.0,,,,,,,,,,,,,,,,,
sample17_0198.00_0198.57,sample17.mp4,,198.0,198.57,0.57,,,,,,,,,,,,,,,,,
sample18_0000.00_0003.00,sample18.mp4,,0.0,3.0,3.0,,,,N,N,N,N,N,N,N,N,N,N,N,N,invalid,
sample18_0003.00_0006.00,sample18.mp4,,3.0,6.0,3.0,,,,,,,,,,,,,,,,,
sample18_0006.00_0009.00,sample18.mp4,,6.0,9.0,3.0,,,,,,,,,,,,,,,,,
sample18_0009.00_0012.00,sample18.mp4,,9.0,12.0,3.0,,,,,,,,,,,,,,,,,
sample18_0012.00_0015.00,sample18.mp4,,12.0,15.0,3.0,,,,,,,,,,,,,,,,,
sample18_0015.00_0018.00,sample18.mp4,,15.0,18.0,3.0,,,,,,,,,,,,,,,,,
sample18_0018.00_0021.00,sample18.mp4,,18.0,21.0,3.0,,,,,,,,,,,,,,,,,
sample18_0021.00_0024.00,sample18.mp4,,21.0,24.0,3.0,Y,0,N,N,N,Y,N,N,N,N,N,N,N,N,N,clear,
sample18_0024.00_0027.00,sample18.mp4,,24.0,27.0,3.0,Y,0,N,N,N,N,N,N,N,N,N,N,N,N,N,clear,
sample18_0027.00_0030.00,sample18.mp4,,27.0,30.0,3.0,,,,,,,,,,,,,,,,,
sample18_0030.00_0033.00,sample18.mp4,,30.0,33.0,3.0,,,,,,,,,,,,,,,,,
sample18_0033.00_0036.00,sample18.mp4,,33.0,36.0,3.0,,,,,,,,,,,,,,,,,
sample18_0036.00_0039.00,sample18.mp4,,36.0,39.0,3.0,,,,,,,,,,,,,,,,,
sample18_0039.00_0042.00,sample18.mp4,,39.0,42.0,3.0,,,,,,,,,,,,,,,,,
sample18_0042.00_0045.00,sample18.mp4,,42.0,45.0,3.0,,,,,,,,,,,,,,,,,
sample18_0045.00_0048.00,sample18.mp4,,45.0,48.0,3.0,,,,,,,,,,,,,,,,,
sample18_0048.00_0051.00,sample18.mp4,,48.0,51.0,3.0,Y,0,N,N,N,N,N,N,N,N,N,N,N,N,N,clear,
sample18_0051.00_0054.00,sample18.mp4,,51.0,54.0,3.0,,,,,,,,,,,,,,,,,
sample18_0054.00_0057.00,sample18.mp4,,54.0,57.0,3.0,,,,,,,,,,,,,,,,,
sample18_0057.00_0060.00,sample18.mp4,,57.0,60.0,3.0,,,,,,,,,,,,,,,,,
sample18_0060.00_0063.00,sample18.mp4,,60.0,63.0,3.0,,,,,,,,,,,,,,,,,
sample18_0063.00_0066.00,sample18.mp4,,63.0,66.0,3.0,,,,,,,,,,,,,,,,,
sample18_0066.00_0069.00,sample18.mp4,,66.0,69.0,3.0,,,,,,,,,,,,,,,,,
sample18_0069.00_0072.00,sample18.mp4,,69.0,72.0,3.0,,,,,,,,,,,,,,,,,
sample18_0072.00_0075.00,sample18.mp4,,72.0,75.0,3.0,,,,,,,,,,,,,,,,,
sample18_0075.00_0078.00,sample18.mp4,,75.0,78.0,3.0,,,,,,,,,,,,,,,,,
sample18_0078.00_0081.00,sample18.mp4,,78.0,81.0,3.0,,,,,,,,,,,,,,,,,
sample18_0081.00_0084.00,sample18.mp4,,81.0,84.0,3.0,,,,,,,,,,,,,,,,,
sample18_0084.00_0087.00,sample18.mp4,,84.0,87.0,3.0,,,,,,,,,,,,,,,,,
sample18_0087.00_0090.00,sample18.mp4,,87.0,90.0,3.0,,,,,,,,,,,,,,,,,
sample18_0090.00_0093.00,sample18.mp4,,90.0,93.0,3.0,,,,,,,,,,,,,,,,,
sample18_0093.00_0096.00,sample18.mp4,,93.0,96.0,3.0,,,,,,,,,,,,,,,,,
sample18_0096.00_0099.00,sample18.mp4,,96.0,99.0,3.0,Y,0,N,N,N,N,N,N,N,N,N,N,N,N,N,clear,
sample18_0099.00_0102.00,sample18.mp4,,99.0,102.0,3.0,,,,,,,,,,,,,,,,,
sample18_0102.00_0105.00,sample18.mp4,,102.0,105.0,3.0,Y,0,N,N,N,N,N,N,N,N,N,N,N,N,N,clear,
sample18_0105.00_0108.00,sample18.mp4,,105.0,108.0,3.0,,,,,,,,,,,,,,,,,
sample18_0108.00_0111.00,sample18.mp4,,108.0,111.0,3.0,,,,,,,,,,,,,,,,,
sample18_0111.00_0114.00,sample18.mp4,,111.0,114.0,3.0,Y,0,N,N,N,N,N,N,N,N,N,N,Y,N,N,clear,
sample18_0114.00_0117.00,sample18.mp4,,114.0,117.0,3.0,,,,,,,,,,,,,,,,,
sample18_0117.00_0120.00,sample18.mp4,,117.0,120.0,3.0,,,,,,,,,,,,,,,,,
sample18_0120.00_0123.00,sample18.mp4,,120.0,123.0,3.0,,,,,,,,,,,,,,,,,
sample18_0123.00_0126.00,sample18.mp4,,123.0,126.0,3.0,,,,,,,,,,,,,,,,,
sample18_0126.00_0129.00,sample18.mp4,,126.0,129.0,3.0,,,,,,,,,,,,,,,,,
sample18_0129.00_0132.00,sample18.mp4,,129.0,132.0,3.0,,,,,,,,,,,,,,,,,
sample18_0132.00_0135.00,sample18.mp4,,132.0,135.0,3.0,Y,0,N,N,N,N,N,N,N,N,N,N,N,N,N,clear,
sample18_0135.00_0138.00,sample18.mp4,,135.0,138.0,3.0,Y,0,N,N,N,N,N,N,N,N,N,N,N,N,N,clear,
sample18_0138.00_0141.00,sample18.mp4,,138.0,141.0,3.0,,,,,,,,,,,,,,,,,
sample18_0141.00_0144.00,sample18.mp4,,141.0,144.0,3.0,Y,0,N,N,N,N,N,N,N,N,N,N,N,N,N,clear,
sample18_0144.00_0147.00,sample18.mp4,,144.0,147.0,3.0,,,,,,,,,,,,,,,,,
sample18_0147.00_0150.00,sample18.mp4,,147.0,150.0,3.0,Y,0,N,N,N,N,N,N,N,N,N,N,N,N,N,clear,
sample18_0150.00_0153.00,sample18.mp4,,150.0,153.0,3.0,,,,,,,,,,,,,,,,,
sample18_0153.00_0156.00,sample18.mp4,,153.0,156.0,3.0,,,,,,,,,,,,,,,,,
sample18_0156.00_0159.00,sample18.mp4,,156.0,159.0,3.0,,,,N,N,N,N,N,N,N,N,N,N,Y,N,clear,
sample18_0159.00_0162.00,sample18.mp4,,159.0,162.0,3.0,,,,,,,,,,,,,,,,,
sample18_0162.00_0165.00,sample18.mp4,,162.0,165.0,3.0,,,,,,,,,,,,,,,,,
sample18_0165.00_0168.00,sample18.mp4,,165.0,168.0,3.0,Y,0,N,N,N,N,N,N,N,N,N,N,N,N,N,clear,
sample18_0168.00_0170.93,sample18.mp4,,168.0,170.93,2.93,Y,1,Y,N,N,N,N,N,N,N,N,N,N,N,N,clear,
sample019_0000.00_0003.00,sample019.mp4,,0.0,3.0,3.0,,,,,,,,,,,,,,,,,
sample019_0003.00_0006.00,sample019.mp4,,3.0,6.0,3.0,,,,,,,,,,,,,,,,,
sample019_0006.00_0009.00,sample019.mp4,,6.0,9.0,3.0,,,,,,,,,,,,,,,,,
sample019_0009.00_0012.00,sample019.mp4,,9.0,12.0,3.0,,,,,,,,,,,,,,,,,
sample019_0012.00_0015.00,sample019.mp4,,12.0,15.0,3.0,,,,,,,,,,,,,,,,,
sample019_0015.00_0018.00,sample019.mp4,,15.0,18.0,3.0,,,,,,,,,,,,,,,,,
sample019_0018.00_0021.00,sample019.mp4,,18.0,21.0,3.0,,,,,,,,,,,,,,,,,
sample019_0021.00_0024.00,sample019.mp4,,21.0,24.0,3.0,,,,,,,,,,,,,,,,,
sample019_0024.00_0027.00,sample019.mp4,,24.0,27.0,3.0,,,,,,,,,,,,,,,,,
sample019_0027.00_0030.00,sample019.mp4,,27.0,30.0,3.0,,,,,,,,,,,,,,,,,
sample019_0030.00_0033.00,sample019.mp4,,30.0,33.0,3.0,,,,,,,,,,,,,,,,,
sample019_0033.00_0036.00,sample019.mp4,,33.0,36.0,3.0,,,,,,,,,,,,,,,,,
sample019_0036.00_0039.00,sample019.mp4,,36.0,39.0,3.0,,,,,,,,,,,,,,,,,
sample019_0039.00_0042.00,sample019.mp4,,39.0,42.0,3.0,,,,,,,,,,,,,,,,,
sample019_0042.00_0045.00,sample019.mp4,,42.0,45.0,3.0,,,,,,,,,,,,,,,,,
sample019_0045.00_0048.00,sample019.mp4,,45.0,48.0,3.0,,,,,,,,,,,,,,,,,
sample019_0048.00_0051.00,sample019.mp4,,48.0,51.0,3.0,,,,,,,,,,,,,,,,,
sample019_0051.00_0054.00,sample019.mp4,,51.0,54.0,3.0,,,,,,,,,,,,,,,,,
sample019_0054.00_0057.00,sample019.mp4,,54.0,57.0,3.0,,,,,,,,,,,,,,,,,
sample019_0057.00_0060.00,sample019.mp4,,57.0,60.0,3.0,,,,,,,,,,,,,,,,,
sample019_0060.00_0063.00,sample019.mp4,,60.0,63.0,3.0,,,,,,,,,,,,,,,,,
sample019_0063.00_0066.00,sample019.mp4,,63.0,66.0,3.0,,,,,,,,,,,,,,,,,
sample019_0066.00_0069.00,sample019.mp4,,66.0,69.0,3.0,,,,,,,,,,,,,,,,,
sample019_0069.00_0072.00,sample019.mp4,,69.0,72.0,3.0,,,,,,,,,,,,,,,,,
sample019_0072.00_0075.00,sample019.mp4,,72.0,75.0,3.0,,,,,,,,,,,,,,,,,
sample019_0075.00_0078.00,sample019.mp4,,75.0,78.0,3.0,,,,,,,,,,,,,,,,,
sample019_0078.00_0081.00,sample019.mp4,,78.0,81.0,3.0,,,,,,,,,,,,,,,,,
sample019_0081.00_0084.00,sample019.mp4,,81.0,84.0,3.0,,,,,,,,,,,,,,,,,
sample019_0084.00_0087.00,sample019.mp4,,84.0,87.0,3.0,,,,,,,,,,,,,,,,,
sample019_0087.00_0090.00,sample019.mp4,,87.0,90.0,3.0,,,,,,,,,,,,,,,,,
sample019_0090.00_0093.00,sample019.mp4,,90.0,93.0,3.0,,,,,,,,,,,,,,,,,
sample019_0093.00_0095.63,sample019.mp4,,93.0,95.63,2.63,,,,,,,,,,,,,,,,,
sample020_0000.00_0003.00,sample020.mp4,,0.0,3.0,3.0,,,,,,,,,,,,,,,,,
sample020_0003.00_0006.00,sample020.mp4,,3.0,6.0,3.0,,,,,,,,,,,,,,,,,
sample020_0006.00_0009.00,sample020.mp4,,6.0,9.0,3.0,,,,,,,,,,,,,,,,,
sample020_0009.00_0012.00,sample020.mp4,,9.0,12.0,3.0,,,,,,,,,,,,,,,,,
sample020_0012.00_0015.00,sample020.mp4,,12.0,15.0,3.0,,,,,,,,,,,,,,,,,
sample020_0015.00_0018.00,sample020.mp4,,15.0,18.0,3.0,,,,,,,,,,,,,,,,,
sample020_0018.00_0021.00,sample020.mp4,,18.0,21.0,3.0,,,,,,,,,,,,,,,,,
sample020_0021.00_0024.00,sample020.mp4,,21.0,24.0,3.0,,,,,,,,,,,,,,,,,
sample020_0024.00_0027.00,sample020.mp4,,24.0,27.0,3.0,,,,,,,,,,,,,,,,,
sample020_0027.00_0030.00,sample020.mp4,,27.0,30.0,3.0,,,,,,,,,,,,,,,,,
sample020_0030.00_0033.00,sample020.mp4,,30.0,33.0,3.0,,,,,,,,,,,,,,,,,
sample020_0033.00_0036.00,sample020.mp4,,33.0,36.0,3.0,,,,,,,,,,,,,,,,,
sample020_0036.00_0039.00,sample020.mp4,,36.0,39.0,3.0,,,,,,,,,,,,,,,,,
sample020_0039.00_0042.00,sample020.mp4,,39.0,42.0,3.0,,,,,,,,,,,,,,,,,
sample020_0042.00_0045.00,sample020.mp4,,42.0,45.0,3.0,,,,,,,,,,,,,,,,,
sample020_0045.00_0048.00,sample020.mp4,,45.0,48.0,3.0,,,,,,,,,,,,,,,,,
sample020_0048.00_0051.00,sample020.mp4,,48.0,51.0,3.0,,,,,,,,,,,,,,,,,
sample020_0051.00_0054.00,sample020.mp4,,51.0,54.0,3.0,,,,,,,,,,,,,,,,,
sample020_0054.00_0057.00,sample020.mp4,,54.0,57.0,3.0,,,,,,,,,,,,,,,,,
sample020_0057.00_0060.00,sample020.mp4,,57.0,60.0,3.0,,,,,,,,,,,,,,,,,
sample020_0060.00_0063.00,sample020.mp4,,60.0,63.0,3.0,,,,,,,,,,,,,,,,,
sample020_0063.00_0066.00,sample020.mp4,,63.0,66.0,3.0,,,,,,,,,,,,,,,,,
sample020_0066.00_0069.00,sample020.mp4,,66.0,69.0,3.0,,,,,,,,,,,,,,,,,
sample020_0069.00_0072.00,sample020.mp4,,69.0,72.0,3.0,,,,,,,,,,,,,,,,,
sample020_0072.00_0075.00,sample020.mp4,,72.0,75.0,3.0,,,,,,,,,,,,,,,,,
sample020_0075.00_0078.00,sample020.mp4,,75.0,78.0,3.0,,,,,,,,,,,,,,,,,
sample020_0078.00_0081.00,sample020.mp4,,78.0,81.0,3.0,,,,,,,,,,,,,,,,,
sample020_0081.00_0084.00,sample020.mp4,,81.0,84.0,3.0,,,,,,,,,,,,,,,,,
sample020_0084.00_0087.00,sample020.mp4,,84.0,87.0,3.0,,,,,,,,,,,,,,,,,
sample020_0087.00_0090.00,sample020.mp4,,87.0,90.0,3.0,,,,,,,,,,,,,,,,,
sample020_0090.00_0093.00,sample020.mp4,,90.0,93.0,3.0,,,,,,,,,,,,,,,,,
sample020_0093.00_0096.00,sample020.mp4,,93.0,96.0,3.0,,,,,,,,,,,,,,,,,
sample020_0096.00_0099.00,sample020.mp4,,96.0,99.0,3.0,,,,,,,,,,,,,,,,,
sample020_0099.00_0102.00,sample020.mp4,,99.0,102.0,3.0,,,,,,,,,,,,,,,,,
sample020_0102.00_0105.00,sample020.mp4,,102.0,105.0,3.0,,,,,,,,,,,,,,,,,
sample020_0105.00_0108.00,sample020.mp4,,105.0,108.0,3.0,,,,,,,,,,,,,,,,,
sample020_0108.00_0111.00,sample020.mp4,,108.0,111.0,3.0,,,,,,,,,,,,,,,,,
sample020_0111.00_0114.00,sample020.mp4,,111.0,114.0,3.0,,,,,,,,,,,,,,,,,
sample020_0114.00_0117.00,sample020.mp4,,114.0,117.0,3.0,,,,,,,,,,,,,,,,,
sample020_0117.00_0120.00,sample020.mp4,,117.0,120.0,3.0,,,,,,,,,,,,,,,,,
sample020_0120.00_0123.00,sample020.mp4,,120.0,123.0,3.0,,,,,,,,,,,,,,,,,
sample020_0123.00_0126.00,sample020.mp4,,123.0,126.0,3.0,,,,,,,,,,,,,,,,,
sample020_0126.00_0129.00,sample020.mp4,,126.0,129.0,3.0,,,,,,,,,,,,,,,,,
sample020_0129.00_0132.00,sample020.mp4,,129.0,132.0,3.0,,,,,,,,,,,,,,,,,
sample020_0132.00_0135.00,sample020.mp4,,132.0,135.0,3.0,,,,,,,,,,,,,,,,,
sample020_0135.00_0138.00,sample020.mp4,,135.0,138.0,3.0,,,,,,,,,,,,,,,,,
sample020_0138.00_0141.00,sample020.mp4,,138.0,141.0,3.0,,,,,,,,,,,,,,,,,
sample020_0141.00_0144.00,sample020.mp4,,141.0,144.0,3.0,,,,,,,,,,,,,,,,,
sample020_0144.00_0147.00,sample020.mp4,,144.0,147.0,3.0,,,,,,,,,,,,,,,,,
sample020_0147.00_0150.00,sample020.mp4,,147.0,150.0,3.0,,,,,,,,,,,,,,,,,
sample020_0150.00_0153.00,sample020.mp4,,150.0,153.0,3.0,,,,,,,,,,,,,,,,,
sample020_0153.00_0156.00,sample020.mp4,,153.0,156.0,3.0,,,,,,,,,,,,,,,,,
sample020_0156.00_0159.00,sample020.mp4,,156.0,159.0,3.0,,,,,,,,,,,,,,,,,
sample020_0159.00_0162.00,sample020.mp4,,159.0,162.0,3.0,,,,,,,,,,,,,,,,,
sample020_0162.00_0165.00,sample020.mp4,,162.0,165.0,3.0,,,,,,,,,,,,,,,,,
sample020_0165.00_0168.00,sample020.mp4,,165.0,168.0,3.0,,,,,,,,,,,,,,,,,
sample020_0168.00_0171.00,sample020.mp4,,168.0,171.0,3.0,,,,,,,,,,,,,,,,,
sample020_0171.00_0174.00,sample020.mp4,,171.0,174.0,3.0,,,,,,,,,,,,,,,,,
sample020_0174.00_0177.00,sample020.mp4,,174.0,177.0,3.0,,,,,,,,,,,,,,,,,
sample020_0177.00_0180.00,sample020.mp4,,177.0,180.0,3.0,,,,,,,,,,,,,,,,,
sample020_0180.00_0183.00,sample020.mp4,,180.0,183.0,3.0,,,,,,,,,,,,,,,,,
sample020_0183.00_0186.00,sample020.mp4,,183.0,186.0,3.0,,,,,,,,,,,,,,,,,
sample020_0186.00_0186.57,sample020.mp4,,186.0,186.57,0.57,,,,,,,,,,,,,,,,,
sample021_0000.00_0003.00,sample021.mp4,,0.0,3.0,3.0,,,,,,,,,,,,,,,,,
sample021_0003.00_0006.00,sample021.mp4,,3.0,6.0,3.0,,,,,,,,,,,,,,,,,
sample021_0006.00_0009.00,sample021.mp4,,6.0,9.0,3.0,,,,,,,,,,,,,,,,,
sample021_0009.00_0012.00,sample021.mp4,,9.0,12.0,3.0,,,,,,,,,,,,,,,,,
sample021_0012.00_0015.00,sample021.mp4,,12.0,15.0,3.0,,,,,,,,,,,,,,,,,
sample021_0015.00_0018.00,sample021.mp4,,15.0,18.0,3.0,,,,,,,,,,,,,,,,,
sample021_0018.00_0021.00,sample021.mp4,,18.0,21.0,3.0,,,,,,,,,,,,,,,,,
sample021_0021.00_0024.00,sample021.mp4,,21.0,24.0,3.0,,,,,,,,,,,,,,,,,
sample021_0024.00_0027.00,sample021.mp4,,24.0,27.0,3.0,,,,,,,,,,,,,,,,,
sample021_0027.00_0030.00,sample021.mp4,,27.0,30.0,3.0,,,,,,,,,,,,,,,,,
sample021_0030.00_0033.00,sample021.mp4,,30.0,33.0,3.0,,,,,,,,,,,,,,,,,
sample021_0033.00_0036.00,sample021.mp4,,33.0,36.0,3.0,,,,,,,,,,,,,,,,,
sample021_0036.00_0039.00,sample021.mp4,,36.0,39.0,3.0,,,,,,,,,,,,,,,,,
sample021_0039.00_0042.00,sample021.mp4,,39.0,42.0,3.0,,,,,,,,,,,,,,,,,
sample021_0042.00_0045.00,sample021.mp4,,42.0,45.0,3.0,,,,,,,,,,,,,,,,,
sample021_0045.00_0048.00,sample021.mp4,,45.0,48.0,3.0,,,,,,,,,,,,,,,,,
sample021_0048.00_0051.00,sample021.mp4,,48.0,51.0,3.0,,,,,,,,,,,,,,,,,
sample021_0051.00_0054.00,sample021.mp4,,51.0,54.0,3.0,,,,,,,,,,,,,,,,,
sample021_0054.00_0057.00,sample021.mp4,,54.0,57.0,3.0,,,,,,,,,,,,,,,,,
sample021_0057.00_0060.00,sample021.mp4,,57.0,60.0,3.0,,,,,,,,,,,,,,,,,
sample021_0060.00_0063.00,sample021.mp4,,60.0,63.0,3.0,,,,,,,,,,,,,,,,,
sample021_0063.00_0066.00,sample021.mp4,,63.0,66.0,3.0,,,,,,,,,,,,,,,,,
sample021_0066.00_0069.00,sample021.mp4,,66.0,69.0,3.0,,,,,,,,,,,,,,,,,
sample021_0069.00_0072.00,sample021.mp4,,69.0,72.0,3.0,,,,,,,,,,,,,,,,,
sample021_0072.00_0075.00,sample021.mp4,,72.0,75.0,3.0,,,,,,,,,,,,,,,,,
sample021_0075.00_0078.00,sample021.mp4,,75.0,78.0,3.0,,,,,,,,,,,,,,,,,
sample021_0078.00_0081.00,sample021.mp4,,78.0,81.0,3.0,,,,,,,,,,,,,,,,,
sample021_0081.00_0084.00,sample021.mp4,,81.0,84.0,3.0,,,,,,,,,,,,,,,,,
sample021_0084.00_0087.00,sample021.mp4,,84.0,87.0,3.0,,,,,,,,,,,,,,,,,
sample021_0087.00_0090.00,sample021.mp4,,87.0,90.0,3.0,,,,,,,,,,,,,,,,,
sample021_0090.00_0093.00,sample021.mp4,,90.0,93.0,3.0,,,,,,,,,,,,,,,,,
sample021_0093.00_0096.00,sample021.mp4,,93.0,96.0,3.0,,,,,,,,,,,,,,,,,
sample021_0096.00_0099.00,sample021.mp4,,96.0,99.0,3.0,,,,,,,,,,,,,,,,,
sample021_0099.00_0102.00,sample021.mp4,,99.0,102.0,3.0,,,,,,,,,,,,,,,,,
sample021_0102.00_0105.00,sample021.mp4,,102.0,105.0,3.0,,,,,,,,,,,,,,,,,
sample021_0105.00_0108.00,sample021.mp4,,105.0,108.0,3.0,,,,,,,,,,,,,,,,,
sample021_0108.00_0111.00,sample021.mp4,,108.0,111.0,3.0,,,,,,,,,,,,,,,,,
sample021_0111.00_0114.00,sample021.mp4,,111.0,114.0,3.0,,,,,,,,,,,,,,,,,
sample021_0114.00_0117.00,sample021.mp4,,114.0,117.0,3.0,,,,,,,,,,,,,,,,,
sample021_0117.00_0120.00,sample021.mp4,,117.0,120.0,3.0,,,,,,,,,,,,,,,,,
sample021_0120.00_0123.00,sample021.mp4,,120.0,123.0,3.0,,,,,,,,,,,,,,,,,
sample021_0123.00_0126.00,sample021.mp4,,123.0,126.0,3.0,,,,,,,,,,,,,,,,,
sample021_0126.00_0129.00,sample021.mp4,,126.0,129.0,3.0,,,,,,,,,,,,,,,,,
sample021_0129.00_0132.00,sample021.mp4,,129.0,132.0,3.0,,,,,,,,,,,,,,,,,
sample021_0132.00_0135.00,sample021.mp4,,132.0,135.0,3.0,,,,,,,,,,,,,,,,,
sample021_0135.00_0138.00,sample021.mp4,,135.0,138.0,3.0,,,,,,,,,,,,,,,,,
sample021_0138.00_0141.00,sample021.mp4,,138.0,141.0,3.0,,,,,,,,,,,,,,,,,
sample021_0141.00_0144.00,sample021.mp4,,141.0,144.0,3.0,,,,,,,,,,,,,,,,,
sample021_0144.00_0147.00,sample021.mp4,,144.0,147.0,3.0,,,,,,,,,,,,,,,,,
sample021_0147.00_0150.00,sample021.mp4,,147.0,150.0,3.0,,,,,,,,,,,,,,,,,
sample021_0150.00_0153.00,sample021.mp4,,150.0,153.0,3.0,,,,,,,,,,,,,,,,,
sample021_0153.00_0156.00,sample021.mp4,,153.0,156.0,3.0,,,,,,,,,,,,,,,,,
sample021_0156.00_0159.00,sample021.mp4,,156.0,159.0,3.0,,,,,,,,,,,,,,,,,
sample021_0159.00_0162.00,sample021.mp4,,159.0,162.0,3.0,,,,,,,,,,,,,,,,,
sample021_0162.00_0165.00,sample021.mp4,,162.0,165.0,3.0,,,,,,,,,,,,,,,,,
sample021_0165.00_0168.00,sample021.mp4,,165.0,168.0,3.0,,,,,,,,,,,,,,,,,
sample021_0168.00_0171.00,sample021.mp4,,168.0,171.0,3.0,,,,,,,,,,,,,,,,,
sample021_0171.00_0174.00,sample021.mp4,,171.0,174.0,3.0,,,,,,,,,,,,,,,,,
sample021_0174.00_0177.00,sample021.mp4,,174.0,177.0,3.0,,,,,,,,,,,,,,,,,
sample021_0177.00_0180.00,sample021.mp4,,177.0,180.0,3.0,,,,,,,,,,,,,,,,,
sample021_0180.00_0183.00,sample021.mp4,,180.0,183.0,3.0,,,,,,,,,,,,,,,,,
sample021_0183.00_0186.00,sample021.mp4,,183.0,186.0,3.0,,,,,,,,,,,,,,,,,
sample021_0186.00_0189.00,sample021.mp4,,186.0,189.0,3.0,,,,,,,,,,,,,,,,,
sample021_0189.00_0192.00,sample021.mp4,,189.0,192.0,3.0,,,,,,,,,,,,,,,,,
sample021_0192.00_0195.00,sample021.mp4,,192.0,195.0,3.0,,,,,,,,,,,,,,,,,
sample021_0195.00_0198.00,sample021.mp4,,195.0,198.0,3.0,,,,,,,,,,,,,,,,,
sample021_0198.00_0201.00,sample021.mp4,,198.0,201.0,3.0,,,,,,,,,,,,,,,,,
sample021_0201.00_0204.00,sample021.mp4,,201.0,204.0,3.0,,,,,,,,,,,,,,,,,
sample021_0204.00_0207.00,sample021.mp4,,204.0,207.0,3.0,,,,,,,,,,,,,,,,,
sample021_0207.00_0210.00,sample021.mp4,,207.0,210.0,3.0,,,,,,,,,,,,,,,,,
sample021_0210.00_0213.00,sample021.mp4,,210.0,213.0,3.0,,,,,,,,,,,,,,,,,
sample021_0213.00_0216.00,sample021.mp4,,213.0,216.0,3.0,,,,,,,,,,,,,,,,,
sample021_0216.00_0219.00,sample021.mp4,,216.0,219.0,3.0,,,,,,,,,,,,,,,,,
sample021_0219.00_0222.00,sample021.mp4,,219.0,222.0,3.0,,,,,,,,,,,,,,,,,
sample021_0222.00_0225.00,sample021.mp4,,222.0,225.0,3.0,,,,,,,,,,,,,,,,,
sample021_0225.00_0228.00,sample021.mp4,,225.0,228.0,3.0,,,,,,,,,,,,,,,,,
sample021_0228.00_0231.00,sample021.mp4,,228.0,231.0,3.0,,,,,,,,,,,,,,,,,
sample021_0231.00_0234.00,sample021.mp4,,231.0,234.0,3.0,,,,,,,,,,,,,,,,,
sample021_0234.00_0237.00,sample021.mp4,,234.0,237.0,3.0,,,,,,,,,,,,,,,,,
sample021_0237.00_0240.00,sample021.mp4,,237.0,240.0,3.0,,,,,,,,,,,,,,,,,
sample021_0240.00_0243.00,sample021.mp4,,240.0,243.0,3.0,,,,,,,,,,,,,,,,,
sample021_0243.00_0246.00,sample021.mp4,,243.0,246.0,3.0,,,,,,,,,,,,,,,,,
sample021_0246.00_0249.00,sample021.mp4,,246.0,249.0,3.0,,,,,,,,,,,,,,,,,
sample021_0249.00_0252.00,sample021.mp4,,249.0,252.0,3.0,,,,,,,,,,,,,,,,,
sample021_0252.00_0255.00,sample021.mp4,,252.0,255.0,3.0,,,,,,,,,,,,,,,,,
sample021_0255.00_0258.00,sample021.mp4,,255.0,258.0,3.0,,,,,,,,,,,,,,,,,
sample021_0258.00_0261.00,sample021.mp4,,258.0,261.0,3.0,,,,,,,,,,,,,,,,,
sample021_0261.00_0264.00,sample021.mp4,,261.0,264.0,3.0,,,,,,,,,,,,,,,,,
sample021_0264.00_0264.20,sample021.mp4,,264.0,264.2,0.2,,,,,,,,,,,,,,,,,
sample022_0000.00_0003.00,sample022.mp4,,0.0,3.0,3.0,,,,,,,,,,,,,,,,,
sample022_0003.00_0006.00,sample022.mp4,,3.0,6.0,3.0,,,,,,,,,,,,,,,,,
sample022_0006.00_0009.00,sample022.mp4,,6.0,9.0,3.0,,,,,,,,,,,,,,,,,
sample022_0009.00_0012.00,sample022.mp4,,9.0,12.0,3.0,,,,,,,,,,,,,,,,,
sample022_0012.00_0015.00,sample022.mp4,,12.0,15.0,3.0,,,,,,,,,,,,,,,,,
sample022_0015.00_0018.00,sample022.mp4,,15.0,18.0,3.0,,,,,,,,,,,,,,,,,
sample022_0018.00_0021.00,sample022.mp4,,18.0,21.0,3.0,,,,,,,,,,,,,,,,,
sample022_0021.00_0024.00,sample022.mp4,,21.0,24.0,3.0,,,,,,,,,,,,,,,,,
sample022_0024.00_0027.00,sample022.mp4,,24.0,27.0,3.0,,,,,,,,,,,,,,,,,
sample022_0027.00_0030.00,sample022.mp4,,27.0,30.0,3.0,,,,,,,,,,,,,,,,,
sample022_0030.00_0033.00,sample022.mp4,,30.0,33.0,3.0,,,,,,,,,,,,,,,,,
sample022_0033.00_0036.00,sample022.mp4,,33.0,36.0,3.0,,,,,,,,,,,,,,,,,
sample022_0036.00_0039.00,sample022.mp4,,36.0,39.0,3.0,,,,,,,,,,,,,,,,,
sample022_0039.00_0042.00,sample022.mp4,,39.0,42.0,3.0,,,,,,,,,,,,,,,,,
sample022_0042.00_0045.00,sample022.mp4,,42.0,45.0,3.0,,,,,,,,,,,,,,,,,
sample022_0045.00_0048.00,sample022.mp4,,45.0,48.0,3.0,,,,,,,,,,,,,,,,,
sample022_0048.00_0051.00,sample022.mp4,,48.0,51.0,3.0,,,,,,,,,,,,,,,,,
sample022_0051.00_0054.00,sample022.mp4,,51.0,54.0,3.0,,,,,,,,,,,,,,,,,
sample022_0054.00_0057.00,sample022.mp4,,54.0,57.0,3.0,,,,,,,,,,,,,,,,,
sample022_0057.00_0060.00,sample022.mp4,,57.0,60.0,3.0,,,,,,,,,,,,,,,,,
sample022_0060.00_0063.00,sample022.mp4,,60.0,63.0,3.0,,,,,,,,,,,,,,,,,
sample022_0063.00_0066.00,sample022.mp4,,63.0,66.0,3.0,,,,,,,,,,,,,,,,,
sample022_0066.00_0069.00,sample022.mp4,,66.0,69.0,3.0,,,,,,,,,,,,,,,,,
sample022_0069.00_0072.00,sample022.mp4,,69.0,72.0,3.0,,,,,,,,,,,,,,,,,
sample022_0072.00_0075.00,sample022.mp4,,72.0,75.0,3.0,,,,,,,,,,,,,,,,,
sample022_0075.00_0078.00,sample022.mp4,,75.0,78.0,3.0,,,,,,,,,,,,,,,,,
sample022_0078.00_0081.00,sample022.mp4,,78.0,81.0,3.0,,,,,,,,,,,,,,,,,
sample022_0081.00_0084.00,sample022.mp4,,81.0,84.0,3.0,,,,,,,,,,,,,,,,,
sample022_0084.00_0087.00,sample022.mp4,,84.0,87.0,3.0,,,,,,,,,,,,,,,,,
sample022_0087.00_0090.00,sample022.mp4,,87.0,90.0,3.0,,,,,,,,,,,,,,,,,
sample022_0090.00_0093.00,sample022.mp4,,90.0,93.0,3.0,,,,,,,,,,,,,,,,,
sample022_0093.00_0096.00,sample022.mp4,,93.0,96.0,3.0,,,,,,,,,,,,,,,,,
sample022_0096.00_0099.00,sample022.mp4,,96.0,99.0,3.0,,,,,,,,,,,,,,,,,
sample022_0099.00_0102.00,sample022.mp4,,99.0,102.0,3.0,,,,,,,,,,,,,,,,,
sample022_0102.00_0105.00,sample022.mp4,,102.0,105.0,3.0,,,,,,,,,,,,,,,,,
sample022_0105.00_0108.00,sample022.mp4,,105.0,108.0,3.0,,,,,,,,,,,,,,,,,
sample022_0108.00_0111.00,sample022.mp4,,108.0,111.0,3.0,,,,,,,,,,,,,,,,,
sample022_0111.00_0114.00,sample022.mp4,,111.0,114.0,3.0,,,,,,,,,,,,,,,,,
sample022_0114.00_0117.00,sample022.mp4,,114.0,117.0,3.0,,,,,,,,,,,,,,,,,
sample022_0117.00_0120.00,sample022.mp4,,117.0,120.0,3.0,,,,,,,,,,,,,,,,,
sample022_0120.00_0123.00,sample022.mp4,,120.0,123.0,3.0,,,,,,,,,,,,,,,,,
sample022_0123.00_0126.00,sample022.mp4,,123.0,126.0,3.0,,,,,,,,,,,,,,,,,
sample022_0126.00_0129.00,sample022.mp4,,126.0,129.0,3.0,,,,,,,,,,,,,,,,,
sample022_0129.00_0132.00,sample022.mp4,,129.0,132.0,3.0,,,,,,,,,,,,,,,,,
sample022_0132.00_0135.00,sample022.mp4,,132.0,135.0,3.0,,,,,,,,,,,,,,,,,
sample022_0135.00_0138.00,sample022.mp4,,135.0,138.0,3.0,,,,,,,,,,,,,,,,,
sample022_0138.00_0141.00,sample022.mp4,,138.0,141.0,3.0,,,,,,,,,,,,,,,,,
sample022_0141.00_0144.00,sample022.mp4,,141.0,144.0,3.0,,,,,,,,,,,,,,,,,
sample022_0144.00_0147.00,sample022.mp4,,144.0,147.0,3.0,,,,,,,,,,,,,,,,,
sample022_0147.00_0150.00,sample022.mp4,,147.0,150.0,3.0,,,,,,,,,,,,,,,,,
sample022_0150.00_0153.00,sample022.mp4,,150.0,153.0,3.0,,,,,,,,,,,,,,,,,
sample022_0153.00_0156.00,sample022.mp4,,153.0,156.0,3.0,,,,,,,,,,,,,,,,,
sample022_0156.00_0159.00,sample022.mp4,,156.0,159.0,3.0,,,,,,,,,,,,,,,,,
sample022_0159.00_0162.00,sample022.mp4,,159.0,162.0,3.0,,,,,,,,,,,,,,,,,
sample022_0162.00_0165.00,sample022.mp4,,162.0,165.0,3.0,,,,,,,,,,,,,,,,,
sample022_0165.00_0168.00,sample022.mp4,,165.0,168.0,3.0,,,,,,,,,,,,,,,,,
sample022_0168.00_0171.00,sample022.mp4,,168.0,171.0,3.0,,,,,,,,,,,,,,,,,
sample022_0171.00_0174.00,sample022.mp4,,171.0,174.0,3.0,,,,,,,,,,,,,,,,,
sample022_0174.00_0177.00,sample022.mp4,,174.0,177.0,3.0,,,,,,,,,,,,,,,,,
sample022_0177.00_0180.00,sample022.mp4,,177.0,180.0,3.0,,,,,,,,,,,,,,,,,
sample022_0180.00_0183.00,sample022.mp4,,180.0,183.0,3.0,,,,,,,,,,,,,,,,,
sample022_0183.00_0186.00,sample022.mp4,,183.0,186.0,3.0,,,,,,,,,,,,,,,,,
sample022_0186.00_0189.00,sample022.mp4,,186.0,189.0,3.0,,,,,,,,,,,,,,,,,
sample022_0189.00_0192.00,sample022.mp4,,189.0,192.0,3.0,,,,,,,,,,,,,,,,,
sample022_0192.00_0195.00,sample022.mp4,,192.0,195.0,3.0,,,,,,,,,,,,,,,,,
sample022_0195.00_0198.00,sample022.mp4,,195.0,198.0,3.0,,,,,,,,,,,,,,,,,
sample022_0198.00_0201.00,sample022.mp4,,198.0,201.0,3.0,,,,,,,,,,,,,,,,,
sample022_0201.00_0204.00,sample022.mp4,,201.0,204.0,3.0,,,,,,,,,,,,,,,,,
sample022_0204.00_0207.00,sample022.mp4,,204.0,207.0,3.0,,,,,,,,,,,,,,,,,
sample022_0207.00_0210.00,sample022.mp4,,207.0,210.0,3.0,,,,,,,,,,,,,,,,,
sample022_0210.00_0213.00,sample022.mp4,,210.0,213.0,3.0,,,,,,,,,,,,,,,,,
sample022_0213.00_0216.00,sample022.mp4,,213.0,216.0,3.0,,,,,,,,,,,,,,,,,
sample022_0216.00_0219.00,sample022.mp4,,216.0,219.0,3.0,,,,,,,,,,,,,,,,,
sample022_0219.00_0222.00,sample022.mp4,,219.0,222.0,3.0,,,,,,,,,,,,,,,,,
sample022_0222.00_0225.00,sample022.mp4,,222.0,225.0,3.0,,,,,,,,,,,,,,,,,
sample022_0225.00_0228.00,sample022.mp4,,225.0,228.0,3.0,,,,,,,,,,,,,,,,,
sample022_0228.00_0231.00,sample022.mp4,,228.0,231.0,3.0,,,,,,,,,,,,,,,,,
sample022_0231.00_0234.00,sample022.mp4,,231.0,234.0,3.0,,,,,,,,,,,,,,,,,
sample022_0234.00_0237.00,sample022.mp4,,234.0,237.0,3.0,,,,,,,,,,,,,,,,,
sample022_0237.00_0240.00,sample022.mp4,,237.0,240.0,3.0,,,,,,,,,,,,,,,,,
sample022_0240.00_0243.00,sample022.mp4,,240.0,243.0,3.0,,,,,,,,,,,,,,,,,
sample022_0243.00_0246.00,sample022.mp4,,243.0,246.0,3.0,,,,,,,,,,,,,,,,,
sample022_0246.00_0249.00,sample022.mp4,,246.0,249.0,3.0,,,,,,,,,,,,,,,,,
sample022_0249.00_0252.00,sample022.mp4,,249.0,252.0,3.0,,,,,,,,,,,,,,,,,
sample022_0252.00_0255.00,sample022.mp4,,252.0,255.0,3.0,,,,,,,,,,,,,,,,,
sample022_0255.00_0258.00,sample022.mp4,,255.0,258.0,3.0,,,,,,,,,,,,,,,,,
sample022_0258.00_0261.00,sample022.mp4,,258.0,261.0,3.0,,,,,,,,,,,,,,,,,
sample022_0261.00_0262.14,sample022.mp4,,261.0,262.14,1.14,,,,,,,,,,,,,,,,,
sample023_0000.00_0003.00,sample023.mp4,,0.0,3.0,3.0,,,,,,,,,,,,,,,,,
sample023_0003.00_0006.00,sample023.mp4,,3.0,6.0,3.0,,,,,,,,,,,,,,,,,
sample023_0006.00_0009.00,sample023.mp4,,6.0,9.0,3.0,,,,,,,,,,,,,,,,,
sample023_0009.00_0012.00,sample023.mp4,,9.0,12.0,3.0,,,,,,,,,,,,,,,,,
sample023_0012.00_0015.00,sample023.mp4,,12.0,15.0,3.0,,,,,,,,,,,,,,,,,
sample023_0015.00_0018.00,sample023.mp4,,15.0,18.0,3.0,,,,,,,,,,,,,,,,,
sample023_0018.00_0021.00,sample023.mp4,,18.0,21.0,3.0,,,,,,,,,,,,,,,,,
sample023_0021.00_0024.00,sample023.mp4,,21.0,24.0,3.0,,,,,,,,,,,,,,,,,
sample023_0024.00_0027.00,sample023.mp4,,24.0,27.0,3.0,,,,,,,,,,,,,,,,,
sample023_0027.00_0030.00,sample023.mp4,,27.0,30.0,3.0,,,,,,,,,,,,,,,,,
sample023_0030.00_0033.00,sample023.mp4,,30.0,33.0,3.0,,,,,,,,,,,,,,,,,
sample023_0033.00_0036.00,sample023.mp4,,33.0,36.0,3.0,,,,,,,,,,,,,,,,,
sample023_0036.00_0039.00,sample023.mp4,,36.0,39.0,3.0,,,,,,,,,,,,,,,,,
sample023_0039.00_0042.00,sample023.mp4,,39.0,42.0,3.0,,,,,,,,,,,,,,,,,
sample023_0042.00_0045.00,sample023.mp4,,42.0,45.0,3.0,,,,,,,,,,,,,,,,,
sample023_0045.00_0048.00,sample023.mp4,,45.0,48.0,3.0,,,,,,,,,,,,,,,,,
sample023_0048.00_0051.00,sample023.mp4,,48.0,51.0,3.0,,,,,,,,,,,,,,,,,
sample023_0051.00_0054.00,sample023.mp4,,51.0,54.0,3.0,,,,,,,,,,,,,,,,,
sample023_0054.00_0057.00,sample023.mp4,,54.0,57.0,3.0,,,,,,,,,,,,,,,,,
sample023_0057.00_0060.00,sample023.mp4,,57.0,60.0,3.0,,,,,,,,,,,,,,,,,
sample023_0060.00_0063.00,sample023.mp4,,60.0,63.0,3.0,,,,,,,,,,,,,,,,,
sample023_0063.00_0066.00,sample023.mp4,,63.0,66.0,3.0,,,,,,,,,,,,,,,,,
sample023_0066.00_0069.00,sample023.mp4,,66.0,69.0,3.0,,,,,,,,,,,,,,,,,
sample023_0069.00_0072.00,sample023.mp4,,69.0,72.0,3.0,,,,,,,,,,,,,,,,,
sample023_0072.00_0075.00,sample023.mp4,,72.0,75.0,3.0,,,,,,,,,,,,,,,,,
sample023_0075.00_0078.00,sample023.mp4,,75.0,78.0,3.0,,,,,,,,,,,,,,,,,
sample023_0078.00_0081.00,sample023.mp4,,78.0,81.0,3.0,,,,,,,,,,,,,,,,,
sample023_0081.00_0084.00,sample023.mp4,,81.0,84.0,3.0,,,,,,,,,,,,,,,,,
sample023_0084.00_0087.00,sample023.mp4,,84.0,87.0,3.0,,,,,,,,,,,,,,,,,
sample023_0087.00_0090.00,sample023.mp4,,87.0,90.0,3.0,,,,,,,,,,,,,,,,,
sample023_0090.00_0093.00,sample023.mp4,,90.0,93.0,3.0,,,,,,,,,,,,,,,,,
sample023_0093.00_0096.00,sample023.mp4,,93.0,96.0,3.0,,,,,,,,,,,,,,,,,
sample023_0096.00_0099.00,sample023.mp4,,96.0,99.0,3.0,,,,,,,,,,,,,,,,,
sample023_0099.00_0102.00,sample023.mp4,,99.0,102.0,3.0,,,,,,,,,,,,,,,,,
sample023_0102.00_0105.00,sample023.mp4,,102.0,105.0,3.0,,,,,,,,,,,,,,,,,
sample023_0105.00_0108.00,sample023.mp4,,105.0,108.0,3.0,,,,,,,,,,,,,,,,,
sample023_0108.00_0111.00,sample023.mp4,,108.0,111.0,3.0,,,,,,,,,,,,,,,,,
sample023_0111.00_0114.00,sample023.mp4,,111.0,114.0,3.0,,,,,,,,,,,,,,,,,
sample023_0114.00_0117.00,sample023.mp4,,114.0,117.0,3.0,,,,,,,,,,,,,,,,,
sample023_0117.00_0120.00,sample023.mp4,,117.0,120.0,3.0,,,,,,,,,,,,,,,,,
sample023_0120.00_0123.00,sample023.mp4,,120.0,123.0,3.0,,,,,,,,,,,,,,,,,
sample023_0123.00_0126.00,sample023.mp4,,123.0,126.0,3.0,,,,,,,,,,,,,,,,,
sample023_0126.00_0129.00,sample023.mp4,,126.0,129.0,3.0,,,,,,,,,,,,,,,,,
sample023_0129.00_0132.00,sample023.mp4,,129.0,132.0,3.0,,,,,,,,,,,,,,,,,
sample023_0132.00_0135.00,sample023.mp4,,132.0,135.0,3.0,,,,,,,,,,,,,,,,,
sample023_0135.00_0138.00,sample023.mp4,,135.0,138.0,3.0,,,,,,,,,,,,,,,,,
sample023_0138.00_0141.00,sample023.mp4,,138.0,141.0,3.0,,,,,,,,,,,,,,,,,
sample023_0141.00_0144.00,sample023.mp4,,141.0,144.0,3.0,,,,,,,,,,,,,,,,,
sample023_0144.00_0147.00,sample023.mp4,,144.0,147.0,3.0,,,,,,,,,,,,,,,,,
sample023_0147.00_0150.00,sample023.mp4,,147.0,150.0,3.0,,,,,,,,,,,,,,,,,
sample023_0150.00_0153.00,sample023.mp4,,150.0,153.0,3.0,,,,,,,,,,,,,,,,,
sample023_0153.00_0156.00,sample023.mp4,,153.0,156.0,3.0,,,,,,,,,,,,,,,,,
sample023_0156.00_0159.00,sample023.mp4,,156.0,159.0,3.0,,,,,,,,,,,,,,,,,
sample023_0159.00_0162.00,sample023.mp4,,159.0,162.0,3.0,,,,,,,,,,,,,,,,,
sample023_0162.00_0165.00,sample023.mp4,,162.0,165.0,3.0,,,,,,,,,,,,,,,,,
sample023_0165.00_0168.00,sample023.mp4,,165.0,168.0,3.0,,,,,,,,,,,,,,,,,
sample023_0168.00_0171.00,sample023.mp4,,168.0,171.0,3.0,,,,,,,,,,,,,,,,,
sample023_0171.00_0174.00,sample023.mp4,,171.0,174.0,3.0,,,,,,,,,,,,,,,,,
sample023_0174.00_0177.00,sample023.mp4,,174.0,177.0,3.0,,,,,,,,,,,,,,,,,
sample023_0177.00_0180.00,sample023.mp4,,177.0,180.0,3.0,,,,,,,,,,,,,,,,,
sample023_0180.00_0183.00,sample023.mp4,,180.0,183.0,3.0,,,,,,,,,,,,,,,,,
sample023_0183.00_0186.00,sample023.mp4,,183.0,186.0,3.0,,,,,,,,,,,,,,,,,
sample023_0186.00_0189.00,sample023.mp4,,186.0,189.0,3.0,,,,,,,,,,,,,,,,,
sample023_0189.00_0192.00,sample023.mp4,,189.0,192.0,3.0,,,,,,,,,,,,,,,,,
sample023_0192.00_0195.00,sample023.mp4,,192.0,195.0,3.0,,,,,,,,,,,,,,,,,
sample023_0195.00_0198.00,sample023.mp4,,195.0,198.0,3.0,,,,,,,,,,,,,,,,,
sample023_0198.00_0201.00,sample023.mp4,,198.0,201.0,3.0,,,,,,,,,,,,,,,,,
sample023_0201.00_0204.00,sample023.mp4,,201.0,204.0,3.0,,,,,,,,,,,,,,,,,
sample023_0204.00_0207.00,sample023.mp4,,204.0,207.0,3.0,,,,,,,,,,,,,,,,,
sample023_0207.00_0210.00,sample023.mp4,,207.0,210.0,3.0,,,,,,,,,,,,,,,,,
sample023_0210.00_0213.00,sample023.mp4,,210.0,213.0,3.0,,,,,,,,,,,,,,,,,
sample023_0213.00_0216.00,sample023.mp4,,213.0,216.0,3.0,,,,,,,,,,,,,,,,,
sample023_0216.00_0219.00,sample023.mp4,,216.0,219.0,3.0,,,,,,,,,,,,,,,,,
sample023_0219.00_0222.00,sample023.mp4,,219.0,222.0,3.0,,,,,,,,,,,,,,,,,
sample023_0222.00_0225.00,sample023.mp4,,222.0,225.0,3.0,,,,,,,,,,,,,,,,,
sample023_0225.00_0228.00,sample023.mp4,,225.0,228.0,3.0,,,,,,,,,,,,,,,,,
sample023_0228.00_0231.00,sample023.mp4,,228.0,231.0,3.0,,,,,,,,,,,,,,,,,
sample023_0231.00_0234.00,sample023.mp4,,231.0,234.0,3.0,,,,,,,,,,,,,,,,,
sample023_0234.00_0237.00,sample023.mp4,,234.0,237.0,3.0,,,,,,,,,,,,,,,,,
sample023_0237.00_0240.00,sample023.mp4,,237.0,240.0,3.0,,,,,,,,,,,,,,,,,
sample023_0240.00_0243.00,sample023.mp4,,240.0,243.0,3.0,,,,,,,,,,,,,,,,,
sample023_0243.00_0246.00,sample023.mp4,,243.0,246.0,3.0,,,,,,,,,,,,,,,,,
sample023_0246.00_0249.00,sample023.mp4,,246.0,249.0,3.0,,,,,,,,,,,,,,,,,
sample023_0249.00_0252.00,sample023.mp4,,249.0,252.0,3.0,,,,,,,,,,,,,,,,,
sample023_0252.00_0255.00,sample023.mp4,,252.0,255.0,3.0,,,,,,,,,,,,,,,,,
sample023_0255.00_0258.00,sample023.mp4,,255.0,258.0,3.0,,,,,,,,,,,,,,,,,
sample023_0258.00_0261.00,sample023.mp4,,258.0,261.0,3.0,,,,,,,,,,,,,,,,,
sample023_0261.00_0264.00,sample023.mp4,,261.0,264.0,3.0,,,,,,,,,,,,,,,,,
sample023_0264.00_0264.63,sample023.mp4,,264.0,264.63,0.63,,,,,,,,,,,,,,,,,
sample024_0000.00_0003.00,sample024.mp4,,0.0,3.0,3.0,,,,,,,,,,,,,,,,,
sample024_0003.00_0006.00,sample024.mp4,,3.0,6.0,3.0,,,,,,,,,,,,,,,,,
sample024_0006.00_0009.00,sample024.mp4,,6.0,9.0,3.0,,,,,,,,,,,,,,,,,
sample024_0009.00_0012.00,sample024.mp4,,9.0,12.0,3.0,,,,,,,,,,,,,,,,,
sample024_0012.00_0015.00,sample024.mp4,,12.0,15.0,3.0,,,,,,,,,,,,,,,,,
sample024_0015.00_0018.00,sample024.mp4,,15.0,18.0,3.0,,,,,,,,,,,,,,,,,
sample024_0018.00_0021.00,sample024.mp4,,18.0,21.0,3.0,,,,,,,,,,,,,,,,,
sample024_0021.00_0024.00,sample024.mp4,,21.0,24.0,3.0,,,,,,,,,,,,,,,,,
sample024_0024.00_0027.00,sample024.mp4,,24.0,27.0,3.0,,,,,,,,,,,,,,,,,
sample024_0027.00_0030.00,sample024.mp4,,27.0,30.0,3.0,,,,,,,,,,,,,,,,,
sample024_0030.00_0033.00,sample024.mp4,,30.0,33.0,3.0,,,,,,,,,,,,,,,,,
sample024_0033.00_0036.00,sample024.mp4,,33.0,36.0,3.0,,,,,,,,,,,,,,,,,
sample024_0036.00_0039.00,sample024.mp4,,36.0,39.0,3.0,,,,,,,,,,,,,,,,,
sample024_0039.00_0042.00,sample024.mp4,,39.0,42.0,3.0,,,,,,,,,,,,,,,,,
sample024_0042.00_0045.00,sample024.mp4,,42.0,45.0,3.0,,,,,,,,,,,,,,,,,
sample024_0045.00_0048.00,sample024.mp4,,45.0,48.0,3.0,,,,,,,,,,,,,,,,,
sample024_0048.00_0051.00,sample024.mp4,,48.0,51.0,3.0,,,,,,,,,,,,,,,,,
sample024_0051.00_0054.00,sample024.mp4,,51.0,54.0,3.0,,,,,,,,,,,,,,,,,
sample024_0054.00_0057.00,sample024.mp4,,54.0,57.0,3.0,,,,,,,,,,,,,,,,,
sample024_0057.00_0060.00,sample024.mp4,,57.0,60.0,3.0,,,,,,,,,,,,,,,,,
sample024_0060.00_0063.00,sample024.mp4,,60.0,63.0,3.0,,,,,,,,,,,,,,,,,
sample024_0063.00_0066.00,sample024.mp4,,63.0,66.0,3.0,,,,,,,,,,,,,,,,,
sample024_0066.00_0069.00,sample024.mp4,,66.0,69.0,3.0,,,,,,,,,,,,,,,,,
sample024_0069.00_0072.00,sample024.mp4,,69.0,72.0,3.0,,,,,,,,,,,,,,,,,
sample024_0072.00_0075.00,sample024.mp4,,72.0,75.0,3.0,,,,,,,,,,,,,,,,,
sample024_0075.00_0078.00,sample024.mp4,,75.0,78.0,3.0,,,,,,,,,,,,,,,,,
sample024_0078.00_0081.00,sample024.mp4,,78.0,81.0,3.0,,,,,,,,,,,,,,,,,
sample024_0081.00_0084.00,sample024.mp4,,81.0,84.0,3.0,,,,,,,,,,,,,,,,,
sample024_0084.00_0087.00,sample024.mp4,,84.0,87.0,3.0,,,,,,,,,,,,,,,,,
sample024_0087.00_0090.00,sample024.mp4,,87.0,90.0,3.0,,,,,,,,,,,,,,,,,
sample024_0090.00_0093.00,sample024.mp4,,90.0,93.0,3.0,,,,,,,,,,,,,,,,,
sample024_0093.00_0096.00,sample024.mp4,,93.0,96.0,3.0,,,,,,,,,,,,,,,,,
sample024_0096.00_0099.00,sample024.mp4,,96.0,99.0,3.0,,,,,,,,,,,,,,,,,
sample024_0099.00_0102.00,sample024.mp4,,99.0,102.0,3.0,,,,,,,,,,,,,,,,,
sample024_0102.00_0105.00,sample024.mp4,,102.0,105.0,3.0,,,,,,,,,,,,,,,,,
sample024_0105.00_0108.00,sample024.mp4,,105.0,108.0,3.0,,,,,,,,,,,,,,,,,
sample024_0108.00_0111.00,sample024.mp4,,108.0,111.0,3.0,,,,,,,,,,,,,,,,,
sample024_0111.00_0114.00,sample024.mp4,,111.0,114.0,3.0,,,,,,,,,,,,,,,,,
sample024_0114.00_0117.00,sample024.mp4,,114.0,117.0,3.0,,,,,,,,,,,,,,,,,
sample024_0117.00_0120.00,sample024.mp4,,117.0,120.0,3.0,,,,,,,,,,,,,,,,,
sample024_0120.00_0123.00,sample024.mp4,,120.0,123.0,3.0,,,,,,,,,,,,,,,,,
sample024_0123.00_0126.00,sample024.mp4,,123.0,126.0,3.0,,,,,,,,,,,,,,,,,
sample024_0126.00_0129.00,sample024.mp4,,126.0,129.0,3.0,,,,,,,,,,,,,,,,,
sample024_0129.00_0132.00,sample024.mp4,,129.0,132.0,3.0,,,,,,,,,,,,,,,,,
sample024_0132.00_0135.00,sample024.mp4,,132.0,135.0,3.0,,,,,,,,,,,,,,,,,
sample024_0135.00_0138.00,sample024.mp4,,135.0,138.0,3.0,,,,,,,,,,,,,,,,,
sample024_0138.00_0141.00,sample024.mp4,,138.0,141.0,3.0,,,,,,,,,,,,,,,,,
sample024_0141.00_0144.00,sample024.mp4,,141.0,144.0,3.0,,,,,,,,,,,,,,,,,
sample024_0144.00_0147.00,sample024.mp4,,144.0,147.0,3.0,,,,,,,,,,,,,,,,,
sample024_0147.00_0150.00,sample024.mp4,,147.0,150.0,3.0,,,,,,,,,,,,,,,,,
sample024_0150.00_0153.00,sample024.mp4,,150.0,153.0,3.0,,,,,,,,,,,,,,,,,
sample024_0153.00_0156.00,sample024.mp4,,153.0,156.0,3.0,,,,,,,,,,,,,,,,,
sample024_0156.00_0159.00,sample024.mp4,,156.0,159.0,3.0,,,,,,,,,,,,,,,,,
sample024_0159.00_0162.00,sample024.mp4,,159.0,162.0,3.0,,,,,,,,,,,,,,,,,
sample024_0162.00_0165.00,sample024.mp4,,162.0,165.0,3.0,,,,,,,,,,,,,,,,,
sample024_0165.00_0168.00,sample024.mp4,,165.0,168.0,3.0,,,,,,,,,,,,,,,,,
sample024_0168.00_0171.00,sample024.mp4,,168.0,171.0,3.0,,,,,,,,,,,,,,,,,
sample024_0171.00_0174.00,sample024.mp4,,171.0,174.0,3.0,,,,,,,,,,,,,,,,,
sample024_0174.00_0177.00,sample024.mp4,,174.0,177.0,3.0,,,,,,,,,,,,,,,,,
sample024_0177.00_0180.00,sample024.mp4,,177.0,180.0,3.0,,,,,,,,,,,,,,,,,
sample024_0180.00_0180.48,sample024.mp4,,180.0,180.48,0.48,,,,,,,,,,,,,,,,,
sample025_0000.00_0003.00,sample025.mp4,,0.0,3.0,3.0,,,,,,,,,,,,,,,,,
sample025_0003.00_0006.00,sample025.mp4,,3.0,6.0,3.0,,,,,,,,,,,,,,,,,
sample025_0006.00_0009.00,sample025.mp4,,6.0,9.0,3.0,,,,,,,,,,,,,,,,,
sample025_0009.00_0012.00,sample025.mp4,,9.0,12.0,3.0,,,,,,,,,,,,,,,,,
sample025_0012.00_0015.00,sample025.mp4,,12.0,15.0,3.0,,,,,,,,,,,,,,,,,
sample025_0015.00_0018.00,sample025.mp4,,15.0,18.0,3.0,,,,,,,,,,,,,,,,,
sample025_0018.00_0021.00,sample025.mp4,,18.0,21.0,3.0,,,,,,,,,,,,,,,,,
sample025_0021.00_0024.00,sample025.mp4,,21.0,24.0,3.0,,,,,,,,,,,,,,,,,
sample025_0024.00_0027.00,sample025.mp4,,24.0,27.0,3.0,,,,,,,,,,,,,,,,,
sample025_0027.00_0030.00,sample025.mp4,,27.0,30.0,3.0,,,,,,,,,,,,,,,,,
sample025_0030.00_0033.00,sample025.mp4,,30.0,33.0,3.0,,,,,,,,,,,,,,,,,
sample025_0033.00_0036.00,sample025.mp4,,33.0,36.0,3.0,,,,,,,,,,,,,,,,,
sample025_0036.00_0039.00,sample025.mp4,,36.0,39.0,3.0,,,,,,,,,,,,,,,,,
sample025_0039.00_0042.00,sample025.mp4,,39.0,42.0,3.0,,,,,,,,,,,,,,,,,
sample025_0042.00_0045.00,sample025.mp4,,42.0,45.0,3.0,,,,,,,,,,,,,,,,,
sample025_0045.00_0048.00,sample025.mp4,,45.0,48.0,3.0,,,,,,,,,,,,,,,,,
sample025_0048.00_0051.00,sample025.mp4,,48.0,51.0,3.0,,,,,,,,,,,,,,,,,
sample025_0051.00_0054.00,sample025.mp4,,51.0,54.0,3.0,,,,,,,,,,,,,,,,,
sample025_0054.00_0057.00,sample025.mp4,,54.0,57.0,3.0,,,,,,,,,,,,,,,,,
sample025_0057.00_0060.00,sample025.mp4,,57.0,60.0,3.0,,,,,,,,,,,,,,,,,
sample025_0060.00_0063.00,sample025.mp4,,60.0,63.0,3.0,,,,,,,,,,,,,,,,,
sample025_0063.00_0066.00,sample025.mp4,,63.0,66.0,3.0,,,,,,,,,,,,,,,,,
sample025_0066.00_0069.00,sample025.mp4,,66.0,69.0,3.0,,,,,,,,,,,,,,,,,
sample025_0069.00_0072.00,sample025.mp4,,69.0,72.0,3.0,,,,,,,,,,,,,,,,,
sample025_0072.00_0075.00,sample025.mp4,,72.0,75.0,3.0,,,,,,,,,,,,,,,,,
sample025_0075.00_0078.00,sample025.mp4,,75.0,78.0,3.0,,,,,,,,,,,,,,,,,
sample025_0078.00_0081.00,sample025.mp4,,78.0,81.0,3.0,,,,,,,,,,,,,,,,,
sample025_0081.00_0084.00,sample025.mp4,,81.0,84.0,3.0,,,,,,,,,,,,,,,,,
sample025_0084.00_0087.00,sample025.mp4,,84.0,87.0,3.0,,,,,,,,,,,,,,,,,
sample025_0087.00_0090.00,sample025.mp4,,87.0,90.0,3.0,,,,,,,,,,,,,,,,,
sample025_0090.00_0093.00,sample025.mp4,,90.0,93.0,3.0,,,,,,,,,,,,,,,,,
sample025_0093.00_0096.00,sample025.mp4,,93.0,96.0,3.0,,,,,,,,,,,,,,,,,
sample025_0096.00_0099.00,sample025.mp4,,96.0,99.0,3.0,,,,,,,,,,,,,,,,,
sample025_0099.00_0102.00,sample025.mp4,,99.0,102.0,3.0,,,,,,,,,,,,,,,,,
sample025_0102.00_0105.00,sample025.mp4,,102.0,105.0,3.0,,,,,,,,,,,,,,,,,
sample025_0105.00_0108.00,sample025.mp4,,105.0,108.0,3.0,,,,,,,,,,,,,,,,,
sample025_0108.00_0111.00,sample025.mp4,,108.0,111.0,3.0,,,,,,,,,,,,,,,,,
sample025_0111.00_0114.00,sample025.mp4,,111.0,114.0,3.0,,,,,,,,,,,,,,,,,
sample025_0114.00_0117.00,sample025.mp4,,114.0,117.0,3.0,,,,,,,,,,,,,,,,,
sample025_0117.00_0120.00,sample025.mp4,,117.0,120.0,3.0,,,,,,,,,,,,,,,,,
sample025_0120.00_0123.00,sample025.mp4,,120.0,123.0,3.0,,,,,,,,,,,,,,,,,
sample025_0123.00_0126.00,sample025.mp4,,123.0,126.0,3.0,,,,,,,,,,,,,,,,,
sample025_0126.00_0129.00,sample025.mp4,,126.0,129.0,3.0,,,,,,,,,,,,,,,,,
sample025_0129.00_0132.00,sample025.mp4,,129.0,132.0,3.0,,,,,,,,,,,,,,,,,
sample025_0132.00_0135.00,sample025.mp4,,132.0,135.0,3.0,,,,,,,,,,,,,,,,,
sample025_0135.00_0138.00,sample025.mp4,,135.0,138.0,3.0,,,,,,,,,,,,,,,,,
sample025_0138.00_0141.00,sample025.mp4,,138.0,141.0,3.0,,,,,,,,,,,,,,,,,
sample025_0141.00_0144.00,sample025.mp4,,141.0,144.0,3.0,,,,,,,,,,,,,,,,,
sample025_0144.00_0147.00,sample025.mp4,,144.0,147.0,3.0,,,,,,,,,,,,,,,,,
sample025_0147.00_0150.00,sample025.mp4,,147.0,150.0,3.0,,,,,,,,,,,,,,,,,
sample025_0150.00_0153.00,sample025.mp4,,150.0,153.0,3.0,,,,,,,,,,,,,,,,,
sample025_0153.00_0156.00,sample025.mp4,,153.0,156.0,3.0,,,,,,,,,,,,,,,,,
sample025_0156.00_0159.00,sample025.mp4,,156.0,159.0,3.0,,,,,,,,,,,,,,,,,
sample025_0159.00_0162.00,sample025.mp4,,159.0,162.0,3.0,,,,,,,,,,,,,,,,,
sample025_0162.00_0165.00,sample025.mp4,,162.0,165.0,3.0,,,,,,,,,,,,,,,,,
sample025_0165.00_0168.00,sample025.mp4,,165.0,168.0,3.0,,,,,,,,,,,,,,,,,
sample025_0168.00_0171.00,sample025.mp4,,168.0,171.0,3.0,,,,,,,,,,,,,,,,,
sample025_0171.00_0174.00,sample025.mp4,,171.0,174.0,3.0,,,,,,,,,,,,,,,,,
sample025_0174.00_0177.00,sample025.mp4,,174.0,177.0,3.0,,,,,,,,,,,,,,,,,
sample025_0177.00_0180.00,sample025.mp4,,177.0,180.0,3.0,,,,,,,,,,,,,,,,,
sample025_0180.00_0183.00,sample025.mp4,,180.0,183.0,3.0,,,,,,,,,,,,,,,,,
sample025_0183.00_0186.00,sample025.mp4,,183.0,186.0,3.0,,,,,,,,,,,,,,,,,
sample025_0186.00_0189.00,sample025.mp4,,186.0,189.0,3.0,,,,,,,,,,,,,,,,,
sample025_0189.00_0192.00,sample025.mp4,,189.0,192.0,3.0,,,,,,,,,,,,,,,,,
sample025_0192.00_0195.00,sample025.mp4,,192.0,195.0,3.0,,,,,,,,,,,,,,,,,
sample025_0195.00_0198.00,sample025.mp4,,195.0,198.0,3.0,,,,,,,,,,,,,,,,,
sample025_0198.00_0201.00,sample025.mp4,,198.0,201.0,3.0,,,,,,,,,,,,,,,,,
sample025_0201.00_0204.00,sample025.mp4,,201.0,204.0,3.0,,,,,,,,,,,,,,,,,
sample025_0204.00_0207.00,sample025.mp4,,204.0,207.0,3.0,,,,,,,,,,,,,,,,,
sample025_0207.00_0210.00,sample025.mp4,,207.0,210.0,3.0,,,,,,,,,,,,,,,,,
sample025_0210.00_0213.00,sample025.mp4,,210.0,213.0,3.0,,,,,,,,,,,,,,,,,
sample025_0213.00_0216.00,sample025.mp4,,213.0,216.0,3.0,,,,,,,,,,,,,,,,,
sample025_0216.00_0219.00,sample025.mp4,,216.0,219.0,3.0,,,,,,,,,,,,,,,,,
sample025_0219.00_0222.00,sample025.mp4,,219.0,222.0,3.0,,,,,,,,,,,,,,,,,
sample025_0222.00_0225.00,sample025.mp4,,222.0,225.0,3.0,,,,,,,,,,,,,,,,,
sample025_0225.00_0228.00,sample025.mp4,,225.0,228.0,3.0,,,,,,,,,,,,,,,,,
sample025_0228.00_0231.00,sample025.mp4,,228.0,231.0,3.0,,,,,,,,,,,,,,,,,
sample025_0231.00_0234.00,sample025.mp4,,231.0,234.0,3.0,,,,,,,,,,,,,,,,,
sample025_0234.00_0236.23,sample025.mp4,,234.0,236.23,2.23,,,,,,,,,,,,,,,,,
sample026_0000.00_0003.00,sample026.mp4,,0.0,3.0,3.0,,,,,,,,,,,,,,,,,
sample026_0003.00_0006.00,sample026.mp4,,3.0,6.0,3.0,,,,,,,,,,,,,,,,,
sample026_0006.00_0009.00,sample026.mp4,,6.0,9.0,3.0,,,,,,,,,,,,,,,,,
sample026_0009.00_0012.00,sample026.mp4,,9.0,12.0,3.0,,,,,,,,,,,,,,,,,
sample026_0012.00_0015.00,sample026.mp4,,12.0,15.0,3.0,,,,,,,,,,,,,,,,,
sample026_0015.00_0018.00,sample026.mp4,,15.0,18.0,3.0,,,,,,,,,,,,,,,,,
sample026_0018.00_0021.00,sample026.mp4,,18.0,21.0,3.0,,,,,,,,,,,,,,,,,
sample026_0021.00_0024.00,sample026.mp4,,21.0,24.0,3.0,,,,,,,,,,,,,,,,,
sample026_0024.00_0027.00,sample026.mp4,,24.0,27.0,3.0,,,,,,,,,,,,,,,,,
sample026_0027.00_0030.00,sample026.mp4,,27.0,30.0,3.0,,,,,,,,,,,,,,,,,
sample026_0030.00_0033.00,sample026.mp4,,30.0,33.0,3.0,,,,,,,,,,,,,,,,,
sample026_0033.00_0036.00,sample026.mp4,,33.0,36.0,3.0,,,,,,,,,,,,,,,,,
sample026_0036.00_0039.00,sample026.mp4,,36.0,39.0,3.0,,,,,,,,,,,,,,,,,
sample026_0039.00_0042.00,sample026.mp4,,39.0,42.0,3.0,,,,,,,,,,,,,,,,,
sample026_0042.00_0045.00,sample026.mp4,,42.0,45.0,3.0,,,,,,,,,,,,,,,,,
sample026_0045.00_0048.00,sample026.mp4,,45.0,48.0,3.0,,,,,,,,,,,,,,,,,
sample026_0048.00_0051.00,sample026.mp4,,48.0,51.0,3.0,,,,,,,,,,,,,,,,,
sample026_0051.00_0054.00,sample026.mp4,,51.0,54.0,3.0,,,,,,,,,,,,,,,,,
sample026_0054.00_0057.00,sample026.mp4,,54.0,57.0,3.0,,,,,,,,,,,,,,,,,
sample026_0057.00_0060.00,sample026.mp4,,57.0,60.0,3.0,,,,,,,,,,,,,,,,,
sample026_0060.00_0063.00,sample026.mp4,,60.0,63.0,3.0,,,,,,,,,,,,,,,,,
sample026_0063.00_0066.00,sample026.mp4,,63.0,66.0,3.0,,,,,,,,,,,,,,,,,
sample026_0066.00_0069.00,sample026.mp4,,66.0,69.0,3.0,,,,,,,,,,,,,,,,,
sample026_0069.00_0072.00,sample026.mp4,,69.0,72.0,3.0,,,,,,,,,,,,,,,,,
sample026_0072.00_0075.00,sample026.mp4,,72.0,75.0,3.0,,,,,,,,,,,,,,,,,
sample026_0075.00_0078.00,sample026.mp4,,75.0,78.0,3.0,,,,,,,,,,,,,,,,,
sample026_0078.00_0081.00,sample026.mp4,,78.0,81.0,3.0,,,,,,,,,,,,,,,,,
sample026_0081.00_0084.00,sample026.mp4,,81.0,84.0,3.0,,,,,,,,,,,,,,,,,
sample026_0084.00_0087.00,sample026.mp4,,84.0,87.0,3.0,,,,,,,,,,,,,,,,,
sample026_0087.00_0090.00,sample026.mp4,,87.0,90.0,3.0,,,,,,,,,,,,,,,,,
sample026_0090.00_0093.00,sample026.mp4,,90.0,93.0,3.0,,,,,,,,,,,,,,,,,
sample026_0093.00_0096.00,sample026.mp4,,93.0,96.0,3.0,,,,,,,,,,,,,,,,,
sample026_0096.00_0099.00,sample026.mp4,,96.0,99.0,3.0,,,,,,,,,,,,,,,,,
sample026_0099.00_0102.00,sample026.mp4,,99.0,102.0,3.0,,,,,,,,,,,,,,,,,
sample026_0102.00_0105.00,sample026.mp4,,102.0,105.0,3.0,,,,,,,,,,,,,,,,,
sample026_0105.00_0108.00,sample026.mp4,,105.0,108.0,3.0,,,,,,,,,,,,,,,,,
sample026_0108.00_0111.00,sample026.mp4,,108.0,111.0,3.0,,,,,,,,,,,,,,,,,
sample026_0111.00_0114.00,sample026.mp4,,111.0,114.0,3.0,,,,,,,,,,,,,,,,,
sample026_0114.00_0117.00,sample026.mp4,,114.0,117.0,3.0,,,,,,,,,,,,,,,,,
sample026_0117.00_0120.00,sample026.mp4,,117.0,120.0,3.0,,,,,,,,,,,,,,,,,
sample026_0120.00_0123.00,sample026.mp4,,120.0,123.0,3.0,,,,,,,,,,,,,,,,,
sample026_0123.00_0126.00,sample026.mp4,,123.0,126.0,3.0,,,,,,,,,,,,,,,,,
sample026_0126.00_0129.00,sample026.mp4,,126.0,129.0,3.0,,,,,,,,,,,,,,,,,
sample026_0129.00_0132.00,sample026.mp4,,129.0,132.0,3.0,,,,,,,,,,,,,,,,,
sample026_0132.00_0135.00,sample026.mp4,,132.0,135.0,3.0,,,,,,,,,,,,,,,,,
sample026_0135.00_0138.00,sample026.mp4,,135.0,138.0,3.0,,,,,,,,,,,,,,,,,
sample026_0138.00_0141.00,sample026.mp4,,138.0,141.0,3.0,,,,,,,,,,,,,,,,,
sample026_0141.00_0144.00,sample026.mp4,,141.0,144.0,3.0,,,,,,,,,,,,,,,,,
sample026_0144.00_0147.00,sample026.mp4,,144.0,147.0,3.0,,,,,,,,,,,,,,,,,
sample026_0147.00_0150.00,sample026.mp4,,147.0,150.0,3.0,,,,,,,,,,,,,,,,,
sample026_0150.00_0153.00,sample026.mp4,,150.0,153.0,3.0,,,,,,,,,,,,,,,,,
sample026_0153.00_0156.00,sample026.mp4,,153.0,156.0,3.0,,,,,,,,,,,,,,,,,
sample026_0156.00_0159.00,sample026.mp4,,156.0,159.0,3.0,,,,,,,,,,,,,,,,,
sample026_0159.00_0162.00,sample026.mp4,,159.0,162.0,3.0,,,,,,,,,,,,,,,,,
sample026_0162.00_0165.00,sample026.mp4,,162.0,165.0,3.0,,,,,,,,,,,,,,,,,
sample026_0165.00_0168.00,sample026.mp4,,165.0,168.0,3.0,,,,,,,,,,,,,,,,,
sample026_0168.00_0171.00,sample026.mp4,,168.0,171.0,3.0,,,,,,,,,,,,,,,,,
sample026_0171.00_0174.00,sample026.mp4,,171.0,174.0,3.0,,,,,,,,,,,,,,,,,
sample026_0174.00_0177.00,sample026.mp4,,174.0,177.0,3.0,,,,,,,,,,,,,,,,,
sample026_0177.00_0179.52,sample026.mp4,,177.0,179.52,2.52,,,,,,,,,,,,,,,,,
sample027_0000.00_0003.00,sample027.mp4,,0.0,3.0,3.0,,,,,,,,,,,,,,,,,
sample027_0003.00_0006.00,sample027.mp4,,3.0,6.0,3.0,,,,,,,,,,,,,,,,,
sample027_0006.00_0009.00,sample027.mp4,,6.0,9.0,3.0,,,,,,,,,,,,,,,,,
sample027_0009.00_0012.00,sample027.mp4,,9.0,12.0,3.0,,,,,,,,,,,,,,,,,
sample027_0012.00_0015.00,sample027.mp4,,12.0,15.0,3.0,,,,,,,,,,,,,,,,,
sample027_0015.00_0018.00,sample027.mp4,,15.0,18.0,3.0,,,,,,,,,,,,,,,,,
sample027_0018.00_0021.00,sample027.mp4,,18.0,21.0,3.0,,,,,,,,,,,,,,,,,
sample027_0021.00_0024.00,sample027.mp4,,21.0,24.0,3.0,,,,,,,,,,,,,,,,,
sample027_0024.00_0027.00,sample027.mp4,,24.0,27.0,3.0,,,,,,,,,,,,,,,,,
sample027_0027.00_0030.00,sample027.mp4,,27.0,30.0,3.0,,,,,,,,,,,,,,,,,
sample027_0030.00_0033.00,sample027.mp4,,30.0,33.0,3.0,,,,,,,,,,,,,,,,,
sample027_0033.00_0036.00,sample027.mp4,,33.0,36.0,3.0,,,,,,,,,,,,,,,,,
sample027_0036.00_0039.00,sample027.mp4,,36.0,39.0,3.0,,,,,,,,,,,,,,,,,
sample027_0039.00_0042.00,sample027.mp4,,39.0,42.0,3.0,,,,,,,,,,,,,,,,,
sample027_0042.00_0045.00,sample027.mp4,,42.0,45.0,3.0,,,,,,,,,,,,,,,,,
sample027_0045.00_0048.00,sample027.mp4,,45.0,48.0,3.0,,,,,,,,,,,,,,,,,
sample027_0048.00_0051.00,sample027.mp4,,48.0,51.0,3.0,,,,,,,,,,,,,,,,,
sample027_0051.00_0054.00,sample027.mp4,,51.0,54.0,3.0,,,,,,,,,,,,,,,,,
sample027_0054.00_0057.00,sample027.mp4,,54.0,57.0,3.0,,,,,,,,,,,,,,,,,
sample027_0057.00_0060.00,sample027.mp4,,57.0,60.0,3.0,,,,,,,,,,,,,,,,,
sample027_0060.00_0063.00,sample027.mp4,,60.0,63.0,3.0,,,,,,,,,,,,,,,,,
sample027_0063.00_0066.00,sample027.mp4,,63.0,66.0,3.0,,,,,,,,,,,,,,,,,
sample027_0066.00_0069.00,sample027.mp4,,66.0,69.0,3.0,,,,,,,,,,,,,,,,,
sample027_0069.00_0072.00,sample027.mp4,,69.0,72.0,3.0,,,,,,,,,,,,,,,,,
sample027_0072.00_0075.00,sample027.mp4,,72.0,75.0,3.0,,,,,,,,,,,,,,,,,
sample027_0075.00_0078.00,sample027.mp4,,75.0,78.0,3.0,,,,,,,,,,,,,,,,,
sample027_0078.00_0081.00,sample027.mp4,,78.0,81.0,3.0,,,,,,,,,,,,,,,,,
sample027_0081.00_0084.00,sample027.mp4,,81.0,84.0,3.0,,,,,,,,,,,,,,,,,
sample027_0084.00_0087.00,sample027.mp4,,84.0,87.0,3.0,,,,,,,,,,,,,,,,,
sample027_0087.00_0090.00,sample027.mp4,,87.0,90.0,3.0,,,,,,,,,,,,,,,,,
sample027_0090.00_0093.00,sample027.mp4,,90.0,93.0,3.0,,,,,,,,,,,,,,,,,
sample027_0093.00_0096.00,sample027.mp4,,93.0,96.0,3.0,,,,,,,,,,,,,,,,,
sample027_0096.00_0099.00,sample027.mp4,,96.0,99.0,3.0,,,,,,,,,,,,,,,,,
sample027_0099.00_0102.00,sample027.mp4,,99.0,102.0,3.0,,,,,,,,,,,,,,,,,
sample027_0102.00_0105.00,sample027.mp4,,102.0,105.0,3.0,,,,,,,,,,,,,,,,,
sample027_0105.00_0108.00,sample027.mp4,,105.0,108.0,3.0,,,,,,,,,,,,,,,,,
sample027_0108.00_0111.00,sample027.mp4,,108.0,111.0,3.0,,,,,,,,,,,,,,,,,
sample027_0111.00_0114.00,sample027.mp4,,111.0,114.0,3.0,,,,,,,,,,,,,,,,,
sample027_0114.00_0117.00,sample027.mp4,,114.0,117.0,3.0,,,,,,,,,,,,,,,,,
sample027_0117.00_0120.00,sample027.mp4,,117.0,120.0,3.0,,,,,,,,,,,,,,,,,
sample027_0120.00_0123.00,sample027.mp4,,120.0,123.0,3.0,,,,,,,,,,,,,,,,,
sample027_0123.00_0126.00,sample027.mp4,,123.0,126.0,3.0,,,,,,,,,,,,,,,,,
sample027_0126.00_0129.00,sample027.mp4,,126.0,129.0,3.0,,,,,,,,,,,,,,,,,
sample027_0129.00_0132.00,sample027.mp4,,129.0,132.0,3.0,,,,,,,,,,,,,,,,,
sample027_0132.00_0135.00,sample027.mp4,,132.0,135.0,3.0,,,,,,,,,,,,,,,,,
sample027_0135.00_0138.00,sample027.mp4,,135.0,138.0,3.0,,,,,,,,,,,,,,,,,
sample027_0138.00_0141.00,sample027.mp4,,138.0,141.0,3.0,,,,,,,,,,,,,,,,,
sample027_0141.00_0144.00,sample027.mp4,,141.0,144.0,3.0,,,,,,,,,,,,,,,,,
sample027_0144.00_0147.00,sample027.mp4,,144.0,147.0,3.0,,,,,,,,,,,,,,,,,
sample027_0147.00_0150.00,sample027.mp4,,147.0,150.0,3.0,,,,,,,,,,,,,,,,,
sample027_0150.00_0153.00,sample027.mp4,,150.0,153.0,3.0,,,,,,,,,,,,,,,,,
sample027_0153.00_0156.00,sample027.mp4,,153.0,156.0,3.0,,,,,,,,,,,,,,,,,
sample027_0156.00_0159.00,sample027.mp4,,156.0,159.0,3.0,,,,,,,,,,,,,,,,,
sample027_0159.00_0162.00,sample027.mp4,,159.0,162.0,3.0,,,,,,,,,,,,,,,,,
sample027_0162.00_0165.00,sample027.mp4,,162.0,165.0,3.0,,,,,,,,,,,,,,,,,
sample027_0165.00_0168.00,sample027.mp4,,165.0,168.0,3.0,,,,,,,,,,,,,,,,,
sample027_0168.00_0171.00,sample027.mp4,,168.0,171.0,3.0,,,,,,,,,,,,,,,,,
sample027_0171.00_0174.00,sample027.mp4,,171.0,174.0,3.0,,,,,,,,,,,,,,,,,
sample027_0174.00_0177.00,sample027.mp4,,174.0,177.0,3.0,,,,,,,,,,,,,,,,,
sample027_0177.00_0180.00,sample027.mp4,,177.0,180.0,3.0,,,,,,,,,,,,,,,,,
sample027_0180.00_0183.00,sample027.mp4,,180.0,183.0,3.0,,,,,,,,,,,,,,,,,
sample027_0183.00_0186.00,sample027.mp4,,183.0,186.0,3.0,,,,,,,,,,,,,,,,,
sample027_0186.00_0189.00,sample027.mp4,,186.0,189.0,3.0,,,,,,,,,,,,,,,,,
sample027_0189.00_0192.00,sample027.mp4,,189.0,192.0,3.0,,,,,,,,,,,,,,,,,
sample027_0192.00_0195.00,sample027.mp4,,192.0,195.0,3.0,,,,,,,,,,,,,,,,,
sample027_0195.00_0198.00,sample027.mp4,,195.0,198.0,3.0,,,,,,,,,,,,,,,,,
sample027_0198.00_0201.00,sample027.mp4,,198.0,201.0,3.0,,,,,,,,,,,,,,,,,
sample027_0201.00_0204.00,sample027.mp4,,201.0,204.0,3.0,,,,,,,,,,,,,,,,,
sample027_0204.00_0207.00,sample027.mp4,,204.0,207.0,3.0,,,,,,,,,,,,,,,,,
sample027_0207.00_0210.00,sample027.mp4,,207.0,210.0,3.0,,,,,,,,,,,,,,,,,
sample027_0210.00_0213.00,sample027.mp4,,210.0,213.0,3.0,,,,,,,,,,,,,,,,,
sample027_0213.00_0216.00,sample027.mp4,,213.0,216.0,3.0,,,,,,,,,,,,,,,,,
sample027_0216.00_0219.00,sample027.mp4,,216.0,219.0,3.0,,,,,,,,,,,,,,,,,
sample027_0219.00_0222.00,sample027.mp4,,219.0,222.0,3.0,,,,,,,,,,,,,,,,,
sample027_0222.00_0225.00,sample027.mp4,,222.0,225.0,3.0,,,,,,,,,,,,,,,,,
sample027_0225.00_0228.00,sample027.mp4,,225.0,228.0,3.0,,,,,,,,,,,,,,,,,
sample027_0228.00_0231.00,sample027.mp4,,228.0,231.0,3.0,,,,,,,,,,,,,,,,,
sample027_0231.00_0234.00,sample027.mp4,,231.0,234.0,3.0,,,,,,,,,,,,,,,,,
sample027_0234.00_0237.00,sample027.mp4,,234.0,237.0,3.0,,,,,,,,,,,,,,,,,
sample027_0237.00_0240.00,sample027.mp4,,237.0,240.0,3.0,,,,,,,,,,,,,,,,,
sample027_0240.00_0243.00,sample027.mp4,,240.0,243.0,3.0,,,,,,,,,,,,,,,,,
sample027_0243.00_0246.00,sample027.mp4,,243.0,246.0,3.0,,,,,,,,,,,,,,,,,
sample027_0246.00_0249.00,sample027.mp4,,246.0,249.0,3.0,,,,,,,,,,,,,,,,,
sample027_0249.00_0252.00,sample027.mp4,,249.0,252.0,3.0,,,,,,,,,,,,,,,,,
sample027_0252.00_0255.00,sample027.mp4,,252.0,255.0,3.0,,,,,,,,,,,,,,,,,
sample027_0255.00_0258.00,sample027.mp4,,255.0,258.0,3.0,,,,,,,,,,,,,,,,,
sample027_0258.00_0261.00,sample027.mp4,,258.0,261.0,3.0,,,,,,,,,,,,,,,,,
sample027_0261.00_0264.00,sample027.mp4,,261.0,264.0,3.0,,,,,,,,,,,,,,,,,
sample027_0264.00_0267.00,sample027.mp4,,264.0,267.0,3.0,,,,,,,,,,,,,,,,,
sample027_0267.00_0270.00,sample027.mp4,,267.0,270.0,3.0,,,,,,,,,,,,,,,,,
sample027_0270.00_0273.00,sample027.mp4,,270.0,273.0,3.0,,,,,,,,,,,,,,,,,
sample027_0273.00_0276.00,sample027.mp4,,273.0,276.0,3.0,,,,,,,,,,,,,,,,,
sample027_0276.00_0277.80,sample027.mp4,,276.0,277.8,1.8,,,,,,,,,,,,,,,,,
sample028_0000.00_0003.00,sample028.mp4,,0.0,3.0,3.0,,,,,,,,,,,,,,,,,
sample028_0003.00_0006.00,sample028.mp4,,3.0,6.0,3.0,,,,,,,,,,,,,,,,,
sample028_0006.00_0009.00,sample028.mp4,,6.0,9.0,3.0,,,,,,,,,,,,,,,,,
sample028_0009.00_0012.00,sample028.mp4,,9.0,12.0,3.0,,,,,,,,,,,,,,,,,
sample028_0012.00_0015.00,sample028.mp4,,12.0,15.0,3.0,,,,,,,,,,,,,,,,,
sample028_0015.00_0018.00,sample028.mp4,,15.0,18.0,3.0,,,,,,,,,,,,,,,,,
sample028_0018.00_0021.00,sample028.mp4,,18.0,21.0,3.0,,,,,,,,,,,,,,,,,
sample028_0021.00_0024.00,sample028.mp4,,21.0,24.0,3.0,,,,,,,,,,,,,,,,,
sample028_0024.00_0027.00,sample028.mp4,,24.0,27.0,3.0,,,,,,,,,,,,,,,,,
sample028_0027.00_0030.00,sample028.mp4,,27.0,30.0,3.0,,,,,,,,,,,,,,,,,
sample028_0030.00_0033.00,sample028.mp4,,30.0,33.0,3.0,,,,,,,,,,,,,,,,,
sample028_0033.00_0036.00,sample028.mp4,,33.0,36.0,3.0,,,,,,,,,,,,,,,,,
sample028_0036.00_0039.00,sample028.mp4,,36.0,39.0,3.0,,,,,,,,,,,,,,,,,
sample028_0039.00_0042.00,sample028.mp4,,39.0,42.0,3.0,,,,,,,,,,,,,,,,,
sample028_0042.00_0045.00,sample028.mp4,,42.0,45.0,3.0,,,,,,,,,,,,,,,,,
sample028_0045.00_0048.00,sample028.mp4,,45.0,48.0,3.0,,,,,,,,,,,,,,,,,
sample028_0048.00_0051.00,sample028.mp4,,48.0,51.0,3.0,,,,,,,,,,,,,,,,,
sample028_0051.00_0054.00,sample028.mp4,,51.0,54.0,3.0,,,,,,,,,,,,,,,,,
sample028_0054.00_0057.00,sample028.mp4,,54.0,57.0,3.0,,,,,,,,,,,,,,,,,
sample028_0057.00_0060.00,sample028.mp4,,57.0,60.0,3.0,,,,,,,,,,,,,,,,,
sample028_0060.00_0063.00,sample028.mp4,,60.0,63.0,3.0,,,,,,,,,,,,,,,,,
sample028_0063.00_0066.00,sample028.mp4,,63.0,66.0,3.0,,,,,,,,,,,,,,,,,
sample028_0066.00_0069.00,sample028.mp4,,66.0,69.0,3.0,,,,,,,,,,,,,,,,,
sample028_0069.00_0072.00,sample028.mp4,,69.0,72.0,3.0,,,,,,,,,,,,,,,,,
sample028_0072.00_0075.00,sample028.mp4,,72.0,75.0,3.0,,,,,,,,,,,,,,,,,
sample028_0075.00_0078.00,sample028.mp4,,75.0,78.0,3.0,,,,,,,,,,,,,,,,,
sample028_0078.00_0081.00,sample028.mp4,,78.0,81.0,3.0,,,,,,,,,,,,,,,,,
sample028_0081.00_0084.00,sample028.mp4,,81.0,84.0,3.0,,,,,,,,,,,,,,,,,
sample028_0084.00_0087.00,sample028.mp4,,84.0,87.0,3.0,,,,,,,,,,,,,,,,,
sample028_0087.00_0090.00,sample028.mp4,,87.0,90.0,3.0,,,,,,,,,,,,,,,,,
sample028_0090.00_0093.00,sample028.mp4,,90.0,93.0,3.0,,,,,,,,,,,,,,,,,
sample028_0093.00_0096.00,sample028.mp4,,93.0,96.0,3.0,,,,,,,,,,,,,,,,,
sample028_0096.00_0099.00,sample028.mp4,,96.0,99.0,3.0,,,,,,,,,,,,,,,,,
sample028_0099.00_0102.00,sample028.mp4,,99.0,102.0,3.0,,,,,,,,,,,,,,,,,
sample028_0102.00_0105.00,sample028.mp4,,102.0,105.0,3.0,,,,,,,,,,,,,,,,,
sample028_0105.00_0108.00,sample028.mp4,,105.0,108.0,3.0,,,,,,,,,,,,,,,,,
sample028_0108.00_0111.00,sample028.mp4,,108.0,111.0,3.0,,,,,,,,,,,,,,,,,
sample028_0111.00_0114.00,sample028.mp4,,111.0,114.0,3.0,,,,,,,,,,,,,,,,,
sample028_0114.00_0117.00,sample028.mp4,,114.0,117.0,3.0,,,,,,,,,,,,,,,,,
sample028_0117.00_0120.00,sample028.mp4,,117.0,120.0,3.0,,,,,,,,,,,,,,,,,
sample028_0120.00_0123.00,sample028.mp4,,120.0,123.0,3.0,,,,,,,,,,,,,,,,,
sample028_0123.00_0126.00,sample028.mp4,,123.0,126.0,3.0,,,,,,,,,,,,,,,,,
sample028_0126.00_0129.00,sample028.mp4,,126.0,129.0,3.0,,,,,,,,,,,,,,,,,
sample028_0129.00_0132.00,sample028.mp4,,129.0,132.0,3.0,,,,,,,,,,,,,,,,,
sample028_0132.00_0135.00,sample028.mp4,,132.0,135.0,3.0,,,,,,,,,,,,,,,,,
sample028_0135.00_0138.00,sample028.mp4,,135.0,138.0,3.0,,,,,,,,,,,,,,,,,
sample028_0138.00_0141.00,sample028.mp4,,138.0,141.0,3.0,,,,,,,,,,,,,,,,,
sample028_0141.00_0144.00,sample028.mp4,,141.0,144.0,3.0,,,,,,,,,,,,,,,,,
sample028_0144.00_0147.00,sample028.mp4,,144.0,147.0,3.0,,,,,,,,,,,,,,,,,
sample028_0147.00_0150.00,sample028.mp4,,147.0,150.0,3.0,,,,,,,,,,,,,,,,,
sample028_0150.00_0153.00,sample028.mp4,,150.0,153.0,3.0,,,,,,,,,,,,,,,,,
sample028_0153.00_0156.00,sample028.mp4,,153.0,156.0,3.0,,,,,,,,,,,,,,,,,
sample028_0156.00_0159.00,sample028.mp4,,156.0,159.0,3.0,,,,,,,,,,,,,,,,,
sample028_0159.00_0162.00,sample028.mp4,,159.0,162.0,3.0,,,,,,,,,,,,,,,,,
sample028_0162.00_0165.00,sample028.mp4,,162.0,165.0,3.0,,,,,,,,,,,,,,,,,
sample028_0165.00_0168.00,sample028.mp4,,165.0,168.0,3.0,,,,,,,,,,,,,,,,,
sample028_0168.00_0171.00,sample028.mp4,,168.0,171.0,3.0,,,,,,,,,,,,,,,,,
sample028_0171.00_0174.00,sample028.mp4,,171.0,174.0,3.0,,,,,,,,,,,,,,,,,
sample028_0174.00_0177.00,sample028.mp4,,174.0,177.0,3.0,,,,,,,,,,,,,,,,,
sample028_0177.00_0180.00,sample028.mp4,,177.0,180.0,3.0,,,,,,,,,,,,,,,,,
sample028_0180.00_0183.00,sample028.mp4,,180.0,183.0,3.0,,,,,,,,,,,,,,,,,
sample028_0183.00_0186.00,sample028.mp4,,183.0,186.0,3.0,,,,,,,,,,,,,,,,,
sample028_0186.00_0189.00,sample028.mp4,,186.0,189.0,3.0,,,,,,,,,,,,,,,,,
sample028_0189.00_0192.00,sample028.mp4,,189.0,192.0,3.0,,,,,,,,,,,,,,,,,
sample028_0192.00_0195.00,sample028.mp4,,192.0,195.0,3.0,,,,,,,,,,,,,,,,,
sample028_0195.00_0198.00,sample028.mp4,,195.0,198.0,3.0,,,,,,,,,,,,,,,,,
sample028_0198.00_0201.00,sample028.mp4,,198.0,201.0,3.0,,,,,,,,,,,,,,,,,
sample028_0201.00_0204.00,sample028.mp4,,201.0,204.0,3.0,,,,,,,,,,,,,,,,,
sample028_0204.00_0207.00,sample028.mp4,,204.0,207.0,3.0,,,,,,,,,,,,,,,,,
sample028_0207.00_0210.00,sample028.mp4,,207.0,210.0,3.0,,,,,,,,,,,,,,,,,
sample028_0210.00_0213.00,sample028.mp4,,210.0,213.0,3.0,,,,,,,,,,,,,,,,,
sample028_0213.00_0216.00,sample028.mp4,,213.0,216.0,3.0,,,,,,,,,,,,,,,,,
sample028_0216.00_0219.00,sample028.mp4,,216.0,219.0,3.0,,,,,,,,,,,,,,,,,
sample028_0219.00_0222.00,sample028.mp4,,219.0,222.0,3.0,,,,,,,,,,,,,,,,,
sample028_0222.00_0225.00,sample028.mp4,,222.0,225.0,3.0,,,,,,,,,,,,,,,,,
sample028_0225.00_0228.00,sample028.mp4,,225.0,228.0,3.0,,,,,,,,,,,,,,,,,
sample028_0228.00_0231.00,sample028.mp4,,228.0,231.0,3.0,,,,,,,,,,,,,,,,,
sample028_0231.00_0234.00,sample028.mp4,,231.0,234.0,3.0,,,,,,,,,,,,,,,,,
sample028_0234.00_0234.94,sample028.mp4,,234.0,234.94,0.94,,,,,,,,,,,,,,,,,
sample029_0000.00_0003.00,sample029.mp4,,0.0,3.0,3.0,,,,,,,,,,,,,,,,,
sample029_0003.00_0006.00,sample029.mp4,,3.0,6.0,3.0,,,,,,,,,,,,,,,,,
sample029_0006.00_0009.00,sample029.mp4,,6.0,9.0,3.0,,,,,,,,,,,,,,,,,
sample029_0009.00_0012.00,sample029.mp4,,9.0,12.0,3.0,,,,,,,,,,,,,,,,,
sample029_0012.00_0015.00,sample029.mp4,,12.0,15.0,3.0,,,,,,,,,,,,,,,,,
sample029_0015.00_0018.00,sample029.mp4,,15.0,18.0,3.0,,,,,,,,,,,,,,,,,
sample029_0018.00_0021.00,sample029.mp4,,18.0,21.0,3.0,,,,,,,,,,,,,,,,,
sample029_0021.00_0024.00,sample029.mp4,,21.0,24.0,3.0,,,,,,,,,,,,,,,,,
sample029_0024.00_0027.00,sample029.mp4,,24.0,27.0,3.0,,,,,,,,,,,,,,,,,
sample029_0027.00_0030.00,sample029.mp4,,27.0,30.0,3.0,,,,,,,,,,,,,,,,,
sample029_0030.00_0033.00,sample029.mp4,,30.0,33.0,3.0,,,,,,,,,,,,,,,,,
sample029_0033.00_0036.00,sample029.mp4,,33.0,36.0,3.0,,,,,,,,,,,,,,,,,
sample029_0036.00_0039.00,sample029.mp4,,36.0,39.0,3.0,,,,,,,,,,,,,,,,,
sample029_0039.00_0042.00,sample029.mp4,,39.0,42.0,3.0,,,,,,,,,,,,,,,,,
sample029_0042.00_0045.00,sample029.mp4,,42.0,45.0,3.0,,,,,,,,,,,,,,,,,
sample029_0045.00_0048.00,sample029.mp4,,45.0,48.0,3.0,,,,,,,,,,,,,,,,,
sample029_0048.00_0051.00,sample029.mp4,,48.0,51.0,3.0,,,,,,,,,,,,,,,,,
sample029_0051.00_0054.00,sample029.mp4,,51.0,54.0,3.0,,,,,,,,,,,,,,,,,
sample029_0054.00_0057.00,sample029.mp4,,54.0,57.0,3.0,,,,,,,,,,,,,,,,,
sample029_0057.00_0060.00,sample029.mp4,,57.0,60.0,3.0,,,,,,,,,,,,,,,,,
sample029_0060.00_0063.00,sample029.mp4,,60.0,63.0,3.0,,,,,,,,,,,,,,,,,
sample029_0063.00_0066.00,sample029.mp4,,63.0,66.0,3.0,,,,,,,,,,,,,,,,,
sample029_0066.00_0069.00,sample029.mp4,,66.0,69.0,3.0,,,,,,,,,,,,,,,,,
sample029_0069.00_0072.00,sample029.mp4,,69.0,72.0,3.0,,,,,,,,,,,,,,,,,
sample029_0072.00_0075.00,sample029.mp4,,72.0,75.0,3.0,,,,,,,,,,,,,,,,,
sample029_0075.00_0078.00,sample029.mp4,,75.0,78.0,3.0,,,,,,,,,,,,,,,,,
sample029_0078.00_0081.00,sample029.mp4,,78.0,81.0,3.0,,,,,,,,,,,,,,,,,
sample029_0081.00_0084.00,sample029.mp4,,81.0,84.0,3.0,,,,,,,,,,,,,,,,,
sample029_0084.00_0087.00,sample029.mp4,,84.0,87.0,3.0,,,,,,,,,,,,,,,,,
sample029_0087.00_0090.00,sample029.mp4,,87.0,90.0,3.0,,,,,,,,,,,,,,,,,
sample029_0090.00_0093.00,sample029.mp4,,90.0,93.0,3.0,,,,,,,,,,,,,,,,,
sample029_0093.00_0096.00,sample029.mp4,,93.0,96.0,3.0,,,,,,,,,,,,,,,,,
sample029_0096.00_0099.00,sample029.mp4,,96.0,99.0,3.0,,,,,,,,,,,,,,,,,
sample029_0099.00_0102.00,sample029.mp4,,99.0,102.0,3.0,,,,,,,,,,,,,,,,,
sample029_0102.00_0105.00,sample029.mp4,,102.0,105.0,3.0,,,,,,,,,,,,,,,,,
sample029_0105.00_0108.00,sample029.mp4,,105.0,108.0,3.0,,,,,,,,,,,,,,,,,
sample029_0108.00_0111.00,sample029.mp4,,108.0,111.0,3.0,,,,,,,,,,,,,,,,,
sample029_0111.00_0114.00,sample029.mp4,,111.0,114.0,3.0,,,,,,,,,,,,,,,,,
sample029_0114.00_0117.00,sample029.mp4,,114.0,117.0,3.0,,,,,,,,,,,,,,,,,
sample029_0117.00_0120.00,sample029.mp4,,117.0,120.0,3.0,,,,,,,,,,,,,,,,,
sample029_0120.00_0123.00,sample029.mp4,,120.0,123.0,3.0,,,,,,,,,,,,,,,,,
sample029_0123.00_0126.00,sample029.mp4,,123.0,126.0,3.0,,,,,,,,,,,,,,,,,
sample029_0126.00_0129.00,sample029.mp4,,126.0,129.0,3.0,,,,,,,,,,,,,,,,,
sample029_0129.00_0132.00,sample029.mp4,,129.0,132.0,3.0,,,,,,,,,,,,,,,,,
sample029_0132.00_0135.00,sample029.mp4,,132.0,135.0,3.0,,,,,,,,,,,,,,,,,
sample029_0135.00_0138.00,sample029.mp4,,135.0,138.0,3.0,,,,,,,,,,,,,,,,,
sample029_0138.00_0141.00,sample029.mp4,,138.0,141.0,3.0,,,,,,,,,,,,,,,,,
sample029_0141.00_0144.00,sample029.mp4,,141.0,144.0,3.0,,,,,,,,,,,,,,,,,
sample029_0144.00_0147.00,sample029.mp4,,144.0,147.0,3.0,,,,,,,,,,,,,,,,,
sample029_0147.00_0150.00,sample029.mp4,,147.0,150.0,3.0,,,,,,,,,,,,,,,,,
sample029_0150.00_0153.00,sample029.mp4,,150.0,153.0,3.0,,,,,,,,,,,,,,,,,
sample029_0153.00_0156.00,sample029.mp4,,153.0,156.0,3.0,,,,,,,,,,,,,,,,,
sample029_0156.00_0159.00,sample029.mp4,,156.0,159.0,3.0,,,,,,,,,,,,,,,,,
sample029_0159.00_0162.00,sample029.mp4,,159.0,162.0,3.0,,,,,,,,,,,,,,,,,
sample029_0162.00_0165.00,sample029.mp4,,162.0,165.0,3.0,,,,,,,,,,,,,,,,,
sample029_0165.00_0168.00,sample029.mp4,,165.0,168.0,3.0,,,,,,,,,,,,,,,,,
sample029_0168.00_0170.93,sample029.mp4,,168.0,170.93,2.93,,,,,,,,,,,,,,,,,
sample030_0000.00_0003.00,sample030.mp4,,0.0,3.0,3.0,,,,,,,,,,,,,,,,,
sample030_0003.00_0006.00,sample030.mp4,,3.0,6.0,3.0,,,,,,,,,,,,,,,,,
sample030_0006.00_0009.00,sample030.mp4,,6.0,9.0,3.0,,,,,,,,,,,,,,,,,
sample030_0009.00_0012.00,sample030.mp4,,9.0,12.0,3.0,,,,,,,,,,,,,,,,,
sample030_0012.00_0015.00,sample030.mp4,,12.0,15.0,3.0,,,,,,,,,,,,,,,,,
sample030_0015.00_0018.00,sample030.mp4,,15.0,18.0,3.0,,,,,,,,,,,,,,,,,
sample030_0018.00_0021.00,sample030.mp4,,18.0,21.0,3.0,,,,,,,,,,,,,,,,,
sample030_0021.00_0024.00,sample030.mp4,,21.0,24.0,3.0,,,,,,,,,,,,,,,,,
sample030_0024.00_0027.00,sample030.mp4,,24.0,27.0,3.0,,,,,,,,,,,,,,,,,
sample030_0027.00_0030.00,sample030.mp4,,27.0,30.0,3.0,,,,,,,,,,,,,,,,,
sample030_0030.00_0033.00,sample030.mp4,,30.0,33.0,3.0,,,,,,,,,,,,,,,,,
sample030_0033.00_0036.00,sample030.mp4,,33.0,36.0,3.0,,,,,,,,,,,,,,,,,
sample030_0036.00_0039.00,sample030.mp4,,36.0,39.0,3.0,,,,,,,,,,,,,,,,,
sample030_0039.00_0042.00,sample030.mp4,,39.0,42.0,3.0,,,,,,,,,,,,,,,,,
sample030_0042.00_0045.00,sample030.mp4,,42.0,45.0,3.0,,,,,,,,,,,,,,,,,
sample030_0045.00_0048.00,sample030.mp4,,45.0,48.0,3.0,,,,,,,,,,,,,,,,,
sample030_0048.00_0051.00,sample030.mp4,,48.0,51.0,3.0,,,,,,,,,,,,,,,,,
sample030_0051.00_0054.00,sample030.mp4,,51.0,54.0,3.0,,,,,,,,,,,,,,,,,
sample030_0054.00_0057.00,sample030.mp4,,54.0,57.0,3.0,,,,,,,,,,,,,,,,,
sample030_0057.00_0060.00,sample030.mp4,,57.0,60.0,3.0,,,,,,,,,,,,,,,,,
sample030_0060.00_0063.00,sample030.mp4,,60.0,63.0,3.0,,,,,,,,,,,,,,,,,
sample030_0063.00_0066.00,sample030.mp4,,63.0,66.0,3.0,,,,,,,,,,,,,,,,,
sample030_0066.00_0069.00,sample030.mp4,,66.0,69.0,3.0,,,,,,,,,,,,,,,,,
sample030_0069.00_0072.00,sample030.mp4,,69.0,72.0,3.0,,,,,,,,,,,,,,,,,
sample030_0072.00_0075.00,sample030.mp4,,72.0,75.0,3.0,,,,,,,,,,,,,,,,,
sample030_0075.00_0078.00,sample030.mp4,,75.0,78.0,3.0,,,,,,,,,,,,,,,,,
sample030_0078.00_0081.00,sample030.mp4,,78.0,81.0,3.0,,,,,,,,,,,,,,,,,
sample030_0081.00_0084.00,sample030.mp4,,81.0,84.0,3.0,,,,,,,,,,,,,,,,,
sample030_0084.00_0087.00,sample030.mp4,,84.0,87.0,3.0,,,,,,,,,,,,,,,,,
sample030_0087.00_0090.00,sample030.mp4,,87.0,90.0,3.0,,,,,,,,,,,,,,,,,
sample030_0090.00_0093.00,sample030.mp4,,90.0,93.0,3.0,,,,,,,,,,,,,,,,,
sample030_0093.00_0096.00,sample030.mp4,,93.0,96.0,3.0,,,,,,,,,,,,,,,,,
sample030_0096.00_0099.00,sample030.mp4,,96.0,99.0,3.0,,,,,,,,,,,,,,,,,
sample030_0099.00_0102.00,sample030.mp4,,99.0,102.0,3.0,,,,,,,,,,,,,,,,,
sample030_0102.00_0105.00,sample030.mp4,,102.0,105.0,3.0,,,,,,,,,,,,,,,,,
sample030_0105.00_0108.00,sample030.mp4,,105.0,108.0,3.0,,,,,,,,,,,,,,,,,
sample030_0108.00_0111.00,sample030.mp4,,108.0,111.0,3.0,,,,,,,,,,,,,,,,,
sample030_0111.00_0114.00,sample030.mp4,,111.0,114.0,3.0,,,,,,,,,,,,,,,,,
sample030_0114.00_0117.00,sample030.mp4,,114.0,117.0,3.0,,,,,,,,,,,,,,,,,
sample030_0117.00_0120.00,sample030.mp4,,117.0,120.0,3.0,,,,,,,,,,,,,,,,,
sample030_0120.00_0123.00,sample030.mp4,,120.0,123.0,3.0,,,,,,,,,,,,,,,,,
sample030_0123.00_0126.00,sample030.mp4,,123.0,126.0,3.0,,,,,,,,,,,,,,,,,
sample030_0126.00_0129.00,sample030.mp4,,126.0,129.0,3.0,,,,,,,,,,,,,,,,,
sample030_0129.00_0132.00,sample030.mp4,,129.0,132.0,3.0,,,,,,,,,,,,,,,,,
sample030_0132.00_0135.00,sample030.mp4,,132.0,135.0,3.0,,,,,,,,,,,,,,,,,
sample030_0135.00_0138.00,sample030.mp4,,135.0,138.0,3.0,,,,,,,,,,,,,,,,,
sample030_0138.00_0141.00,sample030.mp4,,138.0,141.0,3.0,,,,,,,,,,,,,,,,,
sample030_0141.00_0144.00,sample030.mp4,,141.0,144.0,3.0,,,,,,,,,,,,,,,,,
sample030_0144.00_0147.00,sample030.mp4,,144.0,147.0,3.0,,,,,,,,,,,,,,,,,
sample030_0147.00_0150.00,sample030.mp4,,147.0,150.0,3.0,,,,,,,,,,,,,,,,,
sample030_0150.00_0153.00,sample030.mp4,,150.0,153.0,3.0,,,,,,,,,,,,,,,,,
sample030_0153.00_0156.00,sample030.mp4,,153.0,156.0,3.0,,,,,,,,,,,,,,,,,
sample030_0156.00_0159.00,sample030.mp4,,156.0,159.0,3.0,,,,,,,,,,,,,,,,,
sample030_0159.00_0162.00,sample030.mp4,,159.0,162.0,3.0,,,,,,,,,,,,,,,,,
sample030_0162.00_0165.00,sample030.mp4,,162.0,165.0,3.0,,,,,,,,,,,,,,,,,
sample030_0165.00_0168.00,sample030.mp4,,165.0,168.0,3.0,,,,,,,,,,,,,,,,,
sample030_0168.00_0171.00,sample030.mp4,,168.0,171.0,3.0,,,,,,,,,,,,,,,,,
sample030_0171.00_0174.00,sample030.mp4,,171.0,174.0,3.0,,,,,,,,,,,,,,,,,
sample030_0174.00_0177.00,sample030.mp4,,174.0,177.0,3.0,,,,,,,,,,,,,,,,,
sample030_0177.00_0180.00,sample030.mp4,,177.0,180.0,3.0,,,,,,,,,,,,,,,,,
sample030_0180.00_0183.00,sample030.mp4,,180.0,183.0,3.0,,,,,,,,,,,,,,,,,
sample030_0183.00_0186.00,sample030.mp4,,183.0,186.0,3.0,,,,,,,,,,,,,,,,,
sample030_0186.00_0189.00,sample030.mp4,,186.0,189.0,3.0,,,,,,,,,,,,,,,,,
sample030_0189.00_0192.00,sample030.mp4,,189.0,192.0,3.0,,,,,,,,,,,,,,,,,
sample030_0192.00_0195.00,sample030.mp4,,192.0,195.0,3.0,,,,,,,,,,,,,,,,,
sample030_0195.00_0198.00,sample030.mp4,,195.0,198.0,3.0,,,,,,,,,,,,,,,,,
sample030_0198.00_0201.00,sample030.mp4,,198.0,201.0,3.0,,,,,,,,,,,,,,,,,
sample030_0201.00_0204.00,sample030.mp4,,201.0,204.0,3.0,,,,,,,,,,,,,,,,,
sample030_0204.00_0207.00,sample030.mp4,,204.0,207.0,3.0,,,,,,,,,,,,,,,,,
sample030_0207.00_0210.00,sample030.mp4,,207.0,210.0,3.0,,,,,,,,,,,,,,,,,
sample030_0210.00_0213.00,sample030.mp4,,210.0,213.0,3.0,,,,,,,,,,,,,,,,,
sample030_0213.00_0216.00,sample030.mp4,,213.0,216.0,3.0,,,,,,,,,,,,,,,,,
sample030_0216.00_0219.00,sample030.mp4,,216.0,219.0,3.0,,,,,,,,,,,,,,,,,
sample030_0219.00_0222.00,sample030.mp4,,219.0,222.0,3.0,,,,,,,,,,,,,,,,,
sample030_0222.00_0225.00,sample030.mp4,,222.0,225.0,3.0,,,,,,,,,,,,,,,,,
sample030_0225.00_0228.00,sample030.mp4,,225.0,228.0,3.0,,,,,,,,,,,,,,,,,
sample030_0228.00_0231.00,sample030.mp4,,228.0,231.0,3.0,,,,,,,,,,,,,,,,,
sample030_0231.00_0234.00,sample030.mp4,,231.0,234.0,3.0,,,,,,,,,,,,,,,,,
sample030_0234.00_0237.00,sample030.mp4,,234.0,237.0,3.0,,,,,,,,,,,,,,,,,
sample030_0237.00_0240.00,sample030.mp4,,237.0,240.0,3.0,,,,,,,,,,,,,,,,,
sample030_0240.00_0243.00,sample030.mp4,,240.0,243.0,3.0,,,,,,,,,,,,,,,,,
sample030_0243.00_0246.00,sample030.mp4,,243.0,246.0,3.0,,,,,,,,,,,,,,,,,
sample030_0246.00_0249.00,sample030.mp4,,246.0,249.0,3.0,,,,,,,,,,,,,,,,,
sample030_0249.00_0252.00,sample030.mp4,,249.0,252.0,3.0,,,,,,,,,,,,,,,,,
sample030_0252.00_0255.00,sample030.mp4,,252.0,255.0,3.0,,,,,,,,,,,,,,,,,
sample030_0255.00_0258.00,sample030.mp4,,255.0,258.0,3.0,,,,,,,,,,,,,,,,,
sample030_0258.00_0261.00,sample030.mp4,,258.0,261.0,3.0,,,,,,,,,,,,,,,,,
sample030_0261.00_0264.00,sample030.mp4,,261.0,264.0,3.0,,,,,,,,,,,,,,,,,
sample030_0264.00_0267.00,sample030.mp4,,264.0,267.0,3.0,,,,,,,,,,,,,,,,,
sample030_0267.00_0270.00,sample030.mp4,,267.0,270.0,3.0,,,,,,,,,,,,,,,,,
sample030_0270.00_0273.00,sample030.mp4,,270.0,273.0,3.0,,,,,,,,,,,,,,,,,
sample030_0273.00_0276.00,sample030.mp4,,273.0,276.0,3.0,,,,,,,,,,,,,,,,,
sample030_0276.00_0279.00,sample030.mp4,,276.0,279.0,3.0,,,,,,,,,,,,,,,,,
sample030_0279.00_0282.00,sample030.mp4,,279.0,282.0,3.0,,,,,,,,,,,,,,,,,
sample030_0282.00_0285.00,sample030.mp4,,282.0,285.0,3.0,,,,,,,,,,,,,,,,,
sample030_0285.00_0288.00,sample030.mp4,,285.0,288.0,3.0,,,,,,,,,,,,,,,,,
sample030_0288.00_0291.00,sample030.mp4,,288.0,291.0,3.0,,,,,,,,,,,,,,,,,
sample030_0291.00_0294.00,sample030.mp4,,291.0,294.0,3.0,,,,,,,,,,,,,,,,,
sample030_0294.00_0294.50,sample030.mp4,,294.0,294.5,0.5,,,,,,,,,,,,,,,,,
sample031_0000.00_0003.00,sample031.mp4,,0.0,3.0,3.0,,,,,,,,,,,,,,,,,
sample031_0003.00_0006.00,sample031.mp4,,3.0,6.0,3.0,,,,,,,,,,,,,,,,,
sample031_0006.00_0009.00,sample031.mp4,,6.0,9.0,3.0,,,,,,,,,,,,,,,,,
sample031_0009.00_0012.00,sample031.mp4,,9.0,12.0,3.0,,,,,,,,,,,,,,,,,
sample031_0012.00_0015.00,sample031.mp4,,12.0,15.0,3.0,,,,,,,,,,,,,,,,,
sample031_0015.00_0018.00,sample031.mp4,,15.0,18.0,3.0,,,,,,,,,,,,,,,,,
sample031_0018.00_0021.00,sample031.mp4,,18.0,21.0,3.0,,,,,,,,,,,,,,,,,
sample031_0021.00_0024.00,sample031.mp4,,21.0,24.0,3.0,,,,,,,,,,,,,,,,,
sample031_0024.00_0027.00,sample031.mp4,,24.0,27.0,3.0,,,,,,,,,,,,,,,,,
sample031_0027.00_0030.00,sample031.mp4,,27.0,30.0,3.0,,,,,,,,,,,,,,,,,
sample031_0030.00_0033.00,sample031.mp4,,30.0,33.0,3.0,,,,,,,,,,,,,,,,,
sample031_0033.00_0036.00,sample031.mp4,,33.0,36.0,3.0,,,,,,,,,,,,,,,,,
sample031_0036.00_0039.00,sample031.mp4,,36.0,39.0,3.0,,,,,,,,,,,,,,,,,
sample031_0039.00_0042.00,sample031.mp4,,39.0,42.0,3.0,,,,,,,,,,,,,,,,,
sample031_0042.00_0045.00,sample031.mp4,,42.0,45.0,3.0,,,,,,,,,,,,,,,,,
sample031_0045.00_0048.00,sample031.mp4,,45.0,48.0,3.0,,,,,,,,,,,,,,,,,
sample031_0048.00_0051.00,sample031.mp4,,48.0,51.0,3.0,,,,,,,,,,,,,,,,,
sample031_0051.00_0054.00,sample031.mp4,,51.0,54.0,3.0,,,,,,,,,,,,,,,,,
sample031_0054.00_0057.00,sample031.mp4,,54.0,57.0,3.0,,,,,,,,,,,,,,,,,
sample031_0057.00_0060.00,sample031.mp4,,57.0,60.0,3.0,,,,,,,,,,,,,,,,,
sample031_0060.00_0063.00,sample031.mp4,,60.0,63.0,3.0,,,,,,,,,,,,,,,,,
sample031_0063.00_0066.00,sample031.mp4,,63.0,66.0,3.0,,,,,,,,,,,,,,,,,
sample031_0066.00_0069.00,sample031.mp4,,66.0,69.0,3.0,,,,,,,,,,,,,,,,,
sample031_0069.00_0072.00,sample031.mp4,,69.0,72.0,3.0,,,,,,,,,,,,,,,,,
sample031_0072.00_0075.00,sample031.mp4,,72.0,75.0,3.0,,,,,,,,,,,,,,,,,
sample031_0075.00_0078.00,sample031.mp4,,75.0,78.0,3.0,,,,,,,,,,,,,,,,,
sample031_0078.00_0081.00,sample031.mp4,,78.0,81.0,3.0,,,,,,,,,,,,,,,,,
sample031_0081.00_0084.00,sample031.mp4,,81.0,84.0,3.0,,,,,,,,,,,,,,,,,
sample031_0084.00_0087.00,sample031.mp4,,84.0,87.0,3.0,,,,,,,,,,,,,,,,,
sample031_0087.00_0090.00,sample031.mp4,,87.0,90.0,3.0,,,,,,,,,,,,,,,,,
sample031_0090.00_0093.00,sample031.mp4,,90.0,93.0,3.0,,,,,,,,,,,,,,,,,
sample031_0093.00_0096.00,sample031.mp4,,93.0,96.0,3.0,,,,,,,,,,,,,,,,,
sample031_0096.00_0099.00,sample031.mp4,,96.0,99.0,3.0,,,,,,,,,,,,,,,,,
sample031_0099.00_0102.00,sample031.mp4,,99.0,102.0,3.0,,,,,,,,,,,,,,,,,
sample031_0102.00_0105.00,sample031.mp4,,102.0,105.0,3.0,,,,,,,,,,,,,,,,,
sample031_0105.00_0108.00,sample031.mp4,,105.0,108.0,3.0,,,,,,,,,,,,,,,,,
sample031_0108.00_0111.00,sample031.mp4,,108.0,111.0,3.0,,,,,,,,,,,,,,,,,
sample031_0111.00_0114.00,sample031.mp4,,111.0,114.0,3.0,,,,,,,,,,,,,,,,,
sample031_0114.00_0117.00,sample031.mp4,,114.0,117.0,3.0,,,,,,,,,,,,,,,,,
sample031_0117.00_0120.00,sample031.mp4,,117.0,120.0,3.0,,,,,,,,,,,,,,,,,
sample031_0120.00_0123.00,sample031.mp4,,120.0,123.0,3.0,,,,,,,,,,,,,,,,,
sample031_0123.00_0126.00,sample031.mp4,,123.0,126.0,3.0,,,,,,,,,,,,,,,,,
sample031_0126.00_0129.00,sample031.mp4,,126.0,129.0,3.0,,,,,,,,,,,,,,,,,
sample031_0129.00_0132.00,sample031.mp4,,129.0,132.0,3.0,,,,,,,,,,,,,,,,,
sample031_0132.00_0135.00,sample031.mp4,,132.0,135.0,3.0,,,,,,,,,,,,,,,,,
sample031_0135.00_0138.00,sample031.mp4,,135.0,138.0,3.0,,,,,,,,,,,,,,,,,
sample031_0138.00_0141.00,sample031.mp4,,138.0,141.0,3.0,,,,,,,,,,,,,,,,,
sample031_0141.00_0144.00,sample031.mp4,,141.0,144.0,3.0,,,,,,,,,,,,,,,,,
sample031_0144.00_0147.00,sample031.mp4,,144.0,147.0,3.0,,,,,,,,,,,,,,,,,
sample031_0147.00_0150.00,sample031.mp4,,147.0,150.0,3.0,,,,,,,,,,,,,,,,,
sample031_0150.00_0153.00,sample031.mp4,,150.0,153.0,3.0,,,,,,,,,,,,,,,,,
sample031_0153.00_0156.00,sample031.mp4,,153.0,156.0,3.0,,,,,,,,,,,,,,,,,
sample031_0156.00_0159.00,sample031.mp4,,156.0,159.0,3.0,,,,,,,,,,,,,,,,,
sample031_0159.00_0162.00,sample031.mp4,,159.0,162.0,3.0,,,,,,,,,,,,,,,,,
sample031_0162.00_0165.00,sample031.mp4,,162.0,165.0,3.0,,,,,,,,,,,,,,,,,
sample031_0165.00_0168.00,sample031.mp4,,165.0,168.0,3.0,,,,,,,,,,,,,,,,,
sample031_0168.00_0171.00,sample031.mp4,,168.0,171.0,3.0,,,,,,,,,,,,,,,,,
sample031_0171.00_0174.00,sample031.mp4,,171.0,174.0,3.0,,,,,,,,,,,,,,,,,
sample031_0174.00_0177.00,sample031.mp4,,174.0,177.0,3.0,,,,,,,,,,,,,,,,,
sample031_0177.00_0180.00,sample031.mp4,,177.0,180.0,3.0,,,,,,,,,,,,,,,,,
sample031_0180.00_0183.00,sample031.mp4,,180.0,183.0,3.0,,,,,,,,,,,,,,,,,
sample031_0183.00_0185.84,sample031.mp4,,183.0,185.84,2.84,,,,,,,,,,,,,,,,,
sample032_0000.00_0003.00,sample032.mp4,,0.0,3.0,3.0,,,,,,,,,,,,,,,,,
sample032_0003.00_0006.00,sample032.mp4,,3.0,6.0,3.0,,,,,,,,,,,,,,,,,
sample032_0006.00_0009.00,sample032.mp4,,6.0,9.0,3.0,,,,,,,,,,,,,,,,,
sample032_0009.00_0012.00,sample032.mp4,,9.0,12.0,3.0,,,,,,,,,,,,,,,,,
sample032_0012.00_0015.00,sample032.mp4,,12.0,15.0,3.0,,,,,,,,,,,,,,,,,
sample032_0015.00_0018.00,sample032.mp4,,15.0,18.0,3.0,,,,,,,,,,,,,,,,,
sample032_0018.00_0021.00,sample032.mp4,,18.0,21.0,3.0,,,,,,,,,,,,,,,,,
sample032_0021.00_0024.00,sample032.mp4,,21.0,24.0,3.0,,,,,,,,,,,,,,,,,
sample032_0024.00_0027.00,sample032.mp4,,24.0,27.0,3.0,,,,,,,,,,,,,,,,,
sample032_0027.00_0030.00,sample032.mp4,,27.0,30.0,3.0,,,,,,,,,,,,,,,,,
sample032_0030.00_0033.00,sample032.mp4,,30.0,33.0,3.0,,,,,,,,,,,,,,,,,
sample032_0033.00_0036.00,sample032.mp4,,33.0,36.0,3.0,,,,,,,,,,,,,,,,,
sample032_0036.00_0039.00,sample032.mp4,,36.0,39.0,3.0,,,,,,,,,,,,,,,,,
sample032_0039.00_0042.00,sample032.mp4,,39.0,42.0,3.0,,,,,,,,,,,,,,,,,
sample032_0042.00_0045.00,sample032.mp4,,42.0,45.0,3.0,,,,,,,,,,,,,,,,,
sample032_0045.00_0048.00,sample032.mp4,,45.0,48.0,3.0,,,,,,,,,,,,,,,,,
sample032_0048.00_0051.00,sample032.mp4,,48.0,51.0,3.0,,,,,,,,,,,,,,,,,
sample032_0051.00_0054.00,sample032.mp4,,51.0,54.0,3.0,,,,,,,,,,,,,,,,,
sample032_0054.00_0057.00,sample032.mp4,,54.0,57.0,3.0,,,,,,,,,,,,,,,,,
sample032_0057.00_0060.00,sample032.mp4,,57.0,60.0,3.0,,,,,,,,,,,,,,,,,
sample032_0060.00_0063.00,sample032.mp4,,60.0,63.0,3.0,,,,,,,,,,,,,,,,,
sample032_0063.00_0066.00,sample032.mp4,,63.0,66.0,3.0,,,,,,,,,,,,,,,,,
sample032_0066.00_0069.00,sample032.mp4,,66.0,69.0,3.0,,,,,,,,,,,,,,,,,
sample032_0069.00_0072.00,sample032.mp4,,69.0,72.0,3.0,,,,,,,,,,,,,,,,,
sample032_0072.00_0075.00,sample032.mp4,,72.0,75.0,3.0,,,,,,,,,,,,,,,,,
sample032_0075.00_0078.00,sample032.mp4,,75.0,78.0,3.0,,,,,,,,,,,,,,,,,
sample032_0078.00_0081.00,sample032.mp4,,78.0,81.0,3.0,,,,,,,,,,,,,,,,,
sample032_0081.00_0084.00,sample032.mp4,,81.0,84.0,3.0,,,,,,,,,,,,,,,,,
sample032_0084.00_0087.00,sample032.mp4,,84.0,87.0,3.0,,,,,,,,,,,,,,,,,
sample032_0087.00_0090.00,sample032.mp4,,87.0,90.0,3.0,,,,,,,,,,,,,,,,,
sample032_0090.00_0093.00,sample032.mp4,,90.0,93.0,3.0,,,,,,,,,,,,,,,,,
sample032_0093.00_0096.00,sample032.mp4,,93.0,96.0,3.0,,,,,,,,,,,,,,,,,
sample032_0096.00_0099.00,sample032.mp4,,96.0,99.0,3.0,,,,,,,,,,,,,,,,,
sample032_0099.00_0102.00,sample032.mp4,,99.0,102.0,3.0,,,,,,,,,,,,,,,,,
sample032_0102.00_0105.00,sample032.mp4,,102.0,105.0,3.0,,,,,,,,,,,,,,,,,
sample032_0105.00_0108.00,sample032.mp4,,105.0,108.0,3.0,,,,,,,,,,,,,,,,,
sample032_0108.00_0111.00,sample032.mp4,,108.0,111.0,3.0,,,,,,,,,,,,,,,,,
sample032_0111.00_0114.00,sample032.mp4,,111.0,114.0,3.0,,,,,,,,,,,,,,,,,
sample032_0114.00_0117.00,sample032.mp4,,114.0,117.0,3.0,,,,,,,,,,,,,,,,,
sample032_0117.00_0120.00,sample032.mp4,,117.0,120.0,3.0,,,,,,,,,,,,,,,,,
sample032_0120.00_0123.00,sample032.mp4,,120.0,123.0,3.0,,,,,,,,,,,,,,,,,
sample032_0123.00_0126.00,sample032.mp4,,123.0,126.0,3.0,,,,,,,,,,,,,,,,,
sample032_0126.00_0129.00,sample032.mp4,,126.0,129.0,3.0,,,,,,,,,,,,,,,,,
sample032_0129.00_0132.00,sample032.mp4,,129.0,132.0,3.0,,,,,,,,,,,,,,,,,
sample032_0132.00_0135.00,sample032.mp4,,132.0,135.0,3.0,,,,,,,,,,,,,,,,,
sample032_0135.00_0138.00,sample032.mp4,,135.0,138.0,3.0,,,,,,,,,,,,,,,,,
sample032_0138.00_0141.00,sample032.mp4,,138.0,141.0,3.0,,,,,,,,,,,,,,,,,
sample032_0141.00_0144.00,sample032.mp4,,141.0,144.0,3.0,,,,,,,,,,,,,,,,,
sample032_0144.00_0147.00,sample032.mp4,,144.0,147.0,3.0,,,,,,,,,,,,,,,,,
sample032_0147.00_0150.00,sample032.mp4,,147.0,150.0,3.0,,,,,,,,,,,,,,,,,
sample032_0150.00_0153.00,sample032.mp4,,150.0,153.0,3.0,,,,,,,,,,,,,,,,,
sample032_0153.00_0156.00,sample032.mp4,,153.0,156.0,3.0,,,,,,,,,,,,,,,,,
sample032_0156.00_0159.00,sample032.mp4,,156.0,159.0,3.0,,,,,,,,,,,,,,,,,
sample032_0159.00_0162.00,sample032.mp4,,159.0,162.0,3.0,,,,,,,,,,,,,,,,,
sample032_0162.00_0165.00,sample032.mp4,,162.0,165.0,3.0,,,,,,,,,,,,,,,,,
sample032_0165.00_0168.00,sample032.mp4,,165.0,168.0,3.0,,,,,,,,,,,,,,,,,
sample032_0168.00_0171.00,sample032.mp4,,168.0,171.0,3.0,,,,,,,,,,,,,,,,,
sample032_0171.00_0174.00,sample032.mp4,,171.0,174.0,3.0,,,,,,,,,,,,,,,,,
sample032_0174.00_0177.00,sample032.mp4,,174.0,177.0,3.0,,,,,,,,,,,,,,,,,
sample032_0177.00_0180.00,sample032.mp4,,177.0,180.0,3.0,,,,,,,,,,,,,,,,,
sample032_0180.00_0183.00,sample032.mp4,,180.0,183.0,3.0,,,,,,,,,,,,,,,,,
sample032_0183.00_0186.00,sample032.mp4,,183.0,186.0,3.0,,,,,,,,,,,,,,,,,
sample032_0186.00_0189.00,sample032.mp4,,186.0,189.0,3.0,,,,,,,,,,,,,,,,,
sample032_0189.00_0192.00,sample032.mp4,,189.0,192.0,3.0,,,,,,,,,,,,,,,,,
sample032_0192.00_0195.00,sample032.mp4,,192.0,195.0,3.0,,,,,,,,,,,,,,,,,
sample032_0195.00_0198.00,sample032.mp4,,195.0,198.0,3.0,,,,,,,,,,,,,,,,,
sample032_0198.00_0201.00,sample032.mp4,,198.0,201.0,3.0,,,,,,,,,,,,,,,,,
sample032_0201.00_0204.00,sample032.mp4,,201.0,204.0,3.0,,,,,,,,,,,,,,,,,
sample032_0204.00_0207.00,sample032.mp4,,204.0,207.0,3.0,,,,,,,,,,,,,,,,,
sample032_0207.00_0210.00,sample032.mp4,,207.0,210.0,3.0,,,,,,,,,,,,,,,,,
sample032_0210.00_0213.00,sample032.mp4,,210.0,213.0,3.0,,,,,,,,,,,,,,,,,
sample032_0213.00_0216.00,sample032.mp4,,213.0,216.0,3.0,,,,,,,,,,,,,,,,,
sample032_0216.00_0219.00,sample032.mp4,,216.0,219.0,3.0,,,,,,,,,,,,,,,,,
sample032_0219.00_0222.00,sample032.mp4,,219.0,222.0,3.0,,,,,,,,,,,,,,,,,
sample032_0222.00_0225.00,sample032.mp4,,222.0,225.0,3.0,,,,,,,,,,,,,,,,,
sample032_0225.00_0228.00,sample032.mp4,,225.0,228.0,3.0,,,,,,,,,,,,,,,,,
sample032_0228.00_0231.00,sample032.mp4,,228.0,231.0,3.0,,,,,,,,,,,,,,,,,
sample032_0231.00_0234.00,sample032.mp4,,231.0,234.0,3.0,,,,,,,,,,,,,,,,,
sample032_0234.00_0237.00,sample032.mp4,,234.0,237.0,3.0,,,,,,,,,,,,,,,,,
sample032_0237.00_0240.00,sample032.mp4,,237.0,240.0,3.0,,,,,,,,,,,,,,,,,
sample032_0240.00_0243.00,sample032.mp4,,240.0,243.0,3.0,,,,,,,,,,,,,,,,,
sample032_0243.00_0246.00,sample032.mp4,,243.0,246.0,3.0,,,,,,,,,,,,,,,,,
sample032_0246.00_0249.00,sample032.mp4,,246.0,249.0,3.0,,,,,,,,,,,,,,,,,
sample032_0249.00_0252.00,sample032.mp4,,249.0,252.0,3.0,,,,,,,,,,,,,,,,,
sample032_0252.00_0255.00,sample032.mp4,,252.0,255.0,3.0,,,,,,,,,,,,,,,,,
sample032_0255.00_0258.00,sample032.mp4,,255.0,258.0,3.0,,,,,,,,,,,,,,,,,
sample032_0258.00_0261.00,sample032.mp4,,258.0,261.0,3.0,,,,,,,,,,,,,,,,,
sample032_0261.00_0264.00,sample032.mp4,,261.0,264.0,3.0,,,,,,,,,,,,,,,,,
sample032_0264.00_0267.00,sample032.mp4,,264.0,267.0,3.0,,,,,,,,,,,,,,,,,
sample032_0267.00_0270.00,sample032.mp4,,267.0,270.0,3.0,,,,,,,,,,,,,,,,,
sample032_0270.00_0273.00,sample032.mp4,,270.0,273.0,3.0,,,,,,,,,,,,,,,,,
sample032_0273.00_0276.00,sample032.mp4,,273.0,276.0,3.0,,,,,,,,,,,,,,,,,
sample032_0276.00_0279.00,sample032.mp4,,276.0,279.0,3.0,,,,,,,,,,,,,,,,,
sample032_0279.00_0282.00,sample032.mp4,,279.0,282.0,3.0,,,,,,,,,,,,,,,,,
sample032_0282.00_0284.23,sample032.mp4,,282.0,284.23,2.23,,,,,,,,,,,,,,,,,
sample033_0000.00_0003.00,sample033.mp4,,0.0,3.0,3.0,,,,,,,,,,,,,,,,,
sample033_0003.00_0006.00,sample033.mp4,,3.0,6.0,3.0,,,,,,,,,,,,,,,,,
sample033_0006.00_0009.00,sample033.mp4,,6.0,9.0,3.0,,,,,,,,,,,,,,,,,
sample033_0009.00_0012.00,sample033.mp4,,9.0,12.0,3.0,,,,,,,,,,,,,,,,,
sample033_0012.00_0015.00,sample033.mp4,,12.0,15.0,3.0,,,,,,,,,,,,,,,,,
sample033_0015.00_0018.00,sample033.mp4,,15.0,18.0,3.0,,,,,,,,,,,,,,,,,
sample033_0018.00_0021.00,sample033.mp4,,18.0,21.0,3.0,,,,,,,,,,,,,,,,,
sample033_0021.00_0024.00,sample033.mp4,,21.0,24.0,3.0,,,,,,,,,,,,,,,,,
sample033_0024.00_0027.00,sample033.mp4,,24.0,27.0,3.0,,,,,,,,,,,,,,,,,
sample033_0027.00_0030.00,sample033.mp4,,27.0,30.0,3.0,,,,,,,,,,,,,,,,,
sample033_0030.00_0033.00,sample033.mp4,,30.0,33.0,3.0,,,,,,,,,,,,,,,,,
sample033_0033.00_0036.00,sample033.mp4,,33.0,36.0,3.0,,,,,,,,,,,,,,,,,
sample033_0036.00_0039.00,sample033.mp4,,36.0,39.0,3.0,,,,,,,,,,,,,,,,,
sample033_0039.00_0042.00,sample033.mp4,,39.0,42.0,3.0,,,,,,,,,,,,,,,,,
sample033_0042.00_0045.00,sample033.mp4,,42.0,45.0,3.0,,,,,,,,,,,,,,,,,
sample033_0045.00_0048.00,sample033.mp4,,45.0,48.0,3.0,,,,,,,,,,,,,,,,,
sample033_0048.00_0051.00,sample033.mp4,,48.0,51.0,3.0,,,,,,,,,,,,,,,,,
sample033_0051.00_0054.00,sample033.mp4,,51.0,54.0,3.0,,,,,,,,,,,,,,,,,
sample033_0054.00_0057.00,sample033.mp4,,54.0,57.0,3.0,,,,,,,,,,,,,,,,,
sample033_0057.00_0060.00,sample033.mp4,,57.0,60.0,3.0,,,,,,,,,,,,,,,,,
sample033_0060.00_0063.00,sample033.mp4,,60.0,63.0,3.0,,,,,,,,,,,,,,,,,
sample033_0063.00_0066.00,sample033.mp4,,63.0,66.0,3.0,,,,,,,,,,,,,,,,,
sample033_0066.00_0069.00,sample033.mp4,,66.0,69.0,3.0,,,,,,,,,,,,,,,,,
sample033_0069.00_0072.00,sample033.mp4,,69.0,72.0,3.0,,,,,,,,,,,,,,,,,
sample033_0072.00_0075.00,sample033.mp4,,72.0,75.0,3.0,,,,,,,,,,,,,,,,,
sample033_0075.00_0078.00,sample033.mp4,,75.0,78.0,3.0,,,,,,,,,,,,,,,,,
sample033_0078.00_0081.00,sample033.mp4,,78.0,81.0,3.0,,,,,,,,,,,,,,,,,
sample033_0081.00_0084.00,sample033.mp4,,81.0,84.0,3.0,,,,,,,,,,,,,,,,,
sample033_0084.00_0087.00,sample033.mp4,,84.0,87.0,3.0,,,,,,,,,,,,,,,,,
sample033_0087.00_0090.00,sample033.mp4,,87.0,90.0,3.0,,,,,,,,,,,,,,,,,
sample033_0090.00_0093.00,sample033.mp4,,90.0,93.0,3.0,,,,,,,,,,,,,,,,,
sample033_0093.00_0096.00,sample033.mp4,,93.0,96.0,3.0,,,,,,,,,,,,,,,,,
sample033_0096.00_0099.00,sample033.mp4,,96.0,99.0,3.0,,,,,,,,,,,,,,,,,
sample033_0099.00_0102.00,sample033.mp4,,99.0,102.0,3.0,,,,,,,,,,,,,,,,,
sample033_0102.00_0105.00,sample033.mp4,,102.0,105.0,3.0,,,,,,,,,,,,,,,,,
sample033_0105.00_0108.00,sample033.mp4,,105.0,108.0,3.0,,,,,,,,,,,,,,,,,
sample033_0108.00_0111.00,sample033.mp4,,108.0,111.0,3.0,,,,,,,,,,,,,,,,,
sample033_0111.00_0114.00,sample033.mp4,,111.0,114.0,3.0,,,,,,,,,,,,,,,,,
sample033_0114.00_0117.00,sample033.mp4,,114.0,117.0,3.0,,,,,,,,,,,,,,,,,
sample033_0117.00_0120.00,sample033.mp4,,117.0,120.0,3.0,,,,,,,,,,,,,,,,,
sample033_0120.00_0123.00,sample033.mp4,,120.0,123.0,3.0,,,,,,,,,,,,,,,,,
sample033_0123.00_0126.00,sample033.mp4,,123.0,126.0,3.0,,,,,,,,,,,,,,,,,
sample033_0126.00_0129.00,sample033.mp4,,126.0,129.0,3.0,,,,,,,,,,,,,,,,,
sample033_0129.00_0132.00,sample033.mp4,,129.0,132.0,3.0,,,,,,,,,,,,,,,,,
sample033_0132.00_0135.00,sample033.mp4,,132.0,135.0,3.0,,,,,,,,,,,,,,,,,
sample033_0135.00_0138.00,sample033.mp4,,135.0,138.0,3.0,,,,,,,,,,,,,,,,,
sample033_0138.00_0141.00,sample033.mp4,,138.0,141.0,3.0,,,,,,,,,,,,,,,,,
sample033_0141.00_0144.00,sample033.mp4,,141.0,144.0,3.0,,,,,,,,,,,,,,,,,
sample033_0144.00_0147.00,sample033.mp4,,144.0,147.0,3.0,,,,,,,,,,,,,,,,,
sample033_0147.00_0150.00,sample033.mp4,,147.0,150.0,3.0,,,,,,,,,,,,,,,,,
sample033_0150.00_0153.00,sample033.mp4,,150.0,153.0,3.0,,,,,,,,,,,,,,,,,
sample033_0153.00_0156.00,sample033.mp4,,153.0,156.0,3.0,,,,,,,,,,,,,,,,,
sample033_0156.00_0159.00,sample033.mp4,,156.0,159.0,3.0,,,,,,,,,,,,,,,,,
sample033_0159.00_0162.00,sample033.mp4,,159.0,162.0,3.0,,,,,,,,,,,,,,,,,
sample033_0162.00_0165.00,sample033.mp4,,162.0,165.0,3.0,,,,,,,,,,,,,,,,,
sample033_0165.00_0168.00,sample033.mp4,,165.0,168.0,3.0,,,,,,,,,,,,,,,,,
sample033_0168.00_0171.00,sample033.mp4,,168.0,171.0,3.0,,,,,,,,,,,,,,,,,
sample033_0171.00_0174.00,sample033.mp4,,171.0,174.0,3.0,,,,,,,,,,,,,,,,,
sample033_0174.00_0177.00,sample033.mp4,,174.0,177.0,3.0,,,,,,,,,,,,,,,,,
sample033_0177.00_0180.00,sample033.mp4,,177.0,180.0,3.0,,,,,,,,,,,,,,,,,
sample033_0180.00_0183.00,sample033.mp4,,180.0,183.0,3.0,,,,,,,,,,,,,,,,,
sample033_0183.00_0186.00,sample033.mp4,,183.0,186.0,3.0,,,,,,,,,,,,,,,,,
sample033_0186.00_0189.00,sample033.mp4,,186.0,189.0,3.0,,,,,,,,,,,,,,,,,
sample033_0189.00_0192.00,sample033.mp4,,189.0,192.0,3.0,,,,,,,,,,,,,,,,,
sample033_0192.00_0195.00,sample033.mp4,,192.0,195.0,3.0,,,,,,,,,,,,,,,,,
sample033_0195.00_0198.00,sample033.mp4,,195.0,198.0,3.0,,,,,,,,,,,,,,,,,
sample033_0198.00_0201.00,sample033.mp4,,198.0,201.0,3.0,,,,,,,,,,,,,,,,,
sample033_0201.00_0202.37,sample033.mp4,,201.0,202.37,1.37,,,,,,,,,,,,,,,,,
sample034_0000.00_0003.00,sample034.mp4,,0.0,3.0,3.0,,,,,,,,,,,,,,,,,
sample034_0003.00_0006.00,sample034.mp4,,3.0,6.0,3.0,,,,,,,,,,,,,,,,,
sample034_0006.00_0009.00,sample034.mp4,,6.0,9.0,3.0,,,,,,,,,,,,,,,,,
sample034_0009.00_0012.00,sample034.mp4,,9.0,12.0,3.0,,,,,,,,,,,,,,,,,
sample034_0012.00_0015.00,sample034.mp4,,12.0,15.0,3.0,,,,,,,,,,,,,,,,,
sample034_0015.00_0018.00,sample034.mp4,,15.0,18.0,3.0,,,,,,,,,,,,,,,,,
sample034_0018.00_0021.00,sample034.mp4,,18.0,21.0,3.0,,,,,,,,,,,,,,,,,
sample034_0021.00_0024.00,sample034.mp4,,21.0,24.0,3.0,,,,,,,,,,,,,,,,,
sample034_0024.00_0027.00,sample034.mp4,,24.0,27.0,3.0,,,,,,,,,,,,,,,,,
sample034_0027.00_0030.00,sample034.mp4,,27.0,30.0,3.0,,,,,,,,,,,,,,,,,
sample034_0030.00_0033.00,sample034.mp4,,30.0,33.0,3.0,,,,,,,,,,,,,,,,,
sample034_0033.00_0036.00,sample034.mp4,,33.0,36.0,3.0,,,,,,,,,,,,,,,,,
sample034_0036.00_0039.00,sample034.mp4,,36.0,39.0,3.0,,,,,,,,,,,,,,,,,
sample034_0039.00_0042.00,sample034.mp4,,39.0,42.0,3.0,,,,,,,,,,,,,,,,,
sample034_0042.00_0045.00,sample034.mp4,,42.0,45.0,3.0,,,,,,,,,,,,,,,,,
sample034_0045.00_0048.00,sample034.mp4,,45.0,48.0,3.0,,,,,,,,,,,,,,,,,
sample034_0048.00_0051.00,sample034.mp4,,48.0,51.0,3.0,,,,,,,,,,,,,,,,,
sample034_0051.00_0054.00,sample034.mp4,,51.0,54.0,3.0,,,,,,,,,,,,,,,,,
sample034_0054.00_0057.00,sample034.mp4,,54.0,57.0,3.0,,,,,,,,,,,,,,,,,
sample034_0057.00_0060.00,sample034.mp4,,57.0,60.0,3.0,,,,,,,,,,,,,,,,,
sample034_0060.00_0063.00,sample034.mp4,,60.0,63.0,3.0,,,,,,,,,,,,,,,,,
sample034_0063.00_0066.00,sample034.mp4,,63.0,66.0,3.0,,,,,,,,,,,,,,,,,
sample034_0066.00_0069.00,sample034.mp4,,66.0,69.0,3.0,,,,,,,,,,,,,,,,,
sample034_0069.00_0072.00,sample034.mp4,,69.0,72.0,3.0,,,,,,,,,,,,,,,,,
sample034_0072.00_0075.00,sample034.mp4,,72.0,75.0,3.0,,,,,,,,,,,,,,,,,
sample034_0075.00_0078.00,sample034.mp4,,75.0,78.0,3.0,,,,,,,,,,,,,,,,,
sample034_0078.00_0081.00,sample034.mp4,,78.0,81.0,3.0,,,,,,,,,,,,,,,,,
sample034_0081.00_0084.00,sample034.mp4,,81.0,84.0,3.0,,,,,,,,,,,,,,,,,
sample034_0084.00_0087.00,sample034.mp4,,84.0,87.0,3.0,,,,,,,,,,,,,,,,,
sample034_0087.00_0090.00,sample034.mp4,,87.0,90.0,3.0,,,,,,,,,,,,,,,,,
sample034_0090.00_0093.00,sample034.mp4,,90.0,93.0,3.0,,,,,,,,,,,,,,,,,
sample034_0093.00_0096.00,sample034.mp4,,93.0,96.0,3.0,,,,,,,,,,,,,,,,,
sample034_0096.00_0099.00,sample034.mp4,,96.0,99.0,3.0,,,,,,,,,,,,,,,,,
sample034_0099.00_0102.00,sample034.mp4,,99.0,102.0,3.0,,,,,,,,,,,,,,,,,
sample034_0102.00_0105.00,sample034.mp4,,102.0,105.0,3.0,,,,,,,,,,,,,,,,,
sample034_0105.00_0108.00,sample034.mp4,,105.0,108.0,3.0,,,,,,,,,,,,,,,,,
sample034_0108.00_0111.00,sample034.mp4,,108.0,111.0,3.0,,,,,,,,,,,,,,,,,
sample034_0111.00_0114.00,sample034.mp4,,111.0,114.0,3.0,,,,,,,,,,,,,,,,,
sample034_0114.00_0117.00,sample034.mp4,,114.0,117.0,3.0,,,,,,,,,,,,,,,,,
sample034_0117.00_0120.00,sample034.mp4,,117.0,120.0,3.0,,,,,,,,,,,,,,,,,
sample034_0120.00_0123.00,sample034.mp4,,120.0,123.0,3.0,,,,,,,,,,,,,,,,,
sample034_0123.00_0126.00,sample034.mp4,,123.0,126.0,3.0,,,,,,,,,,,,,,,,,
sample034_0126.00_0129.00,sample034.mp4,,126.0,129.0,3.0,,,,,,,,,,,,,,,,,
sample034_0129.00_0132.00,sample034.mp4,,129.0,132.0,3.0,,,,,,,,,,,,,,,,,
sample034_0132.00_0135.00,sample034.mp4,,132.0,135.0,3.0,,,,,,,,,,,,,,,,,
sample034_0135.00_0138.00,sample034.mp4,,135.0,138.0,3.0,,,,,,,,,,,,,,,,,
sample034_0138.00_0141.00,sample034.mp4,,138.0,141.0,3.0,,,,,,,,,,,,,,,,,
sample034_0141.00_0144.00,sample034.mp4,,141.0,144.0,3.0,,,,,,,,,,,,,,,,,
sample034_0144.00_0147.00,sample034.mp4,,144.0,147.0,3.0,,,,,,,,,,,,,,,,,
sample034_0147.00_0150.00,sample034.mp4,,147.0,150.0,3.0,,,,,,,,,,,,,,,,,
sample034_0150.00_0153.00,sample034.mp4,,150.0,153.0,3.0,,,,,,,,,,,,,,,,,
sample034_0153.00_0156.00,sample034.mp4,,153.0,156.0,3.0,,,,,,,,,,,,,,,,,
sample034_0156.00_0159.00,sample034.mp4,,156.0,159.0,3.0,,,,,,,,,,,,,,,,,
sample034_0159.00_0162.00,sample034.mp4,,159.0,162.0,3.0,,,,,,,,,,,,,,,,,
sample034_0162.00_0165.00,sample034.mp4,,162.0,165.0,3.0,,,,,,,,,,,,,,,,,
sample034_0165.00_0168.00,sample034.mp4,,165.0,168.0,3.0,,,,,,,,,,,,,,,,,
sample034_0168.00_0171.00,sample034.mp4,,168.0,171.0,3.0,,,,,,,,,,,,,,,,,
sample034_0171.00_0174.00,sample034.mp4,,171.0,174.0,3.0,,,,,,,,,,,,,,,,,
sample034_0174.00_0177.00,sample034.mp4,,174.0,177.0,3.0,,,,,,,,,,,,,,,,,
sample034_0177.00_0180.00,sample034.mp4,,177.0,180.0,3.0,,,,,,,,,,,,,,,,,
sample034_0180.00_0183.00,sample034.mp4,,180.0,183.0,3.0,,,,,,,,,,,,,,,,,
sample034_0183.00_0186.00,sample034.mp4,,183.0,186.0,3.0,,,,,,,,,,,,,,,,,
sample034_0186.00_0189.00,sample034.mp4,,186.0,189.0,3.0,,,,,,,,,,,,,,,,,
sample034_0189.00_0192.00,sample034.mp4,,189.0,192.0,3.0,,,,,,,,,,,,,,,,,
sample034_0192.00_0195.00,sample034.mp4,,192.0,195.0,3.0,,,,,,,,,,,,,,,,,
sample034_0195.00_0198.00,sample034.mp4,,195.0,198.0,3.0,,,,,,,,,,,,,,,,,
sample034_0198.00_0201.00,sample034.mp4,,198.0,201.0,3.0,,,,,,,,,,,,,,,,,
sample034_0201.00_0204.00,sample034.mp4,,201.0,204.0,3.0,,,,,,,,,,,,,,,,,
sample034_0204.00_0207.00,sample034.mp4,,204.0,207.0,3.0,,,,,,,,,,,,,,,,,
sample034_0207.00_0210.00,sample034.mp4,,207.0,210.0,3.0,,,,,,,,,,,,,,,,,
sample034_0210.00_0213.00,sample034.mp4,,210.0,213.0,3.0,,,,,,,,,,,,,,,,,
sample034_0213.00_0216.00,sample034.mp4,,213.0,216.0,3.0,,,,,,,,,,,,,,,,,
sample034_0216.00_0219.00,sample034.mp4,,216.0,219.0,3.0,,,,,,,,,,,,,,,,,
sample034_0219.00_0222.00,sample034.mp4,,219.0,222.0,3.0,,,,,,,,,,,,,,,,,
sample034_0222.00_0225.00,sample034.mp4,,222.0,225.0,3.0,,,,,,,,,,,,,,,,,
sample034_0225.00_0228.00,sample034.mp4,,225.0,228.0,3.0,,,,,,,,,,,,,,,,,
sample034_0228.00_0231.00,sample034.mp4,,228.0,231.0,3.0,,,,,,,,,,,,,,,,,
sample034_0231.00_0234.00,sample034.mp4,,231.0,234.0,3.0,,,,,,,,,,,,,,,,,
sample034_0234.00_0237.00,sample034.mp4,,234.0,237.0,3.0,,,,,,,,,,,,,,,,,
sample034_0237.00_0240.00,sample034.mp4,,237.0,240.0,3.0,,,,,,,,,,,,,,,,,
sample034_0240.00_0243.00,sample034.mp4,,240.0,243.0,3.0,,,,,,,,,,,,,,,,,
sample034_0243.00_0246.00,sample034.mp4,,243.0,246.0,3.0,,,,,,,,,,,,,,,,,
sample034_0246.00_0249.00,sample034.mp4,,246.0,249.0,3.0,,,,,,,,,,,,,,,,,
sample034_0249.00_0252.00,sample034.mp4,,249.0,252.0,3.0,,,,,,,,,,,,,,,,,
sample034_0252.00_0255.00,sample034.mp4,,252.0,255.0,3.0,,,,,,,,,,,,,,,,,
sample034_0255.00_0258.00,sample034.mp4,,255.0,258.0,3.0,,,,,,,,,,,,,,,,,
sample034_0258.00_0261.00,sample034.mp4,,258.0,261.0,3.0,,,,,,,,,,,,,,,,,
sample034_0261.00_0264.00,sample034.mp4,,261.0,264.0,3.0,,,,,,,,,,,,,,,,,
sample034_0264.00_0267.00,sample034.mp4,,264.0,267.0,3.0,,,,,,,,,,,,,,,,,
sample034_0267.00_0270.00,sample034.mp4,,267.0,270.0,3.0,,,,,,,,,,,,,,,,,
sample034_0270.00_0273.00,sample034.mp4,,270.0,273.0,3.0,,,,,,,,,,,,,,,,,
sample034_0273.00_0276.00,sample034.mp4,,273.0,276.0,3.0,,,,,,,,,,,,,,,,,
sample034_0276.00_0279.00,sample034.mp4,,276.0,279.0,3.0,,,,,,,,,,,,,,,,,
sample034_0279.00_0282.00,sample034.mp4,,279.0,282.0,3.0,,,,,,,,,,,,,,,,,
sample034_0282.00_0285.00,sample034.mp4,,282.0,285.0,3.0,,,,,,,,,,,,,,,,,
sample034_0285.00_0288.00,sample034.mp4,,285.0,288.0,3.0,,,,,,,,,,,,,,,,,
sample034_0288.00_0291.00,sample034.mp4,,288.0,291.0,3.0,,,,,,,,,,,,,,,,,
sample034_0291.00_0293.52,sample034.mp4,,291.0,293.52,2.52,,,,,,,,,,,,,,,,,
sample035_0000.00_0003.00,sample035.mp4,,0.0,3.0,3.0,,,,,,,,,,,,,,,,,
sample035_0003.00_0006.00,sample035.mp4,,3.0,6.0,3.0,,,,,,,,,,,,,,,,,
sample035_0006.00_0009.00,sample035.mp4,,6.0,9.0,3.0,,,,,,,,,,,,,,,,,
sample035_0009.00_0012.00,sample035.mp4,,9.0,12.0,3.0,,,,,,,,,,,,,,,,,
sample035_0012.00_0015.00,sample035.mp4,,12.0,15.0,3.0,,,,,,,,,,,,,,,,,
sample035_0015.00_0018.00,sample035.mp4,,15.0,18.0,3.0,,,,,,,,,,,,,,,,,
sample035_0018.00_0021.00,sample035.mp4,,18.0,21.0,3.0,,,,,,,,,,,,,,,,,
sample035_0021.00_0024.00,sample035.mp4,,21.0,24.0,3.0,,,,,,,,,,,,,,,,,
sample035_0024.00_0027.00,sample035.mp4,,24.0,27.0,3.0,,,,,,,,,,,,,,,,,
sample035_0027.00_0030.00,sample035.mp4,,27.0,30.0,3.0,,,,,,,,,,,,,,,,,
sample035_0030.00_0033.00,sample035.mp4,,30.0,33.0,3.0,,,,,,,,,,,,,,,,,
sample035_0033.00_0036.00,sample035.mp4,,33.0,36.0,3.0,,,,,,,,,,,,,,,,,
sample035_0036.00_0039.00,sample035.mp4,,36.0,39.0,3.0,,,,,,,,,,,,,,,,,
sample035_0039.00_0042.00,sample035.mp4,,39.0,42.0,3.0,,,,,,,,,,,,,,,,,
sample035_0042.00_0045.00,sample035.mp4,,42.0,45.0,3.0,,,,,,,,,,,,,,,,,
sample035_0045.00_0048.00,sample035.mp4,,45.0,48.0,3.0,,,,,,,,,,,,,,,,,
sample035_0048.00_0051.00,sample035.mp4,,48.0,51.0,3.0,,,,,,,,,,,,,,,,,
sample035_0051.00_0054.00,sample035.mp4,,51.0,54.0,3.0,,,,,,,,,,,,,,,,,
sample035_0054.00_0057.00,sample035.mp4,,54.0,57.0,3.0,,,,,,,,,,,,,,,,,
sample035_0057.00_0060.00,sample035.mp4,,57.0,60.0,3.0,,,,,,,,,,,,,,,,,
sample035_0060.00_0063.00,sample035.mp4,,60.0,63.0,3.0,,,,,,,,,,,,,,,,,
sample035_0063.00_0066.00,sample035.mp4,,63.0,66.0,3.0,,,,,,,,,,,,,,,,,
sample035_0066.00_0069.00,sample035.mp4,,66.0,69.0,3.0,,,,,,,,,,,,,,,,,
sample035_0069.00_0072.00,sample035.mp4,,69.0,72.0,3.0,,,,,,,,,,,,,,,,,
sample035_0072.00_0075.00,sample035.mp4,,72.0,75.0,3.0,,,,,,,,,,,,,,,,,
sample035_0075.00_0078.00,sample035.mp4,,75.0,78.0,3.0,,,,,,,,,,,,,,,,,
sample035_0078.00_0081.00,sample035.mp4,,78.0,81.0,3.0,,,,,,,,,,,,,,,,,
sample035_0081.00_0084.00,sample035.mp4,,81.0,84.0,3.0,,,,,,,,,,,,,,,,,
sample035_0084.00_0087.00,sample035.mp4,,84.0,87.0,3.0,,,,,,,,,,,,,,,,,
sample035_0087.00_0090.00,sample035.mp4,,87.0,90.0,3.0,,,,,,,,,,,,,,,,,
sample035_0090.00_0093.00,sample035.mp4,,90.0,93.0,3.0,,,,,,,,,,,,,,,,,
sample035_0093.00_0096.00,sample035.mp4,,93.0,96.0,3.0,,,,,,,,,,,,,,,,,
sample035_0096.00_0099.00,sample035.mp4,,96.0,99.0,3.0,,,,,,,,,,,,,,,,,
sample035_0099.00_0102.00,sample035.mp4,,99.0,102.0,3.0,,,,,,,,,,,,,,,,,
sample035_0102.00_0105.00,sample035.mp4,,102.0,105.0,3.0,,,,,,,,,,,,,,,,,
sample035_0105.00_0108.00,sample035.mp4,,105.0,108.0,3.0,,,,,,,,,,,,,,,,,
sample035_0108.00_0111.00,sample035.mp4,,108.0,111.0,3.0,,,,,,,,,,,,,,,,,
sample035_0111.00_0114.00,sample035.mp4,,111.0,114.0,3.0,,,,,,,,,,,,,,,,,
sample035_0114.00_0117.00,sample035.mp4,,114.0,117.0,3.0,,,,,,,,,,,,,,,,,
sample035_0117.00_0120.00,sample035.mp4,,117.0,120.0,3.0,,,,,,,,,,,,,,,,,
sample035_0120.00_0123.00,sample035.mp4,,120.0,123.0,3.0,,,,,,,,,,,,,,,,,
sample035_0123.00_0126.00,sample035.mp4,,123.0,126.0,3.0,,,,,,,,,,,,,,,,,
sample035_0126.00_0129.00,sample035.mp4,,126.0,129.0,3.0,,,,,,,,,,,,,,,,,
sample035_0129.00_0132.00,sample035.mp4,,129.0,132.0,3.0,,,,,,,,,,,,,,,,,
sample035_0132.00_0135.00,sample035.mp4,,132.0,135.0,3.0,,,,,,,,,,,,,,,,,
sample035_0135.00_0138.00,sample035.mp4,,135.0,138.0,3.0,,,,,,,,,,,,,,,,,
sample035_0138.00_0141.00,sample035.mp4,,138.0,141.0,3.0,,,,,,,,,,,,,,,,,
sample035_0141.00_0144.00,sample035.mp4,,141.0,144.0,3.0,,,,,,,,,,,,,,,,,
sample035_0144.00_0147.00,sample035.mp4,,144.0,147.0,3.0,,,,,,,,,,,,,,,,,
sample035_0147.00_0150.00,sample035.mp4,,147.0,150.0,3.0,,,,,,,,,,,,,,,,,
sample035_0150.00_0153.00,sample035.mp4,,150.0,153.0,3.0,,,,,,,,,,,,,,,,,
sample035_0153.00_0156.00,sample035.mp4,,153.0,156.0,3.0,,,,,,,,,,,,,,,,,
sample035_0156.00_0159.00,sample035.mp4,,156.0,159.0,3.0,,,,,,,,,,,,,,,,,
sample035_0159.00_0162.00,sample035.mp4,,159.0,162.0,3.0,,,,,,,,,,,,,,,,,
sample035_0162.00_0165.00,sample035.mp4,,162.0,165.0,3.0,,,,,,,,,,,,,,,,,
sample035_0165.00_0168.00,sample035.mp4,,165.0,168.0,3.0,,,,,,,,,,,,,,,,,
sample035_0168.00_0171.00,sample035.mp4,,168.0,171.0,3.0,,,,,,,,,,,,,,,,,
sample035_0171.00_0174.00,sample035.mp4,,171.0,174.0,3.0,,,,,,,,,,,,,,,,,
sample035_0174.00_0177.00,sample035.mp4,,174.0,177.0,3.0,,,,,,,,,,,,,,,,,
sample035_0177.00_0180.00,sample035.mp4,,177.0,180.0,3.0,,,,,,,,,,,,,,,,,
sample035_0180.00_0183.00,sample035.mp4,,180.0,183.0,3.0,,,,,,,,,,,,,,,,,
sample035_0183.00_0186.00,sample035.mp4,,183.0,186.0,3.0,,,,,,,,,,,,,,,,,
sample035_0186.00_0189.00,sample035.mp4,,186.0,189.0,3.0,,,,,,,,,,,,,,,,,
sample035_0189.00_0192.00,sample035.mp4,,189.0,192.0,3.0,,,,,,,,,,,,,,,,,
sample035_0192.00_0195.00,sample035.mp4,,192.0,195.0,3.0,,,,,,,,,,,,,,,,,
sample035_0195.00_0198.00,sample035.mp4,,195.0,198.0,3.0,,,,,,,,,,,,,,,,,
sample035_0198.00_0201.00,sample035.mp4,,198.0,201.0,3.0,,,,,,,,,,,,,,,,,
sample035_0201.00_0204.00,sample035.mp4,,201.0,204.0,3.0,,,,,,,,,,,,,,,,,
sample035_0204.00_0207.00,sample035.mp4,,204.0,207.0,3.0,,,,,,,,,,,,,,,,,
sample035_0207.00_0210.00,sample035.mp4,,207.0,210.0,3.0,,,,,,,,,,,,,,,,,
sample035_0210.00_0213.00,sample035.mp4,,210.0,213.0,3.0,,,,,,,,,,,,,,,,,
sample035_0213.00_0216.00,sample035.mp4,,213.0,216.0,3.0,,,,,,,,,,,,,,,,,
sample035_0216.00_0219.00,sample035.mp4,,216.0,219.0,3.0,,,,,,,,,,,,,,,,,
sample035_0219.00_0222.00,sample035.mp4,,219.0,222.0,3.0,,,,,,,,,,,,,,,,,
sample035_0222.00_0225.00,sample035.mp4,,222.0,225.0,3.0,,,,,,,,,,,,,,,,,
sample035_0225.00_0228.00,sample035.mp4,,225.0,228.0,3.0,,,,,,,,,,,,,,,,,
sample035_0228.00_0231.00,sample035.mp4,,228.0,231.0,3.0,,,,,,,,,,,,,,,,,
sample035_0231.00_0234.00,sample035.mp4,,231.0,234.0,3.0,,,,,,,,,,,,,,,,,
sample035_0234.00_0237.00,sample035.mp4,,234.0,237.0,3.0,,,,,,,,,,,,,,,,,
sample035_0237.00_0240.00,sample035.mp4,,237.0,240.0,3.0,,,,,,,,,,,,,,,,,
sample035_0240.00_0243.00,sample035.mp4,,240.0,243.0,3.0,,,,,,,,,,,,,,,,,
sample035_0243.00_0246.00,sample035.mp4,,243.0,246.0,3.0,,,,,,,,,,,,,,,,,
sample035_0246.00_0249.00,sample035.mp4,,246.0,249.0,3.0,,,,,,,,,,,,,,,,,
sample035_0249.00_0252.00,sample035.mp4,,249.0,252.0,3.0,,,,,,,,,,,,,,,,,
sample035_0252.00_0255.00,sample035.mp4,,252.0,255.0,3.0,,,,,,,,,,,,,,,,,
sample035_0255.00_0258.00,sample035.mp4,,255.0,258.0,3.0,,,,,,,,,,,,,,,,,
sample035_0258.00_0261.00,sample035.mp4,,258.0,261.0,3.0,,,,,,,,,,,,,,,,,
sample035_0261.00_0264.00,sample035.mp4,,261.0,264.0,3.0,,,,,,,,,,,,,,,,,
sample035_0264.00_0267.00,sample035.mp4,,264.0,267.0,3.0,,,,,,,,,,,,,,,,,
sample035_0267.00_0270.00,sample035.mp4,,267.0,270.0,3.0,,,,,,,,,,,,,,,,,
sample035_0270.00_0273.00,sample035.mp4,,270.0,273.0,3.0,,,,,,,,,,,,,,,,,
sample035_0273.00_0276.00,sample035.mp4,,273.0,276.0,3.0,,,,,,,,,,,,,,,,,
sample035_0276.00_0279.00,sample035.mp4,,276.0,279.0,3.0,,,,,,,,,,,,,,,,,
sample035_0279.00_0282.00,sample035.mp4,,279.0,282.0,3.0,,,,,,,,,,,,,,,,,
sample035_0282.00_0283.93,sample035.mp4,,282.0,283.93,1.93,,,,,,,,,,,,,,,,,
sample036_0000.00_0003.00,sample036.mp4,,0.0,3.0,3.0,,,,,,,,,,,,,,,,,
sample036_0003.00_0006.00,sample036.mp4,,3.0,6.0,3.0,,,,,,,,,,,,,,,,,
sample036_0006.00_0009.00,sample036.mp4,,6.0,9.0,3.0,,,,,,,,,,,,,,,,,
sample036_0009.00_0012.00,sample036.mp4,,9.0,12.0,3.0,,,,,,,,,,,,,,,,,
sample036_0012.00_0015.00,sample036.mp4,,12.0,15.0,3.0,,,,,,,,,,,,,,,,,
sample036_0015.00_0018.00,sample036.mp4,,15.0,18.0,3.0,,,,,,,,,,,,,,,,,
sample036_0018.00_0021.00,sample036.mp4,,18.0,21.0,3.0,,,,,,,,,,,,,,,,,
sample036_0021.00_0024.00,sample036.mp4,,21.0,24.0,3.0,,,,,,,,,,,,,,,,,
sample036_0024.00_0027.00,sample036.mp4,,24.0,27.0,3.0,,,,,,,,,,,,,,,,,
sample036_0027.00_0030.00,sample036.mp4,,27.0,30.0,3.0,,,,,,,,,,,,,,,,,
sample036_0030.00_0033.00,sample036.mp4,,30.0,33.0,3.0,,,,,,,,,,,,,,,,,
sample036_0033.00_0036.00,sample036.mp4,,33.0,36.0,3.0,,,,,,,,,,,,,,,,,
sample036_0036.00_0039.00,sample036.mp4,,36.0,39.0,3.0,,,,,,,,,,,,,,,,,
sample036_0039.00_0042.00,sample036.mp4,,39.0,42.0,3.0,,,,,,,,,,,,,,,,,
sample036_0042.00_0045.00,sample036.mp4,,42.0,45.0,3.0,,,,,,,,,,,,,,,,,
sample036_0045.00_0048.00,sample036.mp4,,45.0,48.0,3.0,,,,,,,,,,,,,,,,,
sample036_0048.00_0051.00,sample036.mp4,,48.0,51.0,3.0,,,,,,,,,,,,,,,,,
sample036_0051.00_0054.00,sample036.mp4,,51.0,54.0,3.0,,,,,,,,,,,,,,,,,
sample036_0054.00_0057.00,sample036.mp4,,54.0,57.0,3.0,,,,,,,,,,,,,,,,,
sample036_0057.00_0060.00,sample036.mp4,,57.0,60.0,3.0,,,,,,,,,,,,,,,,,
sample036_0060.00_0063.00,sample036.mp4,,60.0,63.0,3.0,,,,,,,,,,,,,,,,,
sample036_0063.00_0066.00,sample036.mp4,,63.0,66.0,3.0,,,,,,,,,,,,,,,,,
sample036_0066.00_0069.00,sample036.mp4,,66.0,69.0,3.0,,,,,,,,,,,,,,,,,
sample036_0069.00_0072.00,sample036.mp4,,69.0,72.0,3.0,,,,,,,,,,,,,,,,,
sample036_0072.00_0075.00,sample036.mp4,,72.0,75.0,3.0,,,,,,,,,,,,,,,,,
sample036_0075.00_0078.00,sample036.mp4,,75.0,78.0,3.0,,,,,,,,,,,,,,,,,
sample036_0078.00_0081.00,sample036.mp4,,78.0,81.0,3.0,,,,,,,,,,,,,,,,,
sample036_0081.00_0084.00,sample036.mp4,,81.0,84.0,3.0,,,,,,,,,,,,,,,,,
sample036_0084.00_0087.00,sample036.mp4,,84.0,87.0,3.0,,,,,,,,,,,,,,,,,
sample036_0087.00_0090.00,sample036.mp4,,87.0,90.0,3.0,,,,,,,,,,,,,,,,,
sample036_0090.00_0093.00,sample036.mp4,,90.0,93.0,3.0,,,,,,,,,,,,,,,,,
sample036_0093.00_0096.00,sample036.mp4,,93.0,96.0,3.0,,,,,,,,,,,,,,,,,
sample036_0096.00_0099.00,sample036.mp4,,96.0,99.0,3.0,,,,,,,,,,,,,,,,,
sample036_0099.00_0102.00,sample036.mp4,,99.0,102.0,3.0,,,,,,,,,,,,,,,,,
sample036_0102.00_0105.00,sample036.mp4,,102.0,105.0,3.0,,,,,,,,,,,,,,,,,
sample036_0105.00_0108.00,sample036.mp4,,105.0,108.0,3.0,,,,,,,,,,,,,,,,,
sample036_0108.00_0111.00,sample036.mp4,,108.0,111.0,3.0,,,,,,,,,,,,,,,,,
sample036_0111.00_0114.00,sample036.mp4,,111.0,114.0,3.0,,,,,,,,,,,,,,,,,
sample036_0114.00_0117.00,sample036.mp4,,114.0,117.0,3.0,,,,,,,,,,,,,,,,,
sample036_0117.00_0120.00,sample036.mp4,,117.0,120.0,3.0,,,,,,,,,,,,,,,,,
sample036_0120.00_0123.00,sample036.mp4,,120.0,123.0,3.0,,,,,,,,,,,,,,,,,
sample036_0123.00_0126.00,sample036.mp4,,123.0,126.0,3.0,,,,,,,,,,,,,,,,,
sample036_0126.00_0129.00,sample036.mp4,,126.0,129.0,3.0,,,,,,,,,,,,,,,,,
sample036_0129.00_0132.00,sample036.mp4,,129.0,132.0,3.0,,,,,,,,,,,,,,,,,
sample036_0132.00_0135.00,sample036.mp4,,132.0,135.0,3.0,,,,,,,,,,,,,,,,,
sample036_0135.00_0138.00,sample036.mp4,,135.0,138.0,3.0,,,,,,,,,,,,,,,,,
sample036_0138.00_0141.00,sample036.mp4,,138.0,141.0,3.0,,,,,,,,,,,,,,,,,
sample036_0141.00_0144.00,sample036.mp4,,141.0,144.0,3.0,,,,,,,,,,,,,,,,,
sample036_0144.00_0147.00,sample036.mp4,,144.0,147.0,3.0,,,,,,,,,,,,,,,,,
sample036_0147.00_0150.00,sample036.mp4,,147.0,150.0,3.0,,,,,,,,,,,,,,,,,
sample036_0150.00_0153.00,sample036.mp4,,150.0,153.0,3.0,,,,,,,,,,,,,,,,,
sample036_0153.00_0156.00,sample036.mp4,,153.0,156.0,3.0,,,,,,,,,,,,,,,,,
sample036_0156.00_0159.00,sample036.mp4,,156.0,159.0,3.0,,,,,,,,,,,,,,,,,
sample036_0159.00_0162.00,sample036.mp4,,159.0,162.0,3.0,,,,,,,,,,,,,,,,,
sample036_0162.00_0165.00,sample036.mp4,,162.0,165.0,3.0,,,,,,,,,,,,,,,,,
sample036_0165.00_0168.00,sample036.mp4,,165.0,168.0,3.0,,,,,,,,,,,,,,,,,
sample036_0168.00_0171.00,sample036.mp4,,168.0,171.0,3.0,,,,,,,,,,,,,,,,,
sample036_0171.00_0174.00,sample036.mp4,,171.0,174.0,3.0,,,,,,,,,,,,,,,,,
sample036_0174.00_0177.00,sample036.mp4,,174.0,177.0,3.0,,,,,,,,,,,,,,,,,
sample036_0177.00_0180.00,sample036.mp4,,177.0,180.0,3.0,,,,,,,,,,,,,,,,,
sample036_0180.00_0183.00,sample036.mp4,,180.0,183.0,3.0,,,,,,,,,,,,,,,,,
sample036_0183.00_0186.00,sample036.mp4,,183.0,186.0,3.0,,,,,,,,,,,,,,,,,
sample036_0186.00_0189.00,sample036.mp4,,186.0,189.0,3.0,,,,,,,,,,,,,,,,,
sample036_0189.00_0192.00,sample036.mp4,,189.0,192.0,3.0,,,,,,,,,,,,,,,,,
sample036_0192.00_0195.00,sample036.mp4,,192.0,195.0,3.0,,,,,,,,,,,,,,,,,
sample036_0195.00_0198.00,sample036.mp4,,195.0,198.0,3.0,,,,,,,,,,,,,,,,,
sample036_0198.00_0201.00,sample036.mp4,,198.0,201.0,3.0,,,,,,,,,,,,,,,,,
sample036_0201.00_0204.00,sample036.mp4,,201.0,204.0,3.0,,,,,,,,,,,,,,,,,
sample036_0204.00_0207.00,sample036.mp4,,204.0,207.0,3.0,,,,,,,,,,,,,,,,,
sample036_0207.00_0210.00,sample036.mp4,,207.0,210.0,3.0,,,,,,,,,,,,,,,,,
sample036_0210.00_0213.00,sample036.mp4,,210.0,213.0,3.0,,,,,,,,,,,,,,,,,
sample036_0213.00_0216.00,sample036.mp4,,213.0,216.0,3.0,,,,,,,,,,,,,,,,,
sample036_0216.00_0219.00,sample036.mp4,,216.0,219.0,3.0,,,,,,,,,,,,,,,,,
sample036_0219.00_0222.00,sample036.mp4,,219.0,222.0,3.0,,,,,,,,,,,,,,,,,
sample036_0222.00_0225.00,sample036.mp4,,222.0,225.0,3.0,,,,,,,,,,,,,,,,,
sample036_0225.00_0228.00,sample036.mp4,,225.0,228.0,3.0,,,,,,,,,,,,,,,,,
sample036_0228.00_0231.00,sample036.mp4,,228.0,231.0,3.0,,,,,,,,,,,,,,,,,
sample036_0231.00_0234.00,sample036.mp4,,231.0,234.0,3.0,,,,,,,,,,,,,,,,,
sample036_0234.00_0235.03,sample036.mp4,,234.0,235.03,1.03,,,,,,,,,,,,,,,,,
sample037_0000.00_0003.00,sample037.mp4,,0.0,3.0,3.0,,,,,,,,,,,,,,,,,
sample037_0003.00_0006.00,sample037.mp4,,3.0,6.0,3.0,,,,,,,,,,,,,,,,,
sample037_0006.00_0009.00,sample037.mp4,,6.0,9.0,3.0,,,,,,,,,,,,,,,,,
sample037_0009.00_0012.00,sample037.mp4,,9.0,12.0,3.0,,,,,,,,,,,,,,,,,
sample037_0012.00_0015.00,sample037.mp4,,12.0,15.0,3.0,,,,,,,,,,,,,,,,,
sample037_0015.00_0018.00,sample037.mp4,,15.0,18.0,3.0,,,,,,,,,,,,,,,,,
sample037_0018.00_0021.00,sample037.mp4,,18.0,21.0,3.0,,,,,,,,,,,,,,,,,
sample037_0021.00_0024.00,sample037.mp4,,21.0,24.0,3.0,,,,,,,,,,,,,,,,,
sample037_0024.00_0027.00,sample037.mp4,,24.0,27.0,3.0,,,,,,,,,,,,,,,,,
sample037_0027.00_0030.00,sample037.mp4,,27.0,30.0,3.0,,,,,,,,,,,,,,,,,
sample037_0030.00_0033.00,sample037.mp4,,30.0,33.0,3.0,,,,,,,,,,,,,,,,,
sample037_0033.00_0036.00,sample037.mp4,,33.0,36.0,3.0,,,,,,,,,,,,,,,,,
sample037_0036.00_0039.00,sample037.mp4,,36.0,39.0,3.0,,,,,,,,,,,,,,,,,
sample037_0039.00_0042.00,sample037.mp4,,39.0,42.0,3.0,,,,,,,,,,,,,,,,,
sample037_0042.00_0045.00,sample037.mp4,,42.0,45.0,3.0,,,,,,,,,,,,,,,,,
sample037_0045.00_0048.00,sample037.mp4,,45.0,48.0,3.0,,,,,,,,,,,,,,,,,
sample037_0048.00_0051.00,sample037.mp4,,48.0,51.0,3.0,,,,,,,,,,,,,,,,,
sample037_0051.00_0054.00,sample037.mp4,,51.0,54.0,3.0,,,,,,,,,,,,,,,,,
sample037_0054.00_0057.00,sample037.mp4,,54.0,57.0,3.0,,,,,,,,,,,,,,,,,
sample037_0057.00_0060.00,sample037.mp4,,57.0,60.0,3.0,,,,,,,,,,,,,,,,,
sample037_0060.00_0063.00,sample037.mp4,,60.0,63.0,3.0,,,,,,,,,,,,,,,,,
sample037_0063.00_0066.00,sample037.mp4,,63.0,66.0,3.0,,,,,,,,,,,,,,,,,
sample037_0066.00_0069.00,sample037.mp4,,66.0,69.0,3.0,,,,,,,,,,,,,,,,,
sample037_0069.00_0072.00,sample037.mp4,,69.0,72.0,3.0,,,,,,,,,,,,,,,,,
sample037_0072.00_0075.00,sample037.mp4,,72.0,75.0,3.0,,,,,,,,,,,,,,,,,
sample037_0075.00_0078.00,sample037.mp4,,75.0,78.0,3.0,,,,,,,,,,,,,,,,,
sample037_0078.00_0081.00,sample037.mp4,,78.0,81.0,3.0,,,,,,,,,,,,,,,,,
sample037_0081.00_0084.00,sample037.mp4,,81.0,84.0,3.0,,,,,,,,,,,,,,,,,
sample037_0084.00_0087.00,sample037.mp4,,84.0,87.0,3.0,,,,,,,,,,,,,,,,,
sample037_0087.00_0090.00,sample037.mp4,,87.0,90.0,3.0,,,,,,,,,,,,,,,,,
sample037_0090.00_0093.00,sample037.mp4,,90.0,93.0,3.0,,,,,,,,,,,,,,,,,
sample037_0093.00_0096.00,sample037.mp4,,93.0,96.0,3.0,,,,,,,,,,,,,,,,,
sample037_0096.00_0099.00,sample037.mp4,,96.0,99.0,3.0,,,,,,,,,,,,,,,,,
sample037_0099.00_0102.00,sample037.mp4,,99.0,102.0,3.0,,,,,,,,,,,,,,,,,
sample037_0102.00_0105.00,sample037.mp4,,102.0,105.0,3.0,,,,,,,,,,,,,,,,,
sample037_0105.00_0108.00,sample037.mp4,,105.0,108.0,3.0,,,,,,,,,,,,,,,,,
sample037_0108.00_0111.00,sample037.mp4,,108.0,111.0,3.0,,,,,,,,,,,,,,,,,
sample037_0111.00_0114.00,sample037.mp4,,111.0,114.0,3.0,,,,,,,,,,,,,,,,,
sample037_0114.00_0117.00,sample037.mp4,,114.0,117.0,3.0,,,,,,,,,,,,,,,,,
sample037_0117.00_0120.00,sample037.mp4,,117.0,120.0,3.0,,,,,,,,,,,,,,,,,
sample037_0120.00_0123.00,sample037.mp4,,120.0,123.0,3.0,,,,,,,,,,,,,,,,,
sample037_0123.00_0126.00,sample037.mp4,,123.0,126.0,3.0,,,,,,,,,,,,,,,,,
sample037_0126.00_0129.00,sample037.mp4,,126.0,129.0,3.0,,,,,,,,,,,,,,,,,
sample037_0129.00_0132.00,sample037.mp4,,129.0,132.0,3.0,,,,,,,,,,,,,,,,,
sample037_0132.00_0135.00,sample037.mp4,,132.0,135.0,3.0,,,,,,,,,,,,,,,,,
sample037_0135.00_0138.00,sample037.mp4,,135.0,138.0,3.0,,,,,,,,,,,,,,,,,
sample037_0138.00_0141.00,sample037.mp4,,138.0,141.0,3.0,,,,,,,,,,,,,,,,,
sample037_0141.00_0144.00,sample037.mp4,,141.0,144.0,3.0,,,,,,,,,,,,,,,,,
sample037_0144.00_0147.00,sample037.mp4,,144.0,147.0,3.0,,,,,,,,,,,,,,,,,
sample037_0147.00_0150.00,sample037.mp4,,147.0,150.0,3.0,,,,,,,,,,,,,,,,,
sample037_0150.00_0153.00,sample037.mp4,,150.0,153.0,3.0,,,,,,,,,,,,,,,,,
sample037_0153.00_0156.00,sample037.mp4,,153.0,156.0,3.0,,,,,,,,,,,,,,,,,
sample037_0156.00_0159.00,sample037.mp4,,156.0,159.0,3.0,,,,,,,,,,,,,,,,,
sample037_0159.00_0162.00,sample037.mp4,,159.0,162.0,3.0,,,,,,,,,,,,,,,,,
sample037_0162.00_0165.00,sample037.mp4,,162.0,165.0,3.0,,,,,,,,,,,,,,,,,
sample037_0165.00_0168.00,sample037.mp4,,165.0,168.0,3.0,,,,,,,,,,,,,,,,,
sample037_0168.00_0171.00,sample037.mp4,,168.0,171.0,3.0,,,,,,,,,,,,,,,,,
sample037_0171.00_0174.00,sample037.mp4,,171.0,174.0,3.0,,,,,,,,,,,,,,,,,
sample037_0174.00_0177.00,sample037.mp4,,174.0,177.0,3.0,,,,,,,,,,,,,,,,,
sample037_0177.00_0180.00,sample037.mp4,,177.0,180.0,3.0,,,,,,,,,,,,,,,,,
sample037_0180.00_0183.00,sample037.mp4,,180.0,183.0,3.0,,,,,,,,,,,,,,,,,
sample037_0183.00_0186.00,sample037.mp4,,183.0,186.0,3.0,,,,,,,,,,,,,,,,,
sample037_0186.00_0189.00,sample037.mp4,,186.0,189.0,3.0,,,,,,,,,,,,,,,,,
sample037_0189.00_0192.00,sample037.mp4,,189.0,192.0,3.0,,,,,,,,,,,,,,,,,
sample037_0192.00_0195.00,sample037.mp4,,192.0,195.0,3.0,,,,,,,,,,,,,,,,,
sample037_0195.00_0198.00,sample037.mp4,,195.0,198.0,3.0,,,,,,,,,,,,,,,,,
sample037_0198.00_0201.00,sample037.mp4,,198.0,201.0,3.0,,,,,,,,,,,,,,,,,
sample037_0201.00_0204.00,sample037.mp4,,201.0,204.0,3.0,,,,,,,,,,,,,,,,,
sample037_0204.00_0207.00,sample037.mp4,,204.0,207.0,3.0,,,,,,,,,,,,,,,,,
sample037_0207.00_0210.00,sample037.mp4,,207.0,210.0,3.0,,,,,,,,,,,,,,,,,
sample037_0210.00_0213.00,sample037.mp4,,210.0,213.0,3.0,,,,,,,,,,,,,,,,,
sample037_0213.00_0216.00,sample037.mp4,,213.0,216.0,3.0,,,,,,,,,,,,,,,,,
sample037_0216.00_0219.00,sample037.mp4,,216.0,219.0,3.0,,,,,,,,,,,,,,,,,
sample037_0219.00_0222.00,sample037.mp4,,219.0,222.0,3.0,,,,,,,,,,,,,,,,,
sample037_0222.00_0225.00,sample037.mp4,,222.0,225.0,3.0,,,,,,,,,,,,,,,,,
sample037_0225.00_0228.00,sample037.mp4,,225.0,228.0,3.0,,,,,,,,,,,,,,,,,
sample037_0228.00_0231.00,sample037.mp4,,228.0,231.0,3.0,,,,,,,,,,,,,,,,,
sample037_0231.00_0231.80,sample037.mp4,,231.0,231.8,0.8,,,,,,,,,,,,,,,,,
sample038_0000.00_0003.00,sample038.mp4,,0.0,3.0,3.0,,,,,,,,,,,,,,,,,
sample038_0003.00_0006.00,sample038.mp4,,3.0,6.0,3.0,,,,,,,,,,,,,,,,,
sample038_0006.00_0009.00,sample038.mp4,,6.0,9.0,3.0,,,,,,,,,,,,,,,,,
sample038_0009.00_0012.00,sample038.mp4,,9.0,12.0,3.0,,,,,,,,,,,,,,,,,
sample038_0012.00_0015.00,sample038.mp4,,12.0,15.0,3.0,,,,,,,,,,,,,,,,,
sample038_0015.00_0018.00,sample038.mp4,,15.0,18.0,3.0,,,,,,,,,,,,,,,,,
sample038_0018.00_0021.00,sample038.mp4,,18.0,21.0,3.0,,,,,,,,,,,,,,,,,
sample038_0021.00_0024.00,sample038.mp4,,21.0,24.0,3.0,,,,,,,,,,,,,,,,,
sample038_0024.00_0027.00,sample038.mp4,,24.0,27.0,3.0,,,,,,,,,,,,,,,,,
sample038_0027.00_0030.00,sample038.mp4,,27.0,30.0,3.0,,,,,,,,,,,,,,,,,
sample038_0030.00_0033.00,sample038.mp4,,30.0,33.0,3.0,,,,,,,,,,,,,,,,,
sample038_0033.00_0036.00,sample038.mp4,,33.0,36.0,3.0,,,,,,,,,,,,,,,,,
sample038_0036.00_0039.00,sample038.mp4,,36.0,39.0,3.0,,,,,,,,,,,,,,,,,
sample038_0039.00_0042.00,sample038.mp4,,39.0,42.0,3.0,,,,,,,,,,,,,,,,,
sample038_0042.00_0045.00,sample038.mp4,,42.0,45.0,3.0,,,,,,,,,,,,,,,,,
sample038_0045.00_0048.00,sample038.mp4,,45.0,48.0,3.0,,,,,,,,,,,,,,,,,
sample038_0048.00_0051.00,sample038.mp4,,48.0,51.0,3.0,,,,,,,,,,,,,,,,,
sample038_0051.00_0054.00,sample038.mp4,,51.0,54.0,3.0,,,,,,,,,,,,,,,,,
sample038_0054.00_0057.00,sample038.mp4,,54.0,57.0,3.0,,,,,,,,,,,,,,,,,
sample038_0057.00_0060.00,sample038.mp4,,57.0,60.0,3.0,,,,,,,,,,,,,,,,,
sample038_0060.00_0063.00,sample038.mp4,,60.0,63.0,3.0,,,,,,,,,,,,,,,,,
sample038_0063.00_0066.00,sample038.mp4,,63.0,66.0,3.0,,,,,,,,,,,,,,,,,
sample038_0066.00_0069.00,sample038.mp4,,66.0,69.0,3.0,,,,,,,,,,,,,,,,,
sample038_0069.00_0072.00,sample038.mp4,,69.0,72.0,3.0,,,,,,,,,,,,,,,,,
sample038_0072.00_0075.00,sample038.mp4,,72.0,75.0,3.0,,,,,,,,,,,,,,,,,
sample038_0075.00_0078.00,sample038.mp4,,75.0,78.0,3.0,,,,,,,,,,,,,,,,,
sample038_0078.00_0081.00,sample038.mp4,,78.0,81.0,3.0,,,,,,,,,,,,,,,,,
sample038_0081.00_0084.00,sample038.mp4,,81.0,84.0,3.0,,,,,,,,,,,,,,,,,
sample038_0084.00_0087.00,sample038.mp4,,84.0,87.0,3.0,,,,,,,,,,,,,,,,,
sample038_0087.00_0090.00,sample038.mp4,,87.0,90.0,3.0,,,,,,,,,,,,,,,,,
sample038_0090.00_0093.00,sample038.mp4,,90.0,93.0,3.0,,,,,,,,,,,,,,,,,
sample038_0093.00_0096.00,sample038.mp4,,93.0,96.0,3.0,,,,,,,,,,,,,,,,,
sample038_0096.00_0099.00,sample038.mp4,,96.0,99.0,3.0,,,,,,,,,,,,,,,,,
sample038_0099.00_0102.00,sample038.mp4,,99.0,102.0,3.0,,,,,,,,,,,,,,,,,
sample038_0102.00_0105.00,sample038.mp4,,102.0,105.0,3.0,,,,,,,,,,,,,,,,,
sample038_0105.00_0108.00,sample038.mp4,,105.0,108.0,3.0,,,,,,,,,,,,,,,,,
sample038_0108.00_0111.00,sample038.mp4,,108.0,111.0,3.0,,,,,,,,,,,,,,,,,
sample038_0111.00_0114.00,sample038.mp4,,111.0,114.0,3.0,,,,,,,,,,,,,,,,,
sample038_0114.00_0117.00,sample038.mp4,,114.0,117.0,3.0,,,,,,,,,,,,,,,,,
sample038_0117.00_0120.00,sample038.mp4,,117.0,120.0,3.0,,,,,,,,,,,,,,,,,
sample038_0120.00_0123.00,sample038.mp4,,120.0,123.0,3.0,,,,,,,,,,,,,,,,,
sample038_0123.00_0126.00,sample038.mp4,,123.0,126.0,3.0,,,,,,,,,,,,,,,,,
sample038_0126.00_0129.00,sample038.mp4,,126.0,129.0,3.0,,,,,,,,,,,,,,,,,
sample038_0129.00_0132.00,sample038.mp4,,129.0,132.0,3.0,,,,,,,,,,,,,,,,,
sample038_0132.00_0135.00,sample038.mp4,,132.0,135.0,3.0,,,,,,,,,,,,,,,,,
sample038_0135.00_0138.00,sample038.mp4,,135.0,138.0,3.0,,,,,,,,,,,,,,,,,
sample038_0138.00_0141.00,sample038.mp4,,138.0,141.0,3.0,,,,,,,,,,,,,,,,,
sample038_0141.00_0144.00,sample038.mp4,,141.0,144.0,3.0,,,,,,,,,,,,,,,,,
sample038_0144.00_0147.00,sample038.mp4,,144.0,147.0,3.0,,,,,,,,,,,,,,,,,
sample038_0147.00_0150.00,sample038.mp4,,147.0,150.0,3.0,,,,,,,,,,,,,,,,,
sample038_0150.00_0153.00,sample038.mp4,,150.0,153.0,3.0,,,,,,,,,,,,,,,,,
sample038_0153.00_0156.00,sample038.mp4,,153.0,156.0,3.0,,,,,,,,,,,,,,,,,
sample038_0156.00_0159.00,sample038.mp4,,156.0,159.0,3.0,,,,,,,,,,,,,,,,,
sample038_0159.00_0162.00,sample038.mp4,,159.0,162.0,3.0,,,,,,,,,,,,,,,,,
sample038_0162.00_0165.00,sample038.mp4,,162.0,165.0,3.0,,,,,,,,,,,,,,,,,
sample038_0165.00_0168.00,sample038.mp4,,165.0,168.0,3.0,,,,,,,,,,,,,,,,,
sample038_0168.00_0171.00,sample038.mp4,,168.0,171.0,3.0,,,,,,,,,,,,,,,,,
sample038_0171.00_0174.00,sample038.mp4,,171.0,174.0,3.0,,,,,,,,,,,,,,,,,
sample038_0174.00_0177.00,sample038.mp4,,174.0,177.0,3.0,,,,,,,,,,,,,,,,,
sample038_0177.00_0180.00,sample038.mp4,,177.0,180.0,3.0,,,,,,,,,,,,,,,,,
sample038_0180.00_0183.00,sample038.mp4,,180.0,183.0,3.0,,,,,,,,,,,,,,,,,
sample038_0183.00_0186.00,sample038.mp4,,183.0,186.0,3.0,,,,,,,,,,,,,,,,,
sample038_0186.00_0189.00,sample038.mp4,,186.0,189.0,3.0,,,,,,,,,,,,,,,,,
sample038_0189.00_0192.00,sample038.mp4,,189.0,192.0,3.0,,,,,,,,,,,,,,,,,
sample038_0192.00_0195.00,sample038.mp4,,192.0,195.0,3.0,,,,,,,,,,,,,,,,,
sample038_0195.00_0198.00,sample038.mp4,,195.0,198.0,3.0,,,,,,,,,,,,,,,,,
sample038_0198.00_0201.00,sample038.mp4,,198.0,201.0,3.0,,,,,,,,,,,,,,,,,
sample038_0201.00_0204.00,sample038.mp4,,201.0,204.0,3.0,,,,,,,,,,,,,,,,,
sample038_0204.00_0207.00,sample038.mp4,,204.0,207.0,3.0,,,,,,,,,,,,,,,,,
sample038_0207.00_0210.00,sample038.mp4,,207.0,210.0,3.0,,,,,,,,,,,,,,,,,
sample038_0210.00_0213.00,sample038.mp4,,210.0,213.0,3.0,,,,,,,,,,,,,,,,,
sample038_0213.00_0216.00,sample038.mp4,,213.0,216.0,3.0,,,,,,,,,,,,,,,,,
sample038_0216.00_0219.00,sample038.mp4,,216.0,219.0,3.0,,,,,,,,,,,,,,,,,
sample038_0219.00_0222.00,sample038.mp4,,219.0,222.0,3.0,,,,,,,,,,,,,,,,,
sample038_0222.00_0225.00,sample038.mp4,,222.0,225.0,3.0,,,,,,,,,,,,,,,,,
sample038_0225.00_0228.00,sample038.mp4,,225.0,228.0,3.0,,,,,,,,,,,,,,,,,
sample038_0228.00_0231.00,sample038.mp4,,228.0,231.0,3.0,,,,,,,,,,,,,,,,,
sample038_0231.00_0234.00,sample038.mp4,,231.0,234.0,3.0,,,,,,,,,,,,,,,,,
sample038_0234.00_0237.00,sample038.mp4,,234.0,237.0,3.0,,,,,,,,,,,,,,,,,
sample038_0237.00_0240.00,sample038.mp4,,237.0,240.0,3.0,,,,,,,,,,,,,,,,,
sample038_0240.00_0243.00,sample038.mp4,,240.0,243.0,3.0,,,,,,,,,,,,,,,,,
sample038_0243.00_0246.00,sample038.mp4,,243.0,246.0,3.0,,,,,,,,,,,,,,,,,
sample038_0246.00_0249.00,sample038.mp4,,246.0,249.0,3.0,,,,,,,,,,,,,,,,,
sample038_0249.00_0252.00,sample038.mp4,,249.0,252.0,3.0,,,,,,,,,,,,,,,,,
sample038_0252.00_0255.00,sample038.mp4,,252.0,255.0,3.0,,,,,,,,,,,,,,,,,
sample038_0255.00_0258.00,sample038.mp4,,255.0,258.0,3.0,,,,,,,,,,,,,,,,,
sample038_0258.00_0261.00,sample038.mp4,,258.0,261.0,3.0,,,,,,,,,,,,,,,,,
sample038_0261.00_0264.00,sample038.mp4,,261.0,264.0,3.0,,,,,,,,,,,,,,,,,
sample038_0264.00_0267.00,sample038.mp4,,264.0,267.0,3.0,,,,,,,,,,,,,,,,,
sample038_0267.00_0270.00,sample038.mp4,,267.0,270.0,3.0,,,,,,,,,,,,,,,,,
sample038_0270.00_0273.00,sample038.mp4,,270.0,273.0,3.0,,,,,,,,,,,,,,,,,
sample038_0273.00_0276.00,sample038.mp4,,273.0,276.0,3.0,,,,,,,,,,,,,,,,,
sample038_0276.00_0279.00,sample038.mp4,,276.0,279.0,3.0,,,,,,,,,,,,,,,,,
sample038_0279.00_0282.00,sample038.mp4,,279.0,282.0,3.0,,,,,,,,,,,,,,,,,
sample038_0282.00_0285.00,sample038.mp4,,282.0,285.0,3.0,,,,,,,,,,,,,,,,,
sample038_0285.00_0288.00,sample038.mp4,,285.0,288.0,3.0,,,,,,,,,,,,,,,,,
sample038_0288.00_0291.00,sample038.mp4,,288.0,291.0,3.0,,,,,,,,,,,,,,,,,
sample038_0291.00_0294.00,sample038.mp4,,291.0,294.0,3.0,,,,,,,,,,,,,,,,,
sample038_0294.00_0297.00,sample038.mp4,,294.0,297.0,3.0,,,,,,,,,,,,,,,,,
sample038_0297.00_0298.06,sample038.mp4,,297.0,298.06,1.06,,,,,,,,,,,,,,,,,
sample039_0000.00_0003.00,sample039.mp4,,0.0,3.0,3.0,,,,,,,,,,,,,,,,,
sample039_0003.00_0006.00,sample039.mp4,,3.0,6.0,3.0,,,,,,,,,,,,,,,,,
sample039_0006.00_0009.00,sample039.mp4,,6.0,9.0,3.0,,,,,,,,,,,,,,,,,
sample039_0009.00_0012.00,sample039.mp4,,9.0,12.0,3.0,,,,,,,,,,,,,,,,,
sample039_0012.00_0015.00,sample039.mp4,,12.0,15.0,3.0,,,,,,,,,,,,,,,,,
sample039_0015.00_0018.00,sample039.mp4,,15.0,18.0,3.0,,,,,,,,,,,,,,,,,
sample039_0018.00_0021.00,sample039.mp4,,18.0,21.0,3.0,,,,,,,,,,,,,,,,,
sample039_0021.00_0024.00,sample039.mp4,,21.0,24.0,3.0,,,,,,,,,,,,,,,,,
sample039_0024.00_0027.00,sample039.mp4,,24.0,27.0,3.0,,,,,,,,,,,,,,,,,
sample039_0027.00_0030.00,sample039.mp4,,27.0,30.0,3.0,,,,,,,,,,,,,,,,,
sample039_0030.00_0033.00,sample039.mp4,,30.0,33.0,3.0,,,,,,,,,,,,,,,,,
sample039_0033.00_0036.00,sample039.mp4,,33.0,36.0,3.0,,,,,,,,,,,,,,,,,
sample039_0036.00_0039.00,sample039.mp4,,36.0,39.0,3.0,,,,,,,,,,,,,,,,,
sample039_0039.00_0042.00,sample039.mp4,,39.0,42.0,3.0,,,,,,,,,,,,,,,,,
sample039_0042.00_0045.00,sample039.mp4,,42.0,45.0,3.0,,,,,,,,,,,,,,,,,
sample039_0045.00_0048.00,sample039.mp4,,45.0,48.0,3.0,,,,,,,,,,,,,,,,,
sample039_0048.00_0051.00,sample039.mp4,,48.0,51.0,3.0,,,,,,,,,,,,,,,,,
sample039_0051.00_0054.00,sample039.mp4,,51.0,54.0,3.0,,,,,,,,,,,,,,,,,
sample039_0054.00_0057.00,sample039.mp4,,54.0,57.0,3.0,,,,,,,,,,,,,,,,,
sample039_0057.00_0060.00,sample039.mp4,,57.0,60.0,3.0,,,,,,,,,,,,,,,,,
sample039_0060.00_0063.00,sample039.mp4,,60.0,63.0,3.0,,,,,,,,,,,,,,,,,
sample039_0063.00_0066.00,sample039.mp4,,63.0,66.0,3.0,,,,,,,,,,,,,,,,,
sample039_0066.00_0069.00,sample039.mp4,,66.0,69.0,3.0,,,,,,,,,,,,,,,,,
sample039_0069.00_0072.00,sample039.mp4,,69.0,72.0,3.0,,,,,,,,,,,,,,,,,
sample039_0072.00_0075.00,sample039.mp4,,72.0,75.0,3.0,,,,,,,,,,,,,,,,,
sample039_0075.00_0078.00,sample039.mp4,,75.0,78.0,3.0,,,,,,,,,,,,,,,,,
sample039_0078.00_0081.00,sample039.mp4,,78.0,81.0,3.0,,,,,,,,,,,,,,,,,
sample039_0081.00_0084.00,sample039.mp4,,81.0,84.0,3.0,,,,,,,,,,,,,,,,,
sample039_0084.00_0087.00,sample039.mp4,,84.0,87.0,3.0,,,,,,,,,,,,,,,,,
sample039_0087.00_0090.00,sample039.mp4,,87.0,90.0,3.0,,,,,,,,,,,,,,,,,
sample039_0090.00_0093.00,sample039.mp4,,90.0,93.0,3.0,,,,,,,,,,,,,,,,,
sample039_0093.00_0096.00,sample039.mp4,,93.0,96.0,3.0,,,,,,,,,,,,,,,,,
sample039_0096.00_0099.00,sample039.mp4,,96.0,99.0,3.0,,,,,,,,,,,,,,,,,
sample039_0099.00_0102.00,sample039.mp4,,99.0,102.0,3.0,,,,,,,,,,,,,,,,,
sample039_0102.00_0105.00,sample039.mp4,,102.0,105.0,3.0,,,,,,,,,,,,,,,,,
sample039_0105.00_0108.00,sample039.mp4,,105.0,108.0,3.0,,,,,,,,,,,,,,,,,
sample039_0108.00_0111.00,sample039.mp4,,108.0,111.0,3.0,,,,,,,,,,,,,,,,,
sample039_0111.00_0114.00,sample039.mp4,,111.0,114.0,3.0,,,,,,,,,,,,,,,,,
sample039_0114.00_0117.00,sample039.mp4,,114.0,117.0,3.0,,,,,,,,,,,,,,,,,
sample039_0117.00_0120.00,sample039.mp4,,117.0,120.0,3.0,,,,,,,,,,,,,,,,,
sample039_0120.00_0123.00,sample039.mp4,,120.0,123.0,3.0,,,,,,,,,,,,,,,,,
sample039_0123.00_0126.00,sample039.mp4,,123.0,126.0,3.0,,,,,,,,,,,,,,,,,
sample039_0126.00_0129.00,sample039.mp4,,126.0,129.0,3.0,,,,,,,,,,,,,,,,,
sample039_0129.00_0132.00,sample039.mp4,,129.0,132.0,3.0,,,,,,,,,,,,,,,,,
sample039_0132.00_0135.00,sample039.mp4,,132.0,135.0,3.0,,,,,,,,,,,,,,,,,
sample039_0135.00_0138.00,sample039.mp4,,135.0,138.0,3.0,,,,,,,,,,,,,,,,,
sample039_0138.00_0141.00,sample039.mp4,,138.0,141.0,3.0,,,,,,,,,,,,,,,,,
sample039_0141.00_0144.00,sample039.mp4,,141.0,144.0,3.0,,,,,,,,,,,,,,,,,
sample039_0144.00_0147.00,sample039.mp4,,144.0,147.0,3.0,,,,,,,,,,,,,,,,,
sample039_0147.00_0150.00,sample039.mp4,,147.0,150.0,3.0,,,,,,,,,,,,,,,,,
sample039_0150.00_0153.00,sample039.mp4,,150.0,153.0,3.0,,,,,,,,,,,,,,,,,
sample039_0153.00_0156.00,sample039.mp4,,153.0,156.0,3.0,,,,,,,,,,,,,,,,,
sample039_0156.00_0159.00,sample039.mp4,,156.0,159.0,3.0,,,,,,,,,,,,,,,,,
sample039_0159.00_0162.00,sample039.mp4,,159.0,162.0,3.0,,,,,,,,,,,,,,,,,
sample039_0162.00_0165.00,sample039.mp4,,162.0,165.0,3.0,,,,,,,,,,,,,,,,,
sample039_0165.00_0168.00,sample039.mp4,,165.0,168.0,3.0,,,,,,,,,,,,,,,,,
sample039_0168.00_0171.00,sample039.mp4,,168.0,171.0,3.0,,,,,,,,,,,,,,,,,
sample039_0171.00_0174.00,sample039.mp4,,171.0,174.0,3.0,,,,,,,,,,,,,,,,,
sample039_0174.00_0177.00,sample039.mp4,,174.0,177.0,3.0,,,,,,,,,,,,,,,,,
sample039_0177.00_0180.00,sample039.mp4,,177.0,180.0,3.0,,,,,,,,,,,,,,,,,
sample039_0180.00_0183.00,sample039.mp4,,180.0,183.0,3.0,,,,,,,,,,,,,,,,,
sample039_0183.00_0186.00,sample039.mp4,,183.0,186.0,3.0,,,,,,,,,,,,,,,,,
sample039_0186.00_0189.00,sample039.mp4,,186.0,189.0,3.0,,,,,,,,,,,,,,,,,
sample039_0189.00_0192.00,sample039.mp4,,189.0,192.0,3.0,,,,,,,,,,,,,,,,,
sample039_0192.00_0195.00,sample039.mp4,,192.0,195.0,3.0,,,,,,,,,,,,,,,,,
sample039_0195.00_0198.00,sample039.mp4,,195.0,198.0,3.0,,,,,,,,,,,,,,,,,
sample039_0198.00_0201.00,sample039.mp4,,198.0,201.0,3.0,,,,,,,,,,,,,,,,,
sample039_0201.00_0204.00,sample039.mp4,,201.0,204.0,3.0,,,,,,,,,,,,,,,,,
sample039_0204.00_0207.00,sample039.mp4,,204.0,207.0,3.0,,,,,,,,,,,,,,,,,
sample039_0207.00_0210.00,sample039.mp4,,207.0,210.0,3.0,,,,,,,,,,,,,,,,,
sample039_0210.00_0213.00,sample039.mp4,,210.0,213.0,3.0,,,,,,,,,,,,,,,,,
sample039_0213.00_0216.00,sample039.mp4,,213.0,216.0,3.0,,,,,,,,,,,,,,,,,
sample039_0216.00_0219.00,sample039.mp4,,216.0,219.0,3.0,,,,,,,,,,,,,,,,,
sample039_0219.00_0222.00,sample039.mp4,,219.0,222.0,3.0,,,,,,,,,,,,,,,,,
sample039_0222.00_0225.00,sample039.mp4,,222.0,225.0,3.0,,,,,,,,,,,,,,,,,
sample039_0225.00_0228.00,sample039.mp4,,225.0,228.0,3.0,,,,,,,,,,,,,,,,,
sample039_0228.00_0231.00,sample039.mp4,,228.0,231.0,3.0,,,,,,,,,,,,,,,,,
sample039_0231.00_0234.00,sample039.mp4,,231.0,234.0,3.0,,,,,,,,,,,,,,,,,
sample039_0234.00_0237.00,sample039.mp4,,234.0,237.0,3.0,,,,,,,,,,,,,,,,,
sample039_0237.00_0240.00,sample039.mp4,,237.0,240.0,3.0,,,,,,,,,,,,,,,,,
sample039_0240.00_0243.00,sample039.mp4,,240.0,243.0,3.0,,,,,,,,,,,,,,,,,
sample039_0243.00_0246.00,sample039.mp4,,243.0,246.0,3.0,,,,,,,,,,,,,,,,,
sample039_0246.00_0249.00,sample039.mp4,,246.0,249.0,3.0,,,,,,,,,,,,,,,,,
sample039_0249.00_0250.53,sample039.mp4,,249.0,250.53,1.53,,,,,,,,,,,,,,,,,
sample040_0000.00_0003.00,sample040.mp4,,0.0,3.0,3.0,,,,,,,,,,,,,,,,,
sample040_0003.00_0006.00,sample040.mp4,,3.0,6.0,3.0,,,,,,,,,,,,,,,,,
sample040_0006.00_0009.00,sample040.mp4,,6.0,9.0,3.0,,,,,,,,,,,,,,,,,
sample040_0009.00_0012.00,sample040.mp4,,9.0,12.0,3.0,,,,,,,,,,,,,,,,,
sample040_0012.00_0015.00,sample040.mp4,,12.0,15.0,3.0,,,,,,,,,,,,,,,,,
sample040_0015.00_0018.00,sample040.mp4,,15.0,18.0,3.0,,,,,,,,,,,,,,,,,
sample040_0018.00_0021.00,sample040.mp4,,18.0,21.0,3.0,,,,,,,,,,,,,,,,,
sample040_0021.00_0024.00,sample040.mp4,,21.0,24.0,3.0,,,,,,,,,,,,,,,,,
sample040_0024.00_0027.00,sample040.mp4,,24.0,27.0,3.0,,,,,,,,,,,,,,,,,
sample040_0027.00_0030.00,sample040.mp4,,27.0,30.0,3.0,,,,,,,,,,,,,,,,,
sample040_0030.00_0033.00,sample040.mp4,,30.0,33.0,3.0,,,,,,,,,,,,,,,,,
sample040_0033.00_0036.00,sample040.mp4,,33.0,36.0,3.0,,,,,,,,,,,,,,,,,
sample040_0036.00_0039.00,sample040.mp4,,36.0,39.0,3.0,,,,,,,,,,,,,,,,,
sample040_0039.00_0042.00,sample040.mp4,,39.0,42.0,3.0,,,,,,,,,,,,,,,,,
sample040_0042.00_0045.00,sample040.mp4,,42.0,45.0,3.0,,,,,,,,,,,,,,,,,
sample040_0045.00_0048.00,sample040.mp4,,45.0,48.0,3.0,,,,,,,,,,,,,,,,,
sample040_0048.00_0051.00,sample040.mp4,,48.0,51.0,3.0,,,,,,,,,,,,,,,,,
sample040_0051.00_0054.00,sample040.mp4,,51.0,54.0,3.0,,,,,,,,,,,,,,,,,
sample040_0054.00_0057.00,sample040.mp4,,54.0,57.0,3.0,,,,,,,,,,,,,,,,,
sample040_0057.00_0060.00,sample040.mp4,,57.0,60.0,3.0,,,,,,,,,,,,,,,,,
sample040_0060.00_0063.00,sample040.mp4,,60.0,63.0,3.0,,,,,,,,,,,,,,,,,
sample040_0063.00_0066.00,sample040.mp4,,63.0,66.0,3.0,,,,,,,,,,,,,,,,,
sample040_0066.00_0069.00,sample040.mp4,,66.0,69.0,3.0,,,,,,,,,,,,,,,,,
sample040_0069.00_0072.00,sample040.mp4,,69.0,72.0,3.0,,,,,,,,,,,,,,,,,
sample040_0072.00_0075.00,sample040.mp4,,72.0,75.0,3.0,,,,,,,,,,,,,,,,,
sample040_0075.00_0078.00,sample040.mp4,,75.0,78.0,3.0,,,,,,,,,,,,,,,,,
sample040_0078.00_0081.00,sample040.mp4,,78.0,81.0,3.0,,,,,,,,,,,,,,,,,
sample040_0081.00_0084.00,sample040.mp4,,81.0,84.0,3.0,,,,,,,,,,,,,,,,,
sample040_0084.00_0087.00,sample040.mp4,,84.0,87.0,3.0,,,,,,,,,,,,,,,,,
sample040_0087.00_0090.00,sample040.mp4,,87.0,90.0,3.0,,,,,,,,,,,,,,,,,
sample040_0090.00_0093.00,sample040.mp4,,90.0,93.0,3.0,,,,,,,,,,,,,,,,,
sample040_0093.00_0096.00,sample040.mp4,,93.0,96.0,3.0,,,,,,,,,,,,,,,,,
sample040_0096.00_0099.00,sample040.mp4,,96.0,99.0,3.0,,,,,,,,,,,,,,,,,
sample040_0099.00_0102.00,sample040.mp4,,99.0,102.0,3.0,,,,,,,,,,,,,,,,,
sample040_0102.00_0105.00,sample040.mp4,,102.0,105.0,3.0,,,,,,,,,,,,,,,,,
sample040_0105.00_0108.00,sample040.mp4,,105.0,108.0,3.0,,,,,,,,,,,,,,,,,
sample040_0108.00_0111.00,sample040.mp4,,108.0,111.0,3.0,,,,,,,,,,,,,,,,,
sample040_0111.00_0114.00,sample040.mp4,,111.0,114.0,3.0,,,,,,,,,,,,,,,,,
sample040_0114.00_0117.00,sample040.mp4,,114.0,117.0,3.0,,,,,,,,,,,,,,,,,
sample040_0117.00_0120.00,sample040.mp4,,117.0,120.0,3.0,,,,,,,,,,,,,,,,,
sample040_0120.00_0123.00,sample040.mp4,,120.0,123.0,3.0,,,,,,,,,,,,,,,,,
sample040_0123.00_0126.00,sample040.mp4,,123.0,126.0,3.0,,,,,,,,,,,,,,,,,
sample040_0126.00_0129.00,sample040.mp4,,126.0,129.0,3.0,,,,,,,,,,,,,,,,,
sample040_0129.00_0132.00,sample040.mp4,,129.0,132.0,3.0,,,,,,,,,,,,,,,,,
sample040_0132.00_0135.00,sample040.mp4,,132.0,135.0,3.0,,,,,,,,,,,,,,,,,
sample040_0135.00_0138.00,sample040.mp4,,135.0,138.0,3.0,,,,,,,,,,,,,,,,,
sample040_0138.00_0141.00,sample040.mp4,,138.0,141.0,3.0,,,,,,,,,,,,,,,,,
sample040_0141.00_0144.00,sample040.mp4,,141.0,144.0,3.0,,,,,,,,,,,,,,,,,
sample040_0144.00_0147.00,sample040.mp4,,144.0,147.0,3.0,,,,,,,,,,,,,,,,,
sample040_0147.00_0150.00,sample040.mp4,,147.0,150.0,3.0,,,,,,,,,,,,,,,,,
sample040_0150.00_0153.00,sample040.mp4,,150.0,153.0,3.0,,,,,,,,,,,,,,,,,
sample040_0153.00_0156.00,sample040.mp4,,153.0,156.0,3.0,,,,,,,,,,,,,,,,,
sample040_0156.00_0159.00,sample040.mp4,,156.0,159.0,3.0,,,,,,,,,,,,,,,,,
sample040_0159.00_0162.00,sample040.mp4,,159.0,162.0,3.0,,,,,,,,,,,,,,,,,
sample040_0162.00_0165.00,sample040.mp4,,162.0,165.0,3.0,,,,,,,,,,,,,,,,,
sample040_0165.00_0168.00,sample040.mp4,,165.0,168.0,3.0,,,,,,,,,,,,,,,,,
sample040_0168.00_0171.00,sample040.mp4,,168.0,171.0,3.0,,,,,,,,,,,,,,,,,
sample040_0171.00_0174.00,sample040.mp4,,171.0,174.0,3.0,,,,,,,,,,,,,,,,,
sample040_0174.00_0177.00,sample040.mp4,,174.0,177.0,3.0,,,,,,,,,,,,,,,,,
sample040_0177.00_0180.00,sample040.mp4,,177.0,180.0,3.0,,,,,,,,,,,,,,,,,
sample040_0180.00_0183.00,sample040.mp4,,180.0,183.0,3.0,,,,,,,,,,,,,,,,,
sample040_0183.00_0186.00,sample040.mp4,,183.0,186.0,3.0,,,,,,,,,,,,,,,,,
sample040_0186.00_0189.00,sample040.mp4,,186.0,189.0,3.0,,,,,,,,,,,,,,,,,
sample040_0189.00_0192.00,sample040.mp4,,189.0,192.0,3.0,,,,,,,,,,,,,,,,,
sample040_0192.00_0195.00,sample040.mp4,,192.0,195.0,3.0,,,,,,,,,,,,,,,,,
sample040_0195.00_0198.00,sample040.mp4,,195.0,198.0,3.0,,,,,,,,,,,,,,,,,
sample040_0198.00_0201.00,sample040.mp4,,198.0,201.0,3.0,,,,,,,,,,,,,,,,,
sample040_0201.00_0204.00,sample040.mp4,,201.0,204.0,3.0,,,,,,,,,,,,,,,,,
sample040_0204.00_0207.00,sample040.mp4,,204.0,207.0,3.0,,,,,,,,,,,,,,,,,
sample040_0207.00_0210.00,sample040.mp4,,207.0,210.0,3.0,,,,,,,,,,,,,,,,,
sample040_0210.00_0213.00,sample040.mp4,,210.0,213.0,3.0,,,,,,,,,,,,,,,,,
sample040_0213.00_0216.00,sample040.mp4,,213.0,216.0,3.0,,,,,,,,,,,,,,,,,
sample040_0216.00_0219.00,sample040.mp4,,216.0,219.0,3.0,,,,,,,,,,,,,,,,,
sample040_0219.00_0222.00,sample040.mp4,,219.0,222.0,3.0,,,,,,,,,,,,,,,,,
sample040_0222.00_0225.00,sample040.mp4,,222.0,225.0,3.0,,,,,,,,,,,,,,,,,
sample040_0225.00_0228.00,sample040.mp4,,225.0,228.0,3.0,,,,,,,,,,,,,,,,,
sample040_0228.00_0231.00,sample040.mp4,,228.0,231.0,3.0,,,,,,,,,,,,,,,,,
sample040_0231.00_0234.00,sample040.mp4,,231.0,234.0,3.0,,,,,,,,,,,,,,,,,
sample040_0234.00_0237.00,sample040.mp4,,234.0,237.0,3.0,,,,,,,,,,,,,,,,,
sample040_0237.00_0239.17,sample040.mp4,,237.0,239.17,2.17,,,,,,,,,,,,,,,,,
sample041_0000.00_0003.00,sample041.mp4,,0.0,3.0,3.0,,,,,,,,,,,,,,,,,
sample041_0003.00_0006.00,sample041.mp4,,3.0,6.0,3.0,,,,,,,,,,,,,,,,,
sample041_0006.00_0009.00,sample041.mp4,,6.0,9.0,3.0,,,,,,,,,,,,,,,,,
sample041_0009.00_0012.00,sample041.mp4,,9.0,12.0,3.0,,,,,,,,,,,,,,,,,
sample041_0012.00_0015.00,sample041.mp4,,12.0,15.0,3.0,,,,,,,,,,,,,,,,,
sample041_0015.00_0018.00,sample041.mp4,,15.0,18.0,3.0,,,,,,,,,,,,,,,,,
sample041_0018.00_0021.00,sample041.mp4,,18.0,21.0,3.0,,,,,,,,,,,,,,,,,
sample041_0021.00_0024.00,sample041.mp4,,21.0,24.0,3.0,,,,,,,,,,,,,,,,,
sample041_0024.00_0027.00,sample041.mp4,,24.0,27.0,3.0,,,,,,,,,,,,,,,,,
sample041_0027.00_0030.00,sample041.mp4,,27.0,30.0,3.0,,,,,,,,,,,,,,,,,
sample041_0030.00_0033.00,sample041.mp4,,30.0,33.0,3.0,,,,,,,,,,,,,,,,,
sample041_0033.00_0036.00,sample041.mp4,,33.0,36.0,3.0,,,,,,,,,,,,,,,,,
sample041_0036.00_0039.00,sample041.mp4,,36.0,39.0,3.0,,,,,,,,,,,,,,,,,
sample041_0039.00_0042.00,sample041.mp4,,39.0,42.0,3.0,,,,,,,,,,,,,,,,,
sample041_0042.00_0045.00,sample041.mp4,,42.0,45.0,3.0,,,,,,,,,,,,,,,,,
sample041_0045.00_0048.00,sample041.mp4,,45.0,48.0,3.0,,,,,,,,,,,,,,,,,
sample041_0048.00_0051.00,sample041.mp4,,48.0,51.0,3.0,,,,,,,,,,,,,,,,,
sample041_0051.00_0054.00,sample041.mp4,,51.0,54.0,3.0,,,,,,,,,,,,,,,,,
sample041_0054.00_0057.00,sample041.mp4,,54.0,57.0,3.0,,,,,,,,,,,,,,,,,
sample041_0057.00_0060.00,sample041.mp4,,57.0,60.0,3.0,,,,,,,,,,,,,,,,,
sample041_0060.00_0063.00,sample041.mp4,,60.0,63.0,3.0,,,,,,,,,,,,,,,,,
sample041_0063.00_0066.00,sample041.mp4,,63.0,66.0,3.0,,,,,,,,,,,,,,,,,
sample041_0066.00_0069.00,sample041.mp4,,66.0,69.0,3.0,,,,,,,,,,,,,,,,,
sample041_0069.00_0072.00,sample041.mp4,,69.0,72.0,3.0,,,,,,,,,,,,,,,,,
sample041_0072.00_0075.00,sample041.mp4,,72.0,75.0,3.0,,,,,,,,,,,,,,,,,
sample041_0075.00_0078.00,sample041.mp4,,75.0,78.0,3.0,,,,,,,,,,,,,,,,,
sample041_0078.00_0081.00,sample041.mp4,,78.0,81.0,3.0,,,,,,,,,,,,,,,,,
sample041_0081.00_0084.00,sample041.mp4,,81.0,84.0,3.0,,,,,,,,,,,,,,,,,
sample041_0084.00_0087.00,sample041.mp4,,84.0,87.0,3.0,,,,,,,,,,,,,,,,,
sample041_0087.00_0090.00,sample041.mp4,,87.0,90.0,3.0,,,,,,,,,,,,,,,,,
sample041_0090.00_0093.00,sample041.mp4,,90.0,93.0,3.0,,,,,,,,,,,,,,,,,
sample041_0093.00_0096.00,sample041.mp4,,93.0,96.0,3.0,,,,,,,,,,,,,,,,,
sample041_0096.00_0099.00,sample041.mp4,,96.0,99.0,3.0,,,,,,,,,,,,,,,,,
sample041_0099.00_0102.00,sample041.mp4,,99.0,102.0,3.0,,,,,,,,,,,,,,,,,
sample041_0102.00_0105.00,sample041.mp4,,102.0,105.0,3.0,,,,,,,,,,,,,,,,,
sample041_0105.00_0108.00,sample041.mp4,,105.0,108.0,3.0,,,,,,,,,,,,,,,,,
sample041_0108.00_0111.00,sample041.mp4,,108.0,111.0,3.0,,,,,,,,,,,,,,,,,
sample041_0111.00_0114.00,sample041.mp4,,111.0,114.0,3.0,,,,,,,,,,,,,,,,,
sample041_0114.00_0117.00,sample041.mp4,,114.0,117.0,3.0,,,,,,,,,,,,,,,,,
sample041_0117.00_0120.00,sample041.mp4,,117.0,120.0,3.0,,,,,,,,,,,,,,,,,
sample041_0120.00_0123.00,sample041.mp4,,120.0,123.0,3.0,,,,,,,,,,,,,,,,,
sample041_0123.00_0126.00,sample041.mp4,,123.0,126.0,3.0,,,,,,,,,,,,,,,,,
sample041_0126.00_0129.00,sample041.mp4,,126.0,129.0,3.0,,,,,,,,,,,,,,,,,
sample041_0129.00_0132.00,sample041.mp4,,129.0,132.0,3.0,,,,,,,,,,,,,,,,,
sample041_0132.00_0135.00,sample041.mp4,,132.0,135.0,3.0,,,,,,,,,,,,,,,,,
sample041_0135.00_0138.00,sample041.mp4,,135.0,138.0,3.0,,,,,,,,,,,,,,,,,
sample041_0138.00_0141.00,sample041.mp4,,138.0,141.0,3.0,,,,,,,,,,,,,,,,,
sample041_0141.00_0144.00,sample041.mp4,,141.0,144.0,3.0,,,,,,,,,,,,,,,,,
sample041_0144.00_0147.00,sample041.mp4,,144.0,147.0,3.0,,,,,,,,,,,,,,,,,
sample041_0147.00_0150.00,sample041.mp4,,147.0,150.0,3.0,,,,,,,,,,,,,,,,,
sample041_0150.00_0153.00,sample041.mp4,,150.0,153.0,3.0,,,,,,,,,,,,,,,,,
sample041_0153.00_0156.00,sample041.mp4,,153.0,156.0,3.0,,,,,,,,,,,,,,,,,
sample041_0156.00_0159.00,sample041.mp4,,156.0,159.0,3.0,,,,,,,,,,,,,,,,,
sample041_0159.00_0162.00,sample041.mp4,,159.0,162.0,3.0,,,,,,,,,,,,,,,,,
sample041_0162.00_0165.00,sample041.mp4,,162.0,165.0,3.0,,,,,,,,,,,,,,,,,
sample041_0165.00_0168.00,sample041.mp4,,165.0,168.0,3.0,,,,,,,,,,,,,,,,,
sample041_0168.00_0171.00,sample041.mp4,,168.0,171.0,3.0,,,,,,,,,,,,,,,,,
sample041_0171.00_0174.00,sample041.mp4,,171.0,174.0,3.0,,,,,,,,,,,,,,,,,
sample041_0174.00_0177.00,sample041.mp4,,174.0,177.0,3.0,,,,,,,,,,,,,,,,,
sample041_0177.00_0180.00,sample041.mp4,,177.0,180.0,3.0,,,,,,,,,,,,,,,,,
sample041_0180.00_0183.00,sample041.mp4,,180.0,183.0,3.0,,,,,,,,,,,,,,,,,
sample041_0183.00_0186.00,sample041.mp4,,183.0,186.0,3.0,,,,,,,,,,,,,,,,,
sample041_0186.00_0189.00,sample041.mp4,,186.0,189.0,3.0,,,,,,,,,,,,,,,,,
sample041_0189.00_0192.00,sample041.mp4,,189.0,192.0,3.0,,,,,,,,,,,,,,,,,
sample041_0192.00_0195.00,sample041.mp4,,192.0,195.0,3.0,,,,,,,,,,,,,,,,,
sample041_0195.00_0198.00,sample041.mp4,,195.0,198.0,3.0,,,,,,,,,,,,,,,,,
sample041_0198.00_0201.00,sample041.mp4,,198.0,201.0,3.0,,,,,,,,,,,,,,,,,
sample041_0201.00_0204.00,sample041.mp4,,201.0,204.0,3.0,,,,,,,,,,,,,,,,,
sample041_0204.00_0207.00,sample041.mp4,,204.0,207.0,3.0,,,,,,,,,,,,,,,,,
sample041_0207.00_0210.00,sample041.mp4,,207.0,210.0,3.0,,,,,,,,,,,,,,,,,
sample041_0210.00_0213.00,sample041.mp4,,210.0,213.0,3.0,,,,,,,,,,,,,,,,,
sample041_0213.00_0216.00,sample041.mp4,,213.0,216.0,3.0,,,,,,,,,,,,,,,,,
sample041_0216.00_0219.00,sample041.mp4,,216.0,219.0,3.0,,,,,,,,,,,,,,,,,
sample041_0219.00_0222.00,sample041.mp4,,219.0,222.0,3.0,,,,,,,,,,,,,,,,,
sample041_0222.00_0225.00,sample041.mp4,,222.0,225.0,3.0,,,,,,,,,,,,,,,,,
sample041_0225.00_0228.00,sample041.mp4,,225.0,228.0,3.0,,,,,,,,,,,,,,,,,
sample041_0228.00_0231.00,sample041.mp4,,228.0,231.0,3.0,,,,,,,,,,,,,,,,,
sample041_0231.00_0234.00,sample041.mp4,,231.0,234.0,3.0,,,,,,,,,,,,,,,,,
sample041_0234.00_0237.00,sample041.mp4,,234.0,237.0,3.0,,,,,,,,,,,,,,,,,
sample041_0237.00_0240.00,sample041.mp4,,237.0,240.0,3.0,,,,,,,,,,,,,,,,,
sample041_0240.00_0243.00,sample041.mp4,,240.0,243.0,3.0,,,,,,,,,,,,,,,,,
sample041_0243.00_0246.00,sample041.mp4,,243.0,246.0,3.0,,,,,,,,,,,,,,,,,
sample041_0246.00_0249.00,sample041.mp4,,246.0,249.0,3.0,,,,,,,,,,,,,,,,,
sample041_0249.00_0252.00,sample041.mp4,,249.0,252.0,3.0,,,,,,,,,,,,,,,,,
sample041_0252.00_0255.00,sample041.mp4,,252.0,255.0,3.0,,,,,,,,,,,,,,,,,
sample041_0255.00_0258.00,sample041.mp4,,255.0,258.0,3.0,,,,,,,,,,,,,,,,,
sample041_0258.00_0261.00,sample041.mp4,,258.0,261.0,3.0,,,,,,,,,,,,,,,,,
sample041_0261.00_0264.00,sample041.mp4,,261.0,264.0,3.0,,,,,,,,,,,,,,,,,
sample041_0264.00_0267.00,sample041.mp4,,264.0,267.0,3.0,,,,,,,,,,,,,,,,,
sample041_0267.00_0270.00,sample041.mp4,,267.0,270.0,3.0,,,,,,,,,,,,,,,,,
sample041_0270.00_0273.00,sample041.mp4,,270.0,273.0,3.0,,,,,,,,,,,,,,,,,
sample041_0273.00_0276.00,sample041.mp4,,273.0,276.0,3.0,,,,,,,,,,,,,,,,,
sample041_0276.00_0279.00,sample041.mp4,,276.0,279.0,3.0,,,,,,,,,,,,,,,,,
sample041_0279.00_0282.00,sample041.mp4,,279.0,282.0,3.0,,,,,,,,,,,,,,,,,
sample041_0282.00_0285.00,sample041.mp4,,282.0,285.0,3.0,,,,,,,,,,,,,,,,,
sample041_0285.00_0288.00,sample041.mp4,,285.0,288.0,3.0,,,,,,,,,,,,,,,,,
sample041_0288.00_0291.00,sample041.mp4,,288.0,291.0,3.0,,,,,,,,,,,,,,,,,
sample041_0291.00_0294.00,sample041.mp4,,291.0,294.0,3.0,,,,,,,,,,,,,,,,,
sample041_0294.00_0297.00,sample041.mp4,,294.0,297.0,3.0,,,,,,,,,,,,,,,,,
sample041_0297.00_0300.00,sample041.mp4,,297.0,300.0,3.0,,,,,,,,,,,,,,,,,
sample041_0300.00_0303.00,sample041.mp4,,300.0,303.0,3.0,,,,,,,,,,,,,,,,,
sample041_0303.00_0306.00,sample041.mp4,,303.0,306.0,3.0,,,,,,,,,,,,,,,,,
sample041_0306.00_0309.00,sample041.mp4,,306.0,309.0,3.0,,,,,,,,,,,,,,,,,
sample041_0309.00_0312.00,sample041.mp4,,309.0,312.0,3.0,,,,,,,,,,,,,,,,,
sample041_0312.00_0315.00,sample041.mp4,,312.0,315.0,3.0,,,,,,,,,,,,,,,,,
sample041_0315.00_0318.00,sample041.mp4,,315.0,318.0,3.0,,,,,,,,,,,,,,,,,
sample041_0318.00_0321.00,sample041.mp4,,318.0,321.0,3.0,,,,,,,,,,,,,,,,,
sample041_0321.00_0324.00,sample041.mp4,,321.0,324.0,3.0,,,,,,,,,,,,,,,,,
sample041_0324.00_0327.00,sample041.mp4,,324.0,327.0,3.0,,,,,,,,,,,,,,,,,
sample041_0327.00_0330.00,sample041.mp4,,327.0,330.0,3.0,,,,,,,,,,,,,,,,,
sample041_0330.00_0333.00,sample041.mp4,,330.0,333.0,3.0,,,,,,,,,,,,,,,,,
sample041_0333.00_0336.00,sample041.mp4,,333.0,336.0,3.0,,,,,,,,,,,,,,,,,
sample041_0336.00_0339.00,sample041.mp4,,336.0,339.0,3.0,,,,,,,,,,,,,,,,,
sample041_0339.00_0342.00,sample041.mp4,,339.0,342.0,3.0,,,,,,,,,,,,,,,,,
sample041_0342.00_0345.00,sample041.mp4,,342.0,345.0,3.0,,,,,,,,,,,,,,,,,
sample041_0345.00_0345.77,sample041.mp4,,345.0,345.77,0.77,,,,,,,,,,,,,,,,,
sample042_0000.00_0003.00,sample042.mp4,,0.0,3.0,3.0,,,,,,,,,,,,,,,,,
sample042_0003.00_0006.00,sample042.mp4,,3.0,6.0,3.0,,,,,,,,,,,,,,,,,
sample042_0006.00_0009.00,sample042.mp4,,6.0,9.0,3.0,,,,,,,,,,,,,,,,,
sample042_0009.00_0012.00,sample042.mp4,,9.0,12.0,3.0,,,,,,,,,,,,,,,,,
sample042_0012.00_0015.00,sample042.mp4,,12.0,15.0,3.0,,,,,,,,,,,,,,,,,
sample042_0015.00_0018.00,sample042.mp4,,15.0,18.0,3.0,,,,,,,,,,,,,,,,,
sample042_0018.00_0021.00,sample042.mp4,,18.0,21.0,3.0,,,,,,,,,,,,,,,,,
sample042_0021.00_0024.00,sample042.mp4,,21.0,24.0,3.0,,,,,,,,,,,,,,,,,
sample042_0024.00_0027.00,sample042.mp4,,24.0,27.0,3.0,,,,,,,,,,,,,,,,,
sample042_0027.00_0030.00,sample042.mp4,,27.0,30.0,3.0,,,,,,,,,,,,,,,,,
sample042_0030.00_0033.00,sample042.mp4,,30.0,33.0,3.0,,,,,,,,,,,,,,,,,
sample042_0033.00_0036.00,sample042.mp4,,33.0,36.0,3.0,,,,,,,,,,,,,,,,,
sample042_0036.00_0039.00,sample042.mp4,,36.0,39.0,3.0,,,,,,,,,,,,,,,,,
sample042_0039.00_0042.00,sample042.mp4,,39.0,42.0,3.0,,,,,,,,,,,,,,,,,
sample042_0042.00_0045.00,sample042.mp4,,42.0,45.0,3.0,,,,,,,,,,,,,,,,,
sample042_0045.00_0048.00,sample042.mp4,,45.0,48.0,3.0,,,,,,,,,,,,,,,,,
sample042_0048.00_0051.00,sample042.mp4,,48.0,51.0,3.0,,,,,,,,,,,,,,,,,
sample042_0051.00_0054.00,sample042.mp4,,51.0,54.0,3.0,,,,,,,,,,,,,,,,,
sample042_0054.00_0057.00,sample042.mp4,,54.0,57.0,3.0,,,,,,,,,,,,,,,,,
sample042_0057.00_0060.00,sample042.mp4,,57.0,60.0,3.0,,,,,,,,,,,,,,,,,
sample042_0060.00_0063.00,sample042.mp4,,60.0,63.0,3.0,,,,,,,,,,,,,,,,,
sample042_0063.00_0066.00,sample042.mp4,,63.0,66.0,3.0,,,,,,,,,,,,,,,,,
sample042_0066.00_0069.00,sample042.mp4,,66.0,69.0,3.0,,,,,,,,,,,,,,,,,
sample042_0069.00_0072.00,sample042.mp4,,69.0,72.0,3.0,,,,,,,,,,,,,,,,,
sample042_0072.00_0075.00,sample042.mp4,,72.0,75.0,3.0,,,,,,,,,,,,,,,,,
sample042_0075.00_0078.00,sample042.mp4,,75.0,78.0,3.0,,,,,,,,,,,,,,,,,
sample042_0078.00_0081.00,sample042.mp4,,78.0,81.0,3.0,,,,,,,,,,,,,,,,,
sample042_0081.00_0084.00,sample042.mp4,,81.0,84.0,3.0,,,,,,,,,,,,,,,,,
sample042_0084.00_0087.00,sample042.mp4,,84.0,87.0,3.0,,,,,,,,,,,,,,,,,
sample042_0087.00_0090.00,sample042.mp4,,87.0,90.0,3.0,,,,,,,,,,,,,,,,,
sample042_0090.00_0093.00,sample042.mp4,,90.0,93.0,3.0,,,,,,,,,,,,,,,,,
sample042_0093.00_0096.00,sample042.mp4,,93.0,96.0,3.0,,,,,,,,,,,,,,,,,
sample042_0096.00_0099.00,sample042.mp4,,96.0,99.0,3.0,,,,,,,,,,,,,,,,,
sample042_0099.00_0102.00,sample042.mp4,,99.0,102.0,3.0,,,,,,,,,,,,,,,,,
sample042_0102.00_0105.00,sample042.mp4,,102.0,105.0,3.0,,,,,,,,,,,,,,,,,
sample042_0105.00_0108.00,sample042.mp4,,105.0,108.0,3.0,,,,,,,,,,,,,,,,,
sample042_0108.00_0111.00,sample042.mp4,,108.0,111.0,3.0,,,,,,,,,,,,,,,,,
sample042_0111.00_0114.00,sample042.mp4,,111.0,114.0,3.0,,,,,,,,,,,,,,,,,
sample042_0114.00_0117.00,sample042.mp4,,114.0,117.0,3.0,,,,,,,,,,,,,,,,,
sample042_0117.00_0120.00,sample042.mp4,,117.0,120.0,3.0,,,,,,,,,,,,,,,,,
sample042_0120.00_0123.00,sample042.mp4,,120.0,123.0,3.0,,,,,,,,,,,,,,,,,
sample042_0123.00_0126.00,sample042.mp4,,123.0,126.0,3.0,,,,,,,,,,,,,,,,,
sample042_0126.00_0129.00,sample042.mp4,,126.0,129.0,3.0,,,,,,,,,,,,,,,,,
sample042_0129.00_0132.00,sample042.mp4,,129.0,132.0,3.0,,,,,,,,,,,,,,,,,
sample042_0132.00_0135.00,sample042.mp4,,132.0,135.0,3.0,,,,,,,,,,,,,,,,,
sample042_0135.00_0138.00,sample042.mp4,,135.0,138.0,3.0,,,,,,,,,,,,,,,,,
sample042_0138.00_0141.00,sample042.mp4,,138.0,141.0,3.0,,,,,,,,,,,,,,,,,
sample042_0141.00_0144.00,sample042.mp4,,141.0,144.0,3.0,,,,,,,,,,,,,,,,,
sample042_0144.00_0147.00,sample042.mp4,,144.0,147.0,3.0,,,,,,,,,,,,,,,,,
sample042_0147.00_0150.00,sample042.mp4,,147.0,150.0,3.0,,,,,,,,,,,,,,,,,
sample042_0150.00_0153.00,sample042.mp4,,150.0,153.0,3.0,,,,,,,,,,,,,,,,,
sample042_0153.00_0156.00,sample042.mp4,,153.0,156.0,3.0,,,,,,,,,,,,,,,,,
sample042_0156.00_0159.00,sample042.mp4,,156.0,159.0,3.0,,,,,,,,,,,,,,,,,
sample042_0159.00_0162.00,sample042.mp4,,159.0,162.0,3.0,,,,,,,,,,,,,,,,,
sample042_0162.00_0165.00,sample042.mp4,,162.0,165.0,3.0,,,,,,,,,,,,,,,,,
sample042_0165.00_0168.00,sample042.mp4,,165.0,168.0,3.0,,,,,,,,,,,,,,,,,
sample042_0168.00_0171.00,sample042.mp4,,168.0,171.0,3.0,,,,,,,,,,,,,,,,,
sample042_0171.00_0174.00,sample042.mp4,,171.0,174.0,3.0,,,,,,,,,,,,,,,,,
sample042_0174.00_0177.00,sample042.mp4,,174.0,177.0,3.0,,,,,,,,,,,,,,,,,
sample042_0177.00_0180.00,sample042.mp4,,177.0,180.0,3.0,,,,,,,,,,,,,,,,,
sample042_0180.00_0183.00,sample042.mp4,,180.0,183.0,3.0,,,,,,,,,,,,,,,,,
sample042_0183.00_0186.00,sample042.mp4,,183.0,186.0,3.0,,,,,,,,,,,,,,,,,
sample042_0186.00_0189.00,sample042.mp4,,186.0,189.0,3.0,,,,,,,,,,,,,,,,,
sample042_0189.00_0192.00,sample042.mp4,,189.0,192.0,3.0,,,,,,,,,,,,,,,,,
sample042_0192.00_0195.00,sample042.mp4,,192.0,195.0,3.0,,,,,,,,,,,,,,,,,
sample042_0195.00_0198.00,sample042.mp4,,195.0,198.0,3.0,,,,,,,,,,,,,,,,,
sample042_0198.00_0201.00,sample042.mp4,,198.0,201.0,3.0,,,,,,,,,,,,,,,,,
sample042_0201.00_0204.00,sample042.mp4,,201.0,204.0,3.0,,,,,,,,,,,,,,,,,
sample042_0204.00_0207.00,sample042.mp4,,204.0,207.0,3.0,,,,,,,,,,,,,,,,,
sample042_0207.00_0210.00,sample042.mp4,,207.0,210.0,3.0,,,,,,,,,,,,,,,,,
sample042_0210.00_0213.00,sample042.mp4,,210.0,213.0,3.0,,,,,,,,,,,,,,,,,
sample042_0213.00_0216.00,sample042.mp4,,213.0,216.0,3.0,,,,,,,,,,,,,,,,,
sample042_0216.00_0219.00,sample042.mp4,,216.0,219.0,3.0,,,,,,,,,,,,,,,,,
sample042_0219.00_0222.00,sample042.mp4,,219.0,222.0,3.0,,,,,,,,,,,,,,,,,
sample042_0222.00_0225.00,sample042.mp4,,222.0,225.0,3.0,,,,,,,,,,,,,,,,,
sample042_0225.00_0228.00,sample042.mp4,,225.0,228.0,3.0,,,,,,,,,,,,,,,,,
sample042_0228.00_0231.00,sample042.mp4,,228.0,231.0,3.0,,,,,,,,,,,,,,,,,
sample042_0231.00_0234.00,sample042.mp4,,231.0,234.0,3.0,,,,,,,,,,,,,,,,,
sample042_0234.00_0237.00,sample042.mp4,,234.0,237.0,3.0,,,,,,,,,,,,,,,,,
sample042_0237.00_0240.00,sample042.mp4,,237.0,240.0,3.0,,,,,,,,,,,,,,,,,
sample042_0240.00_0243.00,sample042.mp4,,240.0,243.0,3.0,,,,,,,,,,,,,,,,,
sample042_0243.00_0246.00,sample042.mp4,,243.0,246.0,3.0,,,,,,,,,,,,,,,,,
sample042_0246.00_0249.00,sample042.mp4,,246.0,249.0,3.0,,,,,,,,,,,,,,,,,
sample042_0249.00_0252.00,sample042.mp4,,249.0,252.0,3.0,,,,,,,,,,,,,,,,,
sample042_0252.00_0255.00,sample042.mp4,,252.0,255.0,3.0,,,,,,,,,,,,,,,,,
sample042_0255.00_0258.00,sample042.mp4,,255.0,258.0,3.0,,,,,,,,,,,,,,,,,
sample042_0258.00_0261.00,sample042.mp4,,258.0,261.0,3.0,,,,,,,,,,,,,,,,,
sample042_0261.00_0264.00,sample042.mp4,,261.0,264.0,3.0,,,,,,,,,,,,,,,,,
sample042_0264.00_0267.00,sample042.mp4,,264.0,267.0,3.0,,,,,,,,,,,,,,,,,
sample042_0267.00_0270.00,sample042.mp4,,267.0,270.0,3.0,,,,,,,,,,,,,,,,,
sample042_0270.00_0273.00,sample042.mp4,,270.0,273.0,3.0,,,,,,,,,,,,,,,,,
sample042_0273.00_0276.00,sample042.mp4,,273.0,276.0,3.0,,,,,,,,,,,,,,,,,
sample042_0276.00_0277.39,sample042.mp4,,276.0,277.39,1.39,,,,,,,,,,,,,,,,,
sample043_0000.00_0003.00,sample043.mp4,,0.0,3.0,3.0,,,,,,,,,,,,,,,,,
sample043_0003.00_0006.00,sample043.mp4,,3.0,6.0,3.0,,,,,,,,,,,,,,,,,
sample043_0006.00_0009.00,sample043.mp4,,6.0,9.0,3.0,,,,,,,,,,,,,,,,,
sample043_0009.00_0012.00,sample043.mp4,,9.0,12.0,3.0,,,,,,,,,,,,,,,,,
sample043_0012.00_0015.00,sample043.mp4,,12.0,15.0,3.0,,,,,,,,,,,,,,,,,
sample043_0015.00_0018.00,sample043.mp4,,15.0,18.0,3.0,,,,,,,,,,,,,,,,,
sample043_0018.00_0021.00,sample043.mp4,,18.0,21.0,3.0,,,,,,,,,,,,,,,,,
sample043_0021.00_0024.00,sample043.mp4,,21.0,24.0,3.0,,,,,,,,,,,,,,,,,
sample043_0024.00_0027.00,sample043.mp4,,24.0,27.0,3.0,,,,,,,,,,,,,,,,,
sample043_0027.00_0030.00,sample043.mp4,,27.0,30.0,3.0,,,,,,,,,,,,,,,,,
sample043_0030.00_0033.00,sample043.mp4,,30.0,33.0,3.0,,,,,,,,,,,,,,,,,
sample043_0033.00_0036.00,sample043.mp4,,33.0,36.0,3.0,,,,,,,,,,,,,,,,,
sample043_0036.00_0039.00,sample043.mp4,,36.0,39.0,3.0,,,,,,,,,,,,,,,,,
sample043_0039.00_0042.00,sample043.mp4,,39.0,42.0,3.0,,,,,,,,,,,,,,,,,
sample043_0042.00_0045.00,sample043.mp4,,42.0,45.0,3.0,,,,,,,,,,,,,,,,,
sample043_0045.00_0048.00,sample043.mp4,,45.0,48.0,3.0,,,,,,,,,,,,,,,,,
sample043_0048.00_0051.00,sample043.mp4,,48.0,51.0,3.0,,,,,,,,,,,,,,,,,
sample043_0051.00_0054.00,sample043.mp4,,51.0,54.0,3.0,,,,,,,,,,,,,,,,,
sample043_0054.00_0057.00,sample043.mp4,,54.0,57.0,3.0,,,,,,,,,,,,,,,,,
sample043_0057.00_0060.00,sample043.mp4,,57.0,60.0,3.0,,,,,,,,,,,,,,,,,
sample043_0060.00_0063.00,sample043.mp4,,60.0,63.0,3.0,,,,,,,,,,,,,,,,,
sample043_0063.00_0066.00,sample043.mp4,,63.0,66.0,3.0,,,,,,,,,,,,,,,,,
sample043_0066.00_0069.00,sample043.mp4,,66.0,69.0,3.0,,,,,,,,,,,,,,,,,
sample043_0069.00_0072.00,sample043.mp4,,69.0,72.0,3.0,,,,,,,,,,,,,,,,,
sample043_0072.00_0075.00,sample043.mp4,,72.0,75.0,3.0,,,,,,,,,,,,,,,,,
sample043_0075.00_0078.00,sample043.mp4,,75.0,78.0,3.0,,,,,,,,,,,,,,,,,
sample043_0078.00_0081.00,sample043.mp4,,78.0,81.0,3.0,,,,,,,,,,,,,,,,,
sample043_0081.00_0084.00,sample043.mp4,,81.0,84.0,3.0,,,,,,,,,,,,,,,,,
sample043_0084.00_0087.00,sample043.mp4,,84.0,87.0,3.0,,,,,,,,,,,,,,,,,
sample043_0087.00_0090.00,sample043.mp4,,87.0,90.0,3.0,,,,,,,,,,,,,,,,,
sample043_0090.00_0093.00,sample043.mp4,,90.0,93.0,3.0,,,,,,,,,,,,,,,,,
sample043_0093.00_0096.00,sample043.mp4,,93.0,96.0,3.0,,,,,,,,,,,,,,,,,
sample043_0096.00_0099.00,sample043.mp4,,96.0,99.0,3.0,,,,,,,,,,,,,,,,,
sample043_0099.00_0102.00,sample043.mp4,,99.0,102.0,3.0,,,,,,,,,,,,,,,,,
sample043_0102.00_0105.00,sample043.mp4,,102.0,105.0,3.0,,,,,,,,,,,,,,,,,
sample043_0105.00_0108.00,sample043.mp4,,105.0,108.0,3.0,,,,,,,,,,,,,,,,,
sample043_0108.00_0111.00,sample043.mp4,,108.0,111.0,3.0,,,,,,,,,,,,,,,,,
sample043_0111.00_0114.00,sample043.mp4,,111.0,114.0,3.0,,,,,,,,,,,,,,,,,
sample043_0114.00_0117.00,sample043.mp4,,114.0,117.0,3.0,,,,,,,,,,,,,,,,,
sample043_0117.00_0120.00,sample043.mp4,,117.0,120.0,3.0,,,,,,,,,,,,,,,,,
sample043_0120.00_0123.00,sample043.mp4,,120.0,123.0,3.0,,,,,,,,,,,,,,,,,
sample043_0123.00_0126.00,sample043.mp4,,123.0,126.0,3.0,,,,,,,,,,,,,,,,,
sample043_0126.00_0129.00,sample043.mp4,,126.0,129.0,3.0,,,,,,,,,,,,,,,,,
sample043_0129.00_0132.00,sample043.mp4,,129.0,132.0,3.0,,,,,,,,,,,,,,,,,
sample043_0132.00_0135.00,sample043.mp4,,132.0,135.0,3.0,,,,,,,,,,,,,,,,,
sample043_0135.00_0138.00,sample043.mp4,,135.0,138.0,3.0,,,,,,,,,,,,,,,,,
sample043_0138.00_0141.00,sample043.mp4,,138.0,141.0,3.0,,,,,,,,,,,,,,,,,
sample043_0141.00_0144.00,sample043.mp4,,141.0,144.0,3.0,,,,,,,,,,,,,,,,,
sample043_0144.00_0147.00,sample043.mp4,,144.0,147.0,3.0,,,,,,,,,,,,,,,,,
sample043_0147.00_0150.00,sample043.mp4,,147.0,150.0,3.0,,,,,,,,,,,,,,,,,
sample043_0150.00_0153.00,sample043.mp4,,150.0,153.0,3.0,,,,,,,,,,,,,,,,,
sample043_0153.00_0156.00,sample043.mp4,,153.0,156.0,3.0,,,,,,,,,,,,,,,,,
sample043_0156.00_0159.00,sample043.mp4,,156.0,159.0,3.0,,,,,,,,,,,,,,,,,
sample043_0159.00_0162.00,sample043.mp4,,159.0,162.0,3.0,,,,,,,,,,,,,,,,,
sample043_0162.00_0165.00,sample043.mp4,,162.0,165.0,3.0,,,,,,,,,,,,,,,,,
sample043_0165.00_0168.00,sample043.mp4,,165.0,168.0,3.0,,,,,,,,,,,,,,,,,
sample043_0168.00_0171.00,sample043.mp4,,168.0,171.0,3.0,,,,,,,,,,,,,,,,,
sample043_0171.00_0174.00,sample043.mp4,,171.0,174.0,3.0,,,,,,,,,,,,,,,,,
sample043_0174.00_0177.00,sample043.mp4,,174.0,177.0,3.0,,,,,,,,,,,,,,,,,
sample043_0177.00_0180.00,sample043.mp4,,177.0,180.0,3.0,,,,,,,,,,,,,,,,,
sample043_0180.00_0183.00,sample043.mp4,,180.0,183.0,3.0,,,,,,,,,,,,,,,,,
sample043_0183.00_0186.00,sample043.mp4,,183.0,186.0,3.0,,,,,,,,,,,,,,,,,
sample043_0186.00_0189.00,sample043.mp4,,186.0,189.0,3.0,,,,,,,,,,,,,,,,,
sample043_0189.00_0192.00,sample043.mp4,,189.0,192.0,3.0,,,,,,,,,,,,,,,,,
sample043_0192.00_0195.00,sample043.mp4,,192.0,195.0,3.0,,,,,,,,,,,,,,,,,
sample043_0195.00_0198.00,sample043.mp4,,195.0,198.0,3.0,,,,,,,,,,,,,,,,,
sample043_0198.00_0201.00,sample043.mp4,,198.0,201.0,3.0,,,,,,,,,,,,,,,,,
sample043_0201.00_0204.00,sample043.mp4,,201.0,204.0,3.0,,,,,,,,,,,,,,,,,
sample043_0204.00_0207.00,sample043.mp4,,204.0,207.0,3.0,,,,,,,,,,,,,,,,,
sample043_0207.00_0210.00,sample043.mp4,,207.0,210.0,3.0,,,,,,,,,,,,,,,,,
sample043_0210.00_0213.00,sample043.mp4,,210.0,213.0,3.0,,,,,,,,,,,,,,,,,
sample043_0213.00_0216.00,sample043.mp4,,213.0,216.0,3.0,,,,,,,,,,,,,,,,,
sample043_0216.00_0219.00,sample043.mp4,,216.0,219.0,3.0,,,,,,,,,,,,,,,,,
sample043_0219.00_0222.00,sample043.mp4,,219.0,222.0,3.0,,,,,,,,,,,,,,,,,
sample043_0222.00_0225.00,sample043.mp4,,222.0,225.0,3.0,,,,,,,,,,,,,,,,,
sample043_0225.00_0228.00,sample043.mp4,,225.0,228.0,3.0,,,,,,,,,,,,,,,,,
sample043_0228.00_0231.00,sample043.mp4,,228.0,231.0,3.0,,,,,,,,,,,,,,,,,
sample043_0231.00_0234.00,sample043.mp4,,231.0,234.0,3.0,,,,,,,,,,,,,,,,,
sample043_0234.00_0237.00,sample043.mp4,,234.0,237.0,3.0,,,,,,,,,,,,,,,,,
sample043_0237.00_0240.00,sample043.mp4,,237.0,240.0,3.0,,,,,,,,,,,,,,,,,
sample043_0240.00_0243.00,sample043.mp4,,240.0,243.0,3.0,,,,,,,,,,,,,,,,,
sample043_0243.00_0246.00,sample043.mp4,,243.0,246.0,3.0,,,,,,,,,,,,,,,,,
sample043_0246.00_0249.00,sample043.mp4,,246.0,249.0,3.0,,,,,,,,,,,,,,,,,
sample043_0249.00_0252.00,sample043.mp4,,249.0,252.0,3.0,,,,,,,,,,,,,,,,,
sample043_0252.00_0255.00,sample043.mp4,,252.0,255.0,3.0,,,,,,,,,,,,,,,,,
sample043_0255.00_0258.00,sample043.mp4,,255.0,258.0,3.0,,,,,,,,,,,,,,,,,
sample043_0258.00_0261.00,sample043.mp4,,258.0,261.0,3.0,,,,,,,,,,,,,,,,,
sample043_0261.00_0264.00,sample043.mp4,,261.0,264.0,3.0,,,,,,,,,,,,,,,,,
sample043_0264.00_0267.00,sample043.mp4,,264.0,267.0,3.0,,,,,,,,,,,,,,,,,
sample043_0267.00_0270.00,sample043.mp4,,267.0,270.0,3.0,,,,,,,,,,,,,,,,,
sample043_0270.00_0273.00,sample043.mp4,,270.0,273.0,3.0,,,,,,,,,,,,,,,,,
sample043_0273.00_0276.00,sample043.mp4,,273.0,276.0,3.0,,,,,,,,,,,,,,,,,
sample043_0276.00_0279.00,sample043.mp4,,276.0,279.0,3.0,,,,,,,,,,,,,,,,,
sample043_0279.00_0282.00,sample043.mp4,,279.0,282.0,3.0,,,,,,,,,,,,,,,,,
sample043_0282.00_0285.00,sample043.mp4,,282.0,285.0,3.0,,,,,,,,,,,,,,,,,
sample043_0285.00_0288.00,sample043.mp4,,285.0,288.0,3.0,,,,,,,,,,,,,,,,,
sample043_0288.00_0291.00,sample043.mp4,,288.0,291.0,3.0,,,,,,,,,,,,,,,,,
sample043_0291.00_0294.00,sample043.mp4,,291.0,294.0,3.0,,,,,,,,,,,,,,,,,
sample043_0294.00_0297.00,sample043.mp4,,294.0,297.0,3.0,,,,,,,,,,,,,,,,,
sample043_0297.00_0298.30,sample043.mp4,,297.0,298.3,1.3,,,,,,,,,,,,,,,,,
sample044_0000.00_0003.00,sample044.mp4,,0.0,3.0,3.0,,,,,,,,,,,,,,,,,
sample044_0003.00_0006.00,sample044.mp4,,3.0,6.0,3.0,,,,,,,,,,,,,,,,,
sample044_0006.00_0009.00,sample044.mp4,,6.0,9.0,3.0,,,,,,,,,,,,,,,,,
sample044_0009.00_0012.00,sample044.mp4,,9.0,12.0,3.0,,,,,,,,,,,,,,,,,
sample044_0012.00_0015.00,sample044.mp4,,12.0,15.0,3.0,,,,,,,,,,,,,,,,,
sample044_0015.00_0018.00,sample044.mp4,,15.0,18.0,3.0,,,,,,,,,,,,,,,,,
sample044_0018.00_0021.00,sample044.mp4,,18.0,21.0,3.0,,,,,,,,,,,,,,,,,
sample044_0021.00_0024.00,sample044.mp4,,21.0,24.0,3.0,,,,,,,,,,,,,,,,,
sample044_0024.00_0027.00,sample044.mp4,,24.0,27.0,3.0,,,,,,,,,,,,,,,,,
sample044_0027.00_0030.00,sample044.mp4,,27.0,30.0,3.0,,,,,,,,,,,,,,,,,
sample044_0030.00_0033.00,sample044.mp4,,30.0,33.0,3.0,,,,,,,,,,,,,,,,,
sample044_0033.00_0036.00,sample044.mp4,,33.0,36.0,3.0,,,,,,,,,,,,,,,,,
sample044_0036.00_0039.00,sample044.mp4,,36.0,39.0,3.0,,,,,,,,,,,,,,,,,
sample044_0039.00_0042.00,sample044.mp4,,39.0,42.0,3.0,,,,,,,,,,,,,,,,,
sample044_0042.00_0045.00,sample044.mp4,,42.0,45.0,3.0,,,,,,,,,,,,,,,,,
sample044_0045.00_0048.00,sample044.mp4,,45.0,48.0,3.0,,,,,,,,,,,,,,,,,
sample044_0048.00_0051.00,sample044.mp4,,48.0,51.0,3.0,,,,,,,,,,,,,,,,,
sample044_0051.00_0054.00,sample044.mp4,,51.0,54.0,3.0,,,,,,,,,,,,,,,,,
sample044_0054.00_0057.00,sample044.mp4,,54.0,57.0,3.0,,,,,,,,,,,,,,,,,
sample044_0057.00_0060.00,sample044.mp4,,57.0,60.0,3.0,,,,,,,,,,,,,,,,,
sample044_0060.00_0063.00,sample044.mp4,,60.0,63.0,3.0,,,,,,,,,,,,,,,,,
sample044_0063.00_0066.00,sample044.mp4,,63.0,66.0,3.0,,,,,,,,,,,,,,,,,
sample044_0066.00_0069.00,sample044.mp4,,66.0,69.0,3.0,,,,,,,,,,,,,,,,,
sample044_0069.00_0072.00,sample044.mp4,,69.0,72.0,3.0,,,,,,,,,,,,,,,,,
sample044_0072.00_0075.00,sample044.mp4,,72.0,75.0,3.0,,,,,,,,,,,,,,,,,
sample044_0075.00_0078.00,sample044.mp4,,75.0,78.0,3.0,,,,,,,,,,,,,,,,,
sample044_0078.00_0081.00,sample044.mp4,,78.0,81.0,3.0,,,,,,,,,,,,,,,,,
sample044_0081.00_0084.00,sample044.mp4,,81.0,84.0,3.0,,,,,,,,,,,,,,,,,
sample044_0084.00_0087.00,sample044.mp4,,84.0,87.0,3.0,,,,,,,,,,,,,,,,,
sample044_0087.00_0090.00,sample044.mp4,,87.0,90.0,3.0,,,,,,,,,,,,,,,,,
sample044_0090.00_0093.00,sample044.mp4,,90.0,93.0,3.0,,,,,,,,,,,,,,,,,
sample044_0093.00_0096.00,sample044.mp4,,93.0,96.0,3.0,,,,,,,,,,,,,,,,,
sample044_0096.00_0099.00,sample044.mp4,,96.0,99.0,3.0,,,,,,,,,,,,,,,,,
sample044_0099.00_0102.00,sample044.mp4,,99.0,102.0,3.0,,,,,,,,,,,,,,,,,
sample044_0102.00_0105.00,sample044.mp4,,102.0,105.0,3.0,,,,,,,,,,,,,,,,,
sample044_0105.00_0108.00,sample044.mp4,,105.0,108.0,3.0,,,,,,,,,,,,,,,,,
sample044_0108.00_0111.00,sample044.mp4,,108.0,111.0,3.0,,,,,,,,,,,,,,,,,
sample044_0111.00_0114.00,sample044.mp4,,111.0,114.0,3.0,,,,,,,,,,,,,,,,,
sample044_0114.00_0117.00,sample044.mp4,,114.0,117.0,3.0,,,,,,,,,,,,,,,,,
sample044_0117.00_0120.00,sample044.mp4,,117.0,120.0,3.0,,,,,,,,,,,,,,,,,
sample044_0120.00_0123.00,sample044.mp4,,120.0,123.0,3.0,,,,,,,,,,,,,,,,,
sample044_0123.00_0126.00,sample044.mp4,,123.0,126.0,3.0,,,,,,,,,,,,,,,,,
sample044_0126.00_0129.00,sample044.mp4,,126.0,129.0,3.0,,,,,,,,,,,,,,,,,
sample044_0129.00_0132.00,sample044.mp4,,129.0,132.0,3.0,,,,,,,,,,,,,,,,,
sample044_0132.00_0135.00,sample044.mp4,,132.0,135.0,3.0,,,,,,,,,,,,,,,,,
sample044_0135.00_0138.00,sample044.mp4,,135.0,138.0,3.0,,,,,,,,,,,,,,,,,
sample044_0138.00_0141.00,sample044.mp4,,138.0,141.0,3.0,,,,,,,,,,,,,,,,,
sample044_0141.00_0144.00,sample044.mp4,,141.0,144.0,3.0,,,,,,,,,,,,,,,,,
sample044_0144.00_0147.00,sample044.mp4,,144.0,147.0,3.0,,,,,,,,,,,,,,,,,
sample044_0147.00_0150.00,sample044.mp4,,147.0,150.0,3.0,,,,,,,,,,,,,,,,,
sample044_0150.00_0153.00,sample044.mp4,,150.0,153.0,3.0,,,,,,,,,,,,,,,,,
sample044_0153.00_0156.00,sample044.mp4,,153.0,156.0,3.0,,,,,,,,,,,,,,,,,
sample044_0156.00_0159.00,sample044.mp4,,156.0,159.0,3.0,,,,,,,,,,,,,,,,,
sample044_0159.00_0162.00,sample044.mp4,,159.0,162.0,3.0,,,,,,,,,,,,,,,,,
sample044_0162.00_0165.00,sample044.mp4,,162.0,165.0,3.0,,,,,,,,,,,,,,,,,
sample044_0165.00_0168.00,sample044.mp4,,165.0,168.0,3.0,,,,,,,,,,,,,,,,,
sample044_0168.00_0171.00,sample044.mp4,,168.0,171.0,3.0,,,,,,,,,,,,,,,,,
sample044_0171.00_0174.00,sample044.mp4,,171.0,174.0,3.0,,,,,,,,,,,,,,,,,
sample044_0174.00_0177.00,sample044.mp4,,174.0,177.0,3.0,,,,,,,,,,,,,,,,,
sample044_0177.00_0180.00,sample044.mp4,,177.0,180.0,3.0,,,,,,,,,,,,,,,,,
sample044_0180.00_0183.00,sample044.mp4,,180.0,183.0,3.0,,,,,,,,,,,,,,,,,
sample044_0183.00_0186.00,sample044.mp4,,183.0,186.0,3.0,,,,,,,,,,,,,,,,,
sample044_0186.00_0189.00,sample044.mp4,,186.0,189.0,3.0,,,,,,,,,,,,,,,,,
sample044_0189.00_0192.00,sample044.mp4,,189.0,192.0,3.0,,,,,,,,,,,,,,,,,
sample044_0192.00_0195.00,sample044.mp4,,192.0,195.0,3.0,,,,,,,,,,,,,,,,,
sample044_0195.00_0198.00,sample044.mp4,,195.0,198.0,3.0,,,,,,,,,,,,,,,,,
sample044_0198.00_0201.00,sample044.mp4,,198.0,201.0,3.0,,,,,,,,,,,,,,,,,
sample044_0201.00_0204.00,sample044.mp4,,201.0,204.0,3.0,,,,,,,,,,,,,,,,,
sample044_0204.00_0207.00,sample044.mp4,,204.0,207.0,3.0,,,,,,,,,,,,,,,,,
sample044_0207.00_0210.00,sample044.mp4,,207.0,210.0,3.0,,,,,,,,,,,,,,,,,
sample044_0210.00_0213.00,sample044.mp4,,210.0,213.0,3.0,,,,,,,,,,,,,,,,,
sample044_0213.00_0216.00,sample044.mp4,,213.0,216.0,3.0,,,,,,,,,,,,,,,,,
sample044_0216.00_0219.00,sample044.mp4,,216.0,219.0,3.0,,,,,,,,,,,,,,,,,
sample044_0219.00_0222.00,sample044.mp4,,219.0,222.0,3.0,,,,,,,,,,,,,,,,,
sample044_0222.00_0225.00,sample044.mp4,,222.0,225.0,3.0,,,,,,,,,,,,,,,,,
sample044_0225.00_0228.00,sample044.mp4,,225.0,228.0,3.0,,,,,,,,,,,,,,,,,
sample044_0228.00_0231.00,sample044.mp4,,228.0,231.0,3.0,,,,,,,,,,,,,,,,,
sample044_0231.00_0234.00,sample044.mp4,,231.0,234.0,3.0,,,,,,,,,,,,,,,,,
sample044_0234.00_0237.00,sample044.mp4,,234.0,237.0,3.0,,,,,,,,,,,,,,,,,
sample044_0237.00_0240.00,sample044.mp4,,237.0,240.0,3.0,,,,,,,,,,,,,,,,,
sample044_0240.00_0243.00,sample044.mp4,,240.0,243.0,3.0,,,,,,,,,,,,,,,,,
sample044_0243.00_0246.00,sample044.mp4,,243.0,246.0,3.0,,,,,,,,,,,,,,,,,
sample044_0246.00_0249.00,sample044.mp4,,246.0,249.0,3.0,,,,,,,,,,,,,,,,,
sample044_0249.00_0252.00,sample044.mp4,,249.0,252.0,3.0,,,,,,,,,,,,,,,,,
sample044_0252.00_0255.00,sample044.mp4,,252.0,255.0,3.0,,,,,,,,,,,,,,,,,
sample044_0255.00_0258.00,sample044.mp4,,255.0,258.0,3.0,,,,,,,,,,,,,,,,,
sample044_0258.00_0261.00,sample044.mp4,,258.0,261.0,3.0,,,,,,,,,,,,,,,,,
sample044_0261.00_0264.00,sample044.mp4,,261.0,264.0,3.0,,,,,,,,,,,,,,,,,
sample044_0264.00_0267.00,sample044.mp4,,264.0,267.0,3.0,,,,,,,,,,,,,,,,,
sample044_0267.00_0270.00,sample044.mp4,,267.0,270.0,3.0,,,,,,,,,,,,,,,,,
sample044_0270.00_0273.00,sample044.mp4,,270.0,273.0,3.0,,,,,,,,,,,,,,,,,
sample044_0273.00_0276.00,sample044.mp4,,273.0,276.0,3.0,,,,,,,,,,,,,,,,,
sample044_0276.00_0278.42,sample044.mp4,,276.0,278.42,2.42,,,,,,,,,,,,,,,,,
sample045_0000.00_0003.00,sample045.mp4,,0.0,3.0,3.0,,,,,,,,,,,,,,,,,
sample045_0003.00_0006.00,sample045.mp4,,3.0,6.0,3.0,,,,,,,,,,,,,,,,,
sample045_0006.00_0009.00,sample045.mp4,,6.0,9.0,3.0,,,,,,,,,,,,,,,,,
sample045_0009.00_0012.00,sample045.mp4,,9.0,12.0,3.0,,,,,,,,,,,,,,,,,
sample045_0012.00_0015.00,sample045.mp4,,12.0,15.0,3.0,,,,,,,,,,,,,,,,,
sample045_0015.00_0018.00,sample045.mp4,,15.0,18.0,3.0,,,,,,,,,,,,,,,,,
sample045_0018.00_0021.00,sample045.mp4,,18.0,21.0,3.0,,,,,,,,,,,,,,,,,
sample045_0021.00_0024.00,sample045.mp4,,21.0,24.0,3.0,,,,,,,,,,,,,,,,,
sample045_0024.00_0027.00,sample045.mp4,,24.0,27.0,3.0,,,,,,,,,,,,,,,,,
sample045_0027.00_0030.00,sample045.mp4,,27.0,30.0,3.0,,,,,,,,,,,,,,,,,
sample045_0030.00_0033.00,sample045.mp4,,30.0,33.0,3.0,,,,,,,,,,,,,,,,,
sample045_0033.00_0036.00,sample045.mp4,,33.0,36.0,3.0,,,,,,,,,,,,,,,,,
sample045_0036.00_0039.00,sample045.mp4,,36.0,39.0,3.0,,,,,,,,,,,,,,,,,
sample045_0039.00_0042.00,sample045.mp4,,39.0,42.0,3.0,,,,,,,,,,,,,,,,,
sample045_0042.00_0045.00,sample045.mp4,,42.0,45.0,3.0,,,,,,,,,,,,,,,,,
sample045_0045.00_0048.00,sample045.mp4,,45.0,48.0,3.0,,,,,,,,,,,,,,,,,
sample045_0048.00_0051.00,sample045.mp4,,48.0,51.0,3.0,,,,,,,,,,,,,,,,,
sample045_0051.00_0054.00,sample045.mp4,,51.0,54.0,3.0,,,,,,,,,,,,,,,,,
sample045_0054.00_0057.00,sample045.mp4,,54.0,57.0,3.0,,,,,,,,,,,,,,,,,
sample045_0057.00_0060.00,sample045.mp4,,57.0,60.0,3.0,,,,,,,,,,,,,,,,,
sample045_0060.00_0063.00,sample045.mp4,,60.0,63.0,3.0,,,,,,,,,,,,,,,,,
sample045_0063.00_0066.00,sample045.mp4,,63.0,66.0,3.0,,,,,,,,,,,,,,,,,
sample045_0066.00_0069.00,sample045.mp4,,66.0,69.0,3.0,,,,,,,,,,,,,,,,,
sample045_0069.00_0072.00,sample045.mp4,,69.0,72.0,3.0,,,,,,,,,,,,,,,,,
sample045_0072.00_0075.00,sample045.mp4,,72.0,75.0,3.0,,,,,,,,,,,,,,,,,
sample045_0075.00_0078.00,sample045.mp4,,75.0,78.0,3.0,,,,,,,,,,,,,,,,,
sample045_0078.00_0081.00,sample045.mp4,,78.0,81.0,3.0,,,,,,,,,,,,,,,,,
sample045_0081.00_0084.00,sample045.mp4,,81.0,84.0,3.0,,,,,,,,,,,,,,,,,
sample045_0084.00_0087.00,sample045.mp4,,84.0,87.0,3.0,,,,,,,,,,,,,,,,,
sample045_0087.00_0090.00,sample045.mp4,,87.0,90.0,3.0,,,,,,,,,,,,,,,,,
sample045_0090.00_0093.00,sample045.mp4,,90.0,93.0,3.0,,,,,,,,,,,,,,,,,
sample045_0093.00_0096.00,sample045.mp4,,93.0,96.0,3.0,,,,,,,,,,,,,,,,,
sample045_0096.00_0099.00,sample045.mp4,,96.0,99.0,3.0,,,,,,,,,,,,,,,,,
sample045_0099.00_0102.00,sample045.mp4,,99.0,102.0,3.0,,,,,,,,,,,,,,,,,
sample045_0102.00_0105.00,sample045.mp4,,102.0,105.0,3.0,,,,,,,,,,,,,,,,,
sample045_0105.00_0108.00,sample045.mp4,,105.0,108.0,3.0,,,,,,,,,,,,,,,,,
sample045_0108.00_0111.00,sample045.mp4,,108.0,111.0,3.0,,,,,,,,,,,,,,,,,
sample045_0111.00_0114.00,sample045.mp4,,111.0,114.0,3.0,,,,,,,,,,,,,,,,,
sample045_0114.00_0117.00,sample045.mp4,,114.0,117.0,3.0,,,,,,,,,,,,,,,,,
sample045_0117.00_0120.00,sample045.mp4,,117.0,120.0,3.0,,,,,,,,,,,,,,,,,
sample045_0120.00_0123.00,sample045.mp4,,120.0,123.0,3.0,,,,,,,,,,,,,,,,,
sample045_0123.00_0126.00,sample045.mp4,,123.0,126.0,3.0,,,,,,,,,,,,,,,,,
sample045_0126.00_0129.00,sample045.mp4,,126.0,129.0,3.0,,,,,,,,,,,,,,,,,
sample045_0129.00_0132.00,sample045.mp4,,129.0,132.0,3.0,,,,,,,,,,,,,,,,,
sample045_0132.00_0135.00,sample045.mp4,,132.0,135.0,3.0,,,,,,,,,,,,,,,,,
sample045_0135.00_0138.00,sample045.mp4,,135.0,138.0,3.0,,,,,,,,,,,,,,,,,
sample045_0138.00_0141.00,sample045.mp4,,138.0,141.0,3.0,,,,,,,,,,,,,,,,,
sample045_0141.00_0144.00,sample045.mp4,,141.0,144.0,3.0,,,,,,,,,,,,,,,,,
sample045_0144.00_0147.00,sample045.mp4,,144.0,147.0,3.0,,,,,,,,,,,,,,,,,
sample045_0147.00_0150.00,sample045.mp4,,147.0,150.0,3.0,,,,,,,,,,,,,,,,,
sample045_0150.00_0153.00,sample045.mp4,,150.0,153.0,3.0,,,,,,,,,,,,,,,,,
sample045_0153.00_0156.00,sample045.mp4,,153.0,156.0,3.0,,,,,,,,,,,,,,,,,
sample045_0156.00_0159.00,sample045.mp4,,156.0,159.0,3.0,,,,,,,,,,,,,,,,,
sample045_0159.00_0162.00,sample045.mp4,,159.0,162.0,3.0,,,,,,,,,,,,,,,,,
sample045_0162.00_0165.00,sample045.mp4,,162.0,165.0,3.0,,,,,,,,,,,,,,,,,
sample045_0165.00_0168.00,sample045.mp4,,165.0,168.0,3.0,,,,,,,,,,,,,,,,,
sample045_0168.00_0171.00,sample045.mp4,,168.0,171.0,3.0,,,,,,,,,,,,,,,,,
sample045_0171.00_0174.00,sample045.mp4,,171.0,174.0,3.0,,,,,,,,,,,,,,,,,
sample045_0174.00_0177.00,sample045.mp4,,174.0,177.0,3.0,,,,,,,,,,,,,,,,,
sample045_0177.00_0180.00,sample045.mp4,,177.0,180.0,3.0,,,,,,,,,,,,,,,,,
sample045_0180.00_0183.00,sample045.mp4,,180.0,183.0,3.0,,,,,,,,,,,,,,,,,
sample045_0183.00_0186.00,sample045.mp4,,183.0,186.0,3.0,,,,,,,,,,,,,,,,,
sample045_0186.00_0187.87,sample045.mp4,,186.0,187.87,1.87,,,,,,,,,,,,,,,,,
sample046_0000.00_0003.00,sample046.mp4,,0.0,3.0,3.0,,,,,,,,,,,,,,,,,
sample046_0003.00_0006.00,sample046.mp4,,3.0,6.0,3.0,,,,,,,,,,,,,,,,,
sample046_0006.00_0009.00,sample046.mp4,,6.0,9.0,3.0,,,,,,,,,,,,,,,,,
sample046_0009.00_0012.00,sample046.mp4,,9.0,12.0,3.0,,,,,,,,,,,,,,,,,
sample046_0012.00_0015.00,sample046.mp4,,12.0,15.0,3.0,,,,,,,,,,,,,,,,,
sample046_0015.00_0018.00,sample046.mp4,,15.0,18.0,3.0,,,,,,,,,,,,,,,,,
sample046_0018.00_0021.00,sample046.mp4,,18.0,21.0,3.0,,,,,,,,,,,,,,,,,
sample046_0021.00_0024.00,sample046.mp4,,21.0,24.0,3.0,,,,,,,,,,,,,,,,,
sample046_0024.00_0027.00,sample046.mp4,,24.0,27.0,3.0,,,,,,,,,,,,,,,,,
sample046_0027.00_0030.00,sample046.mp4,,27.0,30.0,3.0,,,,,,,,,,,,,,,,,
sample046_0030.00_0033.00,sample046.mp4,,30.0,33.0,3.0,,,,,,,,,,,,,,,,,
sample046_0033.00_0036.00,sample046.mp4,,33.0,36.0,3.0,,,,,,,,,,,,,,,,,
sample046_0036.00_0039.00,sample046.mp4,,36.0,39.0,3.0,,,,,,,,,,,,,,,,,
sample046_0039.00_0042.00,sample046.mp4,,39.0,42.0,3.0,,,,,,,,,,,,,,,,,
sample046_0042.00_0045.00,sample046.mp4,,42.0,45.0,3.0,,,,,,,,,,,,,,,,,
sample046_0045.00_0048.00,sample046.mp4,,45.0,48.0,3.0,,,,,,,,,,,,,,,,,
sample046_0048.00_0051.00,sample046.mp4,,48.0,51.0,3.0,,,,,,,,,,,,,,,,,
sample046_0051.00_0054.00,sample046.mp4,,51.0,54.0,3.0,,,,,,,,,,,,,,,,,
sample046_0054.00_0057.00,sample046.mp4,,54.0,57.0,3.0,,,,,,,,,,,,,,,,,
sample046_0057.00_0060.00,sample046.mp4,,57.0,60.0,3.0,,,,,,,,,,,,,,,,,
sample046_0060.00_0063.00,sample046.mp4,,60.0,63.0,3.0,,,,,,,,,,,,,,,,,
sample046_0063.00_0066.00,sample046.mp4,,63.0,66.0,3.0,,,,,,,,,,,,,,,,,
sample046_0066.00_0069.00,sample046.mp4,,66.0,69.0,3.0,,,,,,,,,,,,,,,,,
sample046_0069.00_0072.00,sample046.mp4,,69.0,72.0,3.0,,,,,,,,,,,,,,,,,
sample046_0072.00_0075.00,sample046.mp4,,72.0,75.0,3.0,,,,,,,,,,,,,,,,,
sample046_0075.00_0078.00,sample046.mp4,,75.0,78.0,3.0,,,,,,,,,,,,,,,,,
sample046_0078.00_0081.00,sample046.mp4,,78.0,81.0,3.0,,,,,,,,,,,,,,,,,
sample046_0081.00_0084.00,sample046.mp4,,81.0,84.0,3.0,,,,,,,,,,,,,,,,,
sample046_0084.00_0087.00,sample046.mp4,,84.0,87.0,3.0,,,,,,,,,,,,,,,,,
sample046_0087.00_0090.00,sample046.mp4,,87.0,90.0,3.0,,,,,,,,,,,,,,,,,
sample046_0090.00_0093.00,sample046.mp4,,90.0,93.0,3.0,,,,,,,,,,,,,,,,,
sample046_0093.00_0096.00,sample046.mp4,,93.0,96.0,3.0,,,,,,,,,,,,,,,,,
sample046_0096.00_0099.00,sample046.mp4,,96.0,99.0,3.0,,,,,,,,,,,,,,,,,
sample046_0099.00_0102.00,sample046.mp4,,99.0,102.0,3.0,,,,,,,,,,,,,,,,,
sample046_0102.00_0105.00,sample046.mp4,,102.0,105.0,3.0,,,,,,,,,,,,,,,,,
sample046_0105.00_0108.00,sample046.mp4,,105.0,108.0,3.0,,,,,,,,,,,,,,,,,
sample046_0108.00_0111.00,sample046.mp4,,108.0,111.0,3.0,,,,,,,,,,,,,,,,,
sample046_0111.00_0114.00,sample046.mp4,,111.0,114.0,3.0,,,,,,,,,,,,,,,,,
sample046_0114.00_0117.00,sample046.mp4,,114.0,117.0,3.0,,,,,,,,,,,,,,,,,
sample046_0117.00_0120.00,sample046.mp4,,117.0,120.0,3.0,,,,,,,,,,,,,,,,,
sample046_0120.00_0123.00,sample046.mp4,,120.0,123.0,3.0,,,,,,,,,,,,,,,,,
sample046_0123.00_0126.00,sample046.mp4,,123.0,126.0,3.0,,,,,,,,,,,,,,,,,
sample046_0126.00_0129.00,sample046.mp4,,126.0,129.0,3.0,,,,,,,,,,,,,,,,,
sample046_0129.00_0132.00,sample046.mp4,,129.0,132.0,3.0,,,,,,,,,,,,,,,,,
sample046_0132.00_0135.00,sample046.mp4,,132.0,135.0,3.0,,,,,,,,,,,,,,,,,
sample046_0135.00_0138.00,sample046.mp4,,135.0,138.0,3.0,,,,,,,,,,,,,,,,,
sample046_0138.00_0141.00,sample046.mp4,,138.0,141.0,3.0,,,,,,,,,,,,,,,,,
sample046_0141.00_0144.00,sample046.mp4,,141.0,144.0,3.0,,,,,,,,,,,,,,,,,
sample046_0144.00_0147.00,sample046.mp4,,144.0,147.0,3.0,,,,,,,,,,,,,,,,,
sample046_0147.00_0150.00,sample046.mp4,,147.0,150.0,3.0,,,,,,,,,,,,,,,,,
sample046_0150.00_0153.00,sample046.mp4,,150.0,153.0,3.0,,,,,,,,,,,,,,,,,
sample046_0153.00_0156.00,sample046.mp4,,153.0,156.0,3.0,,,,,,,,,,,,,,,,,
sample046_0156.00_0159.00,sample046.mp4,,156.0,159.0,3.0,,,,,,,,,,,,,,,,,
sample046_0159.00_0162.00,sample046.mp4,,159.0,162.0,3.0,,,,,,,,,,,,,,,,,
sample046_0162.00_0165.00,sample046.mp4,,162.0,165.0,3.0,,,,,,,,,,,,,,,,,
sample046_0165.00_0168.00,sample046.mp4,,165.0,168.0,3.0,,,,,,,,,,,,,,,,,
sample046_0168.00_0171.00,sample046.mp4,,168.0,171.0,3.0,,,,,,,,,,,,,,,,,
sample046_0171.00_0174.00,sample046.mp4,,171.0,174.0,3.0,,,,,,,,,,,,,,,,,
sample046_0174.00_0177.00,sample046.mp4,,174.0,177.0,3.0,,,,,,,,,,,,,,,,,
sample046_0177.00_0180.00,sample046.mp4,,177.0,180.0,3.0,,,,,,,,,,,,,,,,,
sample046_0180.00_0183.00,sample046.mp4,,180.0,183.0,3.0,,,,,,,,,,,,,,,,,
sample046_0183.00_0186.00,sample046.mp4,,183.0,186.0,3.0,,,,,,,,,,,,,,,,,
sample046_0186.00_0189.00,sample046.mp4,,186.0,189.0,3.0,,,,,,,,,,,,,,,,,
sample046_0189.00_0192.00,sample046.mp4,,189.0,192.0,3.0,,,,,,,,,,,,,,,,,
sample046_0192.00_0195.00,sample046.mp4,,192.0,195.0,3.0,,,,,,,,,,,,,,,,,
sample046_0195.00_0198.00,sample046.mp4,,195.0,198.0,3.0,,,,,,,,,,,,,,,,,
sample046_0198.00_0201.00,sample046.mp4,,198.0,201.0,3.0,,,,,,,,,,,,,,,,,
sample046_0201.00_0204.00,sample046.mp4,,201.0,204.0,3.0,,,,,,,,,,,,,,,,,
sample046_0204.00_0207.00,sample046.mp4,,204.0,207.0,3.0,,,,,,,,,,,,,,,,,
sample046_0207.00_0210.00,sample046.mp4,,207.0,210.0,3.0,,,,,,,,,,,,,,,,,
sample046_0210.00_0213.00,sample046.mp4,,210.0,213.0,3.0,,,,,,,,,,,,,,,,,
sample046_0213.00_0214.16,sample046.mp4,,213.0,214.16,1.16,,,,,,,,,,,,,,,,,
sample047_0000.00_0003.00,sample047.mp4,,0.0,3.0,3.0,,,,,,,,,,,,,,,,,
sample047_0003.00_0006.00,sample047.mp4,,3.0,6.0,3.0,,,,,,,,,,,,,,,,,
sample047_0006.00_0009.00,sample047.mp4,,6.0,9.0,3.0,,,,,,,,,,,,,,,,,
sample047_0009.00_0012.00,sample047.mp4,,9.0,12.0,3.0,,,,,,,,,,,,,,,,,
sample047_0012.00_0015.00,sample047.mp4,,12.0,15.0,3.0,,,,,,,,,,,,,,,,,
sample047_0015.00_0018.00,sample047.mp4,,15.0,18.0,3.0,,,,,,,,,,,,,,,,,
sample047_0018.00_0021.00,sample047.mp4,,18.0,21.0,3.0,,,,,,,,,,,,,,,,,
sample047_0021.00_0024.00,sample047.mp4,,21.0,24.0,3.0,,,,,,,,,,,,,,,,,
sample047_0024.00_0027.00,sample047.mp4,,24.0,27.0,3.0,,,,,,,,,,,,,,,,,
sample047_0027.00_0030.00,sample047.mp4,,27.0,30.0,3.0,,,,,,,,,,,,,,,,,
sample047_0030.00_0033.00,sample047.mp4,,30.0,33.0,3.0,,,,,,,,,,,,,,,,,
sample047_0033.00_0036.00,sample047.mp4,,33.0,36.0,3.0,,,,,,,,,,,,,,,,,
sample047_0036.00_0039.00,sample047.mp4,,36.0,39.0,3.0,,,,,,,,,,,,,,,,,
sample047_0039.00_0042.00,sample047.mp4,,39.0,42.0,3.0,,,,,,,,,,,,,,,,,
sample047_0042.00_0045.00,sample047.mp4,,42.0,45.0,3.0,,,,,,,,,,,,,,,,,
sample047_0045.00_0048.00,sample047.mp4,,45.0,48.0,3.0,,,,,,,,,,,,,,,,,
sample047_0048.00_0051.00,sample047.mp4,,48.0,51.0,3.0,,,,,,,,,,,,,,,,,
sample047_0051.00_0054.00,sample047.mp4,,51.0,54.0,3.0,,,,,,,,,,,,,,,,,
sample047_0054.00_0057.00,sample047.mp4,,54.0,57.0,3.0,,,,,,,,,,,,,,,,,
sample047_0057.00_0060.00,sample047.mp4,,57.0,60.0,3.0,,,,,,,,,,,,,,,,,
sample047_0060.00_0063.00,sample047.mp4,,60.0,63.0,3.0,,,,,,,,,,,,,,,,,
sample047_0063.00_0066.00,sample047.mp4,,63.0,66.0,3.0,,,,,,,,,,,,,,,,,
sample047_0066.00_0069.00,sample047.mp4,,66.0,69.0,3.0,,,,,,,,,,,,,,,,,
sample047_0069.00_0072.00,sample047.mp4,,69.0,72.0,3.0,,,,,,,,,,,,,,,,,
sample047_0072.00_0075.00,sample047.mp4,,72.0,75.0,3.0,,,,,,,,,,,,,,,,,
sample047_0075.00_0078.00,sample047.mp4,,75.0,78.0,3.0,,,,,,,,,,,,,,,,,
sample047_0078.00_0081.00,sample047.mp4,,78.0,81.0,3.0,,,,,,,,,,,,,,,,,
sample047_0081.00_0084.00,sample047.mp4,,81.0,84.0,3.0,,,,,,,,,,,,,,,,,
sample047_0084.00_0087.00,sample047.mp4,,84.0,87.0,3.0,,,,,,,,,,,,,,,,,
sample047_0087.00_0090.00,sample047.mp4,,87.0,90.0,3.0,,,,,,,,,,,,,,,,,
sample047_0090.00_0093.00,sample047.mp4,,90.0,93.0,3.0,,,,,,,,,,,,,,,,,
sample047_0093.00_0096.00,sample047.mp4,,93.0,96.0,3.0,,,,,,,,,,,,,,,,,
sample047_0096.00_0099.00,sample047.mp4,,96.0,99.0,3.0,,,,,,,,,,,,,,,,,
sample047_0099.00_0102.00,sample047.mp4,,99.0,102.0,3.0,,,,,,,,,,,,,,,,,
sample047_0102.00_0105.00,sample047.mp4,,102.0,105.0,3.0,,,,,,,,,,,,,,,,,
sample047_0105.00_0108.00,sample047.mp4,,105.0,108.0,3.0,,,,,,,,,,,,,,,,,
sample047_0108.00_0111.00,sample047.mp4,,108.0,111.0,3.0,,,,,,,,,,,,,,,,,
sample047_0111.00_0114.00,sample047.mp4,,111.0,114.0,3.0,,,,,,,,,,,,,,,,,
sample047_0114.00_0117.00,sample047.mp4,,114.0,117.0,3.0,,,,,,,,,,,,,,,,,
sample047_0117.00_0120.00,sample047.mp4,,117.0,120.0,3.0,,,,,,,,,,,,,,,,,
sample047_0120.00_0123.00,sample047.mp4,,120.0,123.0,3.0,,,,,,,,,,,,,,,,,
sample047_0123.00_0126.00,sample047.mp4,,123.0,126.0,3.0,,,,,,,,,,,,,,,,,
sample047_0126.00_0129.00,sample047.mp4,,126.0,129.0,3.0,,,,,,,,,,,,,,,,,
sample047_0129.00_0132.00,sample047.mp4,,129.0,132.0,3.0,,,,,,,,,,,,,,,,,
sample047_0132.00_0135.00,sample047.mp4,,132.0,135.0,3.0,,,,,,,,,,,,,,,,,
sample047_0135.00_0138.00,sample047.mp4,,135.0,138.0,3.0,,,,,,,,,,,,,,,,,
sample047_0138.00_0141.00,sample047.mp4,,138.0,141.0,3.0,,,,,,,,,,,,,,,,,
sample047_0141.00_0144.00,sample047.mp4,,141.0,144.0,3.0,,,,,,,,,,,,,,,,,
sample047_0144.00_0147.00,sample047.mp4,,144.0,147.0,3.0,,,,,,,,,,,,,,,,,
sample047_0147.00_0150.00,sample047.mp4,,147.0,150.0,3.0,,,,,,,,,,,,,,,,,
sample047_0150.00_0153.00,sample047.mp4,,150.0,153.0,3.0,,,,,,,,,,,,,,,,,
sample047_0153.00_0156.00,sample047.mp4,,153.0,156.0,3.0,,,,,,,,,,,,,,,,,
sample047_0156.00_0159.00,sample047.mp4,,156.0,159.0,3.0,,,,,,,,,,,,,,,,,
sample047_0159.00_0162.00,sample047.mp4,,159.0,162.0,3.0,,,,,,,,,,,,,,,,,
sample047_0162.00_0165.00,sample047.mp4,,162.0,165.0,3.0,,,,,,,,,,,,,,,,,
sample047_0165.00_0168.00,sample047.mp4,,165.0,168.0,3.0,,,,,,,,,,,,,,,,,
sample047_0168.00_0171.00,sample047.mp4,,168.0,171.0,3.0,,,,,,,,,,,,,,,,,
sample047_0171.00_0174.00,sample047.mp4,,171.0,174.0,3.0,,,,,,,,,,,,,,,,,
sample047_0174.00_0177.00,sample047.mp4,,174.0,177.0,3.0,,,,,,,,,,,,,,,,,
sample047_0177.00_0180.00,sample047.mp4,,177.0,180.0,3.0,,,,,,,,,,,,,,,,,
sample047_0180.00_0183.00,sample047.mp4,,180.0,183.0,3.0,,,,,,,,,,,,,,,,,
sample047_0183.00_0186.00,sample047.mp4,,183.0,186.0,3.0,,,,,,,,,,,,,,,,,
sample047_0186.00_0189.00,sample047.mp4,,186.0,189.0,3.0,,,,,,,,,,,,,,,,,
sample047_0189.00_0192.00,sample047.mp4,,189.0,192.0,3.0,,,,,,,,,,,,,,,,,
sample047_0192.00_0195.00,sample047.mp4,,192.0,195.0,3.0,,,,,,,,,,,,,,,,,
sample047_0195.00_0198.00,sample047.mp4,,195.0,198.0,3.0,,,,,,,,,,,,,,,,,
sample047_0198.00_0201.00,sample047.mp4,,198.0,201.0,3.0,,,,,,,,,,,,,,,,,
sample047_0201.00_0204.00,sample047.mp4,,201.0,204.0,3.0,,,,,,,,,,,,,,,,,
sample047_0204.00_0207.00,sample047.mp4,,204.0,207.0,3.0,,,,,,,,,,,,,,,,,
sample047_0207.00_0210.00,sample047.mp4,,207.0,210.0,3.0,,,,,,,,,,,,,,,,,
sample047_0210.00_0213.00,sample047.mp4,,210.0,213.0,3.0,,,,,,,,,,,,,,,,,
sample047_0213.00_0216.00,sample047.mp4,,213.0,216.0,3.0,,,,,,,,,,,,,,,,,
sample047_0216.00_0219.00,sample047.mp4,,216.0,219.0,3.0,,,,,,,,,,,,,,,,,
sample047_0219.00_0222.00,sample047.mp4,,219.0,222.0,3.0,,,,,,,,,,,,,,,,,
sample047_0222.00_0225.00,sample047.mp4,,222.0,225.0,3.0,,,,,,,,,,,,,,,,,
sample047_0225.00_0228.00,sample047.mp4,,225.0,228.0,3.0,,,,,,,,,,,,,,,,,
sample047_0228.00_0231.00,sample047.mp4,,228.0,231.0,3.0,,,,,,,,,,,,,,,,,
sample047_0231.00_0234.00,sample047.mp4,,231.0,234.0,3.0,,,,,,,,,,,,,,,,,
sample047_0234.00_0237.00,sample047.mp4,,234.0,237.0,3.0,,,,,,,,,,,,,,,,,
sample047_0237.00_0240.00,sample047.mp4,,237.0,240.0,3.0,,,,,,,,,,,,,,,,,
sample047_0240.00_0243.00,sample047.mp4,,240.0,243.0,3.0,,,,,,,,,,,,,,,,,
sample047_0243.00_0246.00,sample047.mp4,,243.0,246.0,3.0,,,,,,,,,,,,,,,,,
sample047_0246.00_0249.00,sample047.mp4,,246.0,249.0,3.0,,,,,,,,,,,,,,,,,
sample047_0249.00_0252.00,sample047.mp4,,249.0,252.0,3.0,,,,,,,,,,,,,,,,,
sample047_0252.00_0255.00,sample047.mp4,,252.0,255.0,3.0,,,,,,,,,,,,,,,,,
sample047_0255.00_0258.00,sample047.mp4,,255.0,258.0,3.0,,,,,,,,,,,,,,,,,
sample047_0258.00_0261.00,sample047.mp4,,258.0,261.0,3.0,,,,,,,,,,,,,,,,,
sample047_0261.00_0264.00,sample047.mp4,,261.0,264.0,3.0,,,,,,,,,,,,,,,,,
sample047_0264.00_0267.00,sample047.mp4,,264.0,267.0,3.0,,,,,,,,,,,,,,,,,
sample047_0267.00_0270.00,sample047.mp4,,267.0,270.0,3.0,,,,,,,,,,,,,,,,,
sample047_0270.00_0273.00,sample047.mp4,,270.0,273.0,3.0,,,,,,,,,,,,,,,,,
sample047_0273.00_0276.00,sample047.mp4,,273.0,276.0,3.0,,,,,,,,,,,,,,,,,
sample047_0276.00_0279.00,sample047.mp4,,276.0,279.0,3.0,,,,,,,,,,,,,,,,,
sample047_0279.00_0282.00,sample047.mp4,,279.0,282.0,3.0,,,,,,,,,,,,,,,,,
sample047_0282.00_0285.00,sample047.mp4,,282.0,285.0,3.0,,,,,,,,,,,,,,,,,
sample047_0285.00_0288.00,sample047.mp4,,285.0,288.0,3.0,,,,,,,,,,,,,,,,,
sample047_0288.00_0291.00,sample047.mp4,,288.0,291.0,3.0,,,,,,,,,,,,,,,,,
sample047_0291.00_0294.00,sample047.mp4,,291.0,294.0,3.0,,,,,,,,,,,,,,,,,
sample047_0294.00_0297.00,sample047.mp4,,294.0,297.0,3.0,,,,,,,,,,,,,,,,,
sample047_0297.00_0300.00,sample047.mp4,,297.0,300.0,3.0,,,,,,,,,,,,,,,,,
sample047_0300.00_0301.63,sample047.mp4,,300.0,301.63,1.63,,,,,,,,,,,,,,,,,
sample048_0000.00_0003.00,sample048.mp4,,0.0,3.0,3.0,,,,,,,,,,,,,,,,,
sample048_0003.00_0006.00,sample048.mp4,,3.0,6.0,3.0,,,,,,,,,,,,,,,,,
sample048_0006.00_0009.00,sample048.mp4,,6.0,9.0,3.0,,,,,,,,,,,,,,,,,
sample048_0009.00_0012.00,sample048.mp4,,9.0,12.0,3.0,,,,,,,,,,,,,,,,,
sample048_0012.00_0015.00,sample048.mp4,,12.0,15.0,3.0,,,,,,,,,,,,,,,,,
sample048_0015.00_0018.00,sample048.mp4,,15.0,18.0,3.0,,,,,,,,,,,,,,,,,
sample048_0018.00_0021.00,sample048.mp4,,18.0,21.0,3.0,,,,,,,,,,,,,,,,,
sample048_0021.00_0024.00,sample048.mp4,,21.0,24.0,3.0,,,,,,,,,,,,,,,,,
sample048_0024.00_0027.00,sample048.mp4,,24.0,27.0,3.0,,,,,,,,,,,,,,,,,
sample048_0027.00_0030.00,sample048.mp4,,27.0,30.0,3.0,,,,,,,,,,,,,,,,,
sample048_0030.00_0033.00,sample048.mp4,,30.0,33.0,3.0,,,,,,,,,,,,,,,,,
sample048_0033.00_0036.00,sample048.mp4,,33.0,36.0,3.0,,,,,,,,,,,,,,,,,
sample048_0036.00_0039.00,sample048.mp4,,36.0,39.0,3.0,,,,,,,,,,,,,,,,,
sample048_0039.00_0042.00,sample048.mp4,,39.0,42.0,3.0,,,,,,,,,,,,,,,,,
sample048_0042.00_0045.00,sample048.mp4,,42.0,45.0,3.0,,,,,,,,,,,,,,,,,
sample048_0045.00_0048.00,sample048.mp4,,45.0,48.0,3.0,,,,,,,,,,,,,,,,,
sample048_0048.00_0051.00,sample048.mp4,,48.0,51.0,3.0,,,,,,,,,,,,,,,,,
sample048_0051.00_0054.00,sample048.mp4,,51.0,54.0,3.0,,,,,,,,,,,,,,,,,
sample048_0054.00_0057.00,sample048.mp4,,54.0,57.0,3.0,,,,,,,,,,,,,,,,,
sample048_0057.00_0060.00,sample048.mp4,,57.0,60.0,3.0,,,,,,,,,,,,,,,,,
sample048_0060.00_0063.00,sample048.mp4,,60.0,63.0,3.0,,,,,,,,,,,,,,,,,
sample048_0063.00_0066.00,sample048.mp4,,63.0,66.0,3.0,,,,,,,,,,,,,,,,,
sample048_0066.00_0069.00,sample048.mp4,,66.0,69.0,3.0,,,,,,,,,,,,,,,,,
sample048_0069.00_0072.00,sample048.mp4,,69.0,72.0,3.0,,,,,,,,,,,,,,,,,
sample048_0072.00_0075.00,sample048.mp4,,72.0,75.0,3.0,,,,,,,,,,,,,,,,,
sample048_0075.00_0078.00,sample048.mp4,,75.0,78.0,3.0,,,,,,,,,,,,,,,,,
sample048_0078.00_0081.00,sample048.mp4,,78.0,81.0,3.0,,,,,,,,,,,,,,,,,
sample048_0081.00_0084.00,sample048.mp4,,81.0,84.0,3.0,,,,,,,,,,,,,,,,,
sample048_0084.00_0087.00,sample048.mp4,,84.0,87.0,3.0,,,,,,,,,,,,,,,,,
sample048_0087.00_0090.00,sample048.mp4,,87.0,90.0,3.0,,,,,,,,,,,,,,,,,
sample048_0090.00_0093.00,sample048.mp4,,90.0,93.0,3.0,,,,,,,,,,,,,,,,,
sample048_0093.00_0096.00,sample048.mp4,,93.0,96.0,3.0,,,,,,,,,,,,,,,,,
sample048_0096.00_0099.00,sample048.mp4,,96.0,99.0,3.0,,,,,,,,,,,,,,,,,
sample048_0099.00_0102.00,sample048.mp4,,99.0,102.0,3.0,,,,,,,,,,,,,,,,,
sample048_0102.00_0105.00,sample048.mp4,,102.0,105.0,3.0,,,,,,,,,,,,,,,,,
sample048_0105.00_0108.00,sample048.mp4,,105.0,108.0,3.0,,,,,,,,,,,,,,,,,
sample048_0108.00_0111.00,sample048.mp4,,108.0,111.0,3.0,,,,,,,,,,,,,,,,,
sample048_0111.00_0114.00,sample048.mp4,,111.0,114.0,3.0,,,,,,,,,,,,,,,,,
sample048_0114.00_0117.00,sample048.mp4,,114.0,117.0,3.0,,,,,,,,,,,,,,,,,
sample048_0117.00_0120.00,sample048.mp4,,117.0,120.0,3.0,,,,,,,,,,,,,,,,,
sample048_0120.00_0123.00,sample048.mp4,,120.0,123.0,3.0,,,,,,,,,,,,,,,,,
sample048_0123.00_0126.00,sample048.mp4,,123.0,126.0,3.0,,,,,,,,,,,,,,,,,
sample048_0126.00_0129.00,sample048.mp4,,126.0,129.0,3.0,,,,,,,,,,,,,,,,,
sample048_0129.00_0132.00,sample048.mp4,,129.0,132.0,3.0,,,,,,,,,,,,,,,,,
sample048_0132.00_0135.00,sample048.mp4,,132.0,135.0,3.0,,,,,,,,,,,,,,,,,
sample048_0135.00_0138.00,sample048.mp4,,135.0,138.0,3.0,,,,,,,,,,,,,,,,,
sample048_0138.00_0141.00,sample048.mp4,,138.0,141.0,3.0,,,,,,,,,,,,,,,,,
sample048_0141.00_0144.00,sample048.mp4,,141.0,144.0,3.0,,,,,,,,,,,,,,,,,
sample048_0144.00_0147.00,sample048.mp4,,144.0,147.0,3.0,,,,,,,,,,,,,,,,,
sample048_0147.00_0150.00,sample048.mp4,,147.0,150.0,3.0,,,,,,,,,,,,,,,,,
sample048_0150.00_0153.00,sample048.mp4,,150.0,153.0,3.0,,,,,,,,,,,,,,,,,
sample048_0153.00_0156.00,sample048.mp4,,153.0,156.0,3.0,,,,,,,,,,,,,,,,,
sample048_0156.00_0159.00,sample048.mp4,,156.0,159.0,3.0,,,,,,,,,,,,,,,,,
sample048_0159.00_0162.00,sample048.mp4,,159.0,162.0,3.0,,,,,,,,,,,,,,,,,
sample048_0162.00_0165.00,sample048.mp4,,162.0,165.0,3.0,,,,,,,,,,,,,,,,,
sample048_0165.00_0168.00,sample048.mp4,,165.0,168.0,3.0,,,,,,,,,,,,,,,,,
sample048_0168.00_0171.00,sample048.mp4,,168.0,171.0,3.0,,,,,,,,,,,,,,,,,
sample048_0171.00_0174.00,sample048.mp4,,171.0,174.0,3.0,,,,,,,,,,,,,,,,,
sample048_0174.00_0177.00,sample048.mp4,,174.0,177.0,3.0,,,,,,,,,,,,,,,,,
sample048_0177.00_0180.00,sample048.mp4,,177.0,180.0,3.0,,,,,,,,,,,,,,,,,
sample048_0180.00_0183.00,sample048.mp4,,180.0,183.0,3.0,,,,,,,,,,,,,,,,,
sample048_0183.00_0186.00,sample048.mp4,,183.0,186.0,3.0,,,,,,,,,,,,,,,,,
sample048_0186.00_0189.00,sample048.mp4,,186.0,189.0,3.0,,,,,,,,,,,,,,,,,
sample048_0189.00_0192.00,sample048.mp4,,189.0,192.0,3.0,,,,,,,,,,,,,,,,,
sample048_0192.00_0195.00,sample048.mp4,,192.0,195.0,3.0,,,,,,,,,,,,,,,,,
sample048_0195.00_0198.00,sample048.mp4,,195.0,198.0,3.0,,,,,,,,,,,,,,,,,
sample048_0198.00_0201.00,sample048.mp4,,198.0,201.0,3.0,,,,,,,,,,,,,,,,,
sample048_0201.00_0204.00,sample048.mp4,,201.0,204.0,3.0,,,,,,,,,,,,,,,,,
sample048_0204.00_0207.00,sample048.mp4,,204.0,207.0,3.0,,,,,,,,,,,,,,,,,
sample048_0207.00_0210.00,sample048.mp4,,207.0,210.0,3.0,,,,,,,,,,,,,,,,,
sample048_0210.00_0213.00,sample048.mp4,,210.0,213.0,3.0,,,,,,,,,,,,,,,,,
sample048_0213.00_0216.00,sample048.mp4,,213.0,216.0,3.0,,,,,,,,,,,,,,,,,
sample048_0216.00_0219.00,sample048.mp4,,216.0,219.0,3.0,,,,,,,,,,,,,,,,,
sample048_0219.00_0222.00,sample048.mp4,,219.0,222.0,3.0,,,,,,,,,,,,,,,,,
sample048_0222.00_0225.00,sample048.mp4,,222.0,225.0,3.0,,,,,,,,,,,,,,,,,
sample048_0225.00_0228.00,sample048.mp4,,225.0,228.0,3.0,,,,,,,,,,,,,,,,,
sample048_0228.00_0231.00,sample048.mp4,,228.0,231.0,3.0,,,,,,,,,,,,,,,,,
sample048_0231.00_0234.00,sample048.mp4,,231.0,234.0,3.0,,,,,,,,,,,,,,,,,
sample048_0234.00_0237.00,sample048.mp4,,234.0,237.0,3.0,,,,,,,,,,,,,,,,,
sample048_0237.00_0240.00,sample048.mp4,,237.0,240.0,3.0,,,,,,,,,,,,,,,,,
sample048_0240.00_0243.00,sample048.mp4,,240.0,243.0,3.0,,,,,,,,,,,,,,,,,
sample048_0243.00_0246.00,sample048.mp4,,243.0,246.0,3.0,,,,,,,,,,,,,,,,,
sample048_0246.00_0249.00,sample048.mp4,,246.0,249.0,3.0,,,,,,,,,,,,,,,,,
sample048_0249.00_0252.00,sample048.mp4,,249.0,252.0,3.0,,,,,,,,,,,,,,,,,
sample048_0252.00_0255.00,sample048.mp4,,252.0,255.0,3.0,,,,,,,,,,,,,,,,,
sample048_0255.00_0258.00,sample048.mp4,,255.0,258.0,3.0,,,,,,,,,,,,,,,,,
sample048_0258.00_0261.00,sample048.mp4,,258.0,261.0,3.0,,,,,,,,,,,,,,,,,
sample048_0261.00_0264.00,sample048.mp4,,261.0,264.0,3.0,,,,,,,,,,,,,,,,,
sample048_0264.00_0267.00,sample048.mp4,,264.0,267.0,3.0,,,,,,,,,,,,,,,,,
sample048_0267.00_0270.00,sample048.mp4,,267.0,270.0,3.0,,,,,,,,,,,,,,,,,
sample048_0270.00_0273.00,sample048.mp4,,270.0,273.0,3.0,,,,,,,,,,,,,,,,,
sample048_0273.00_0276.00,sample048.mp4,,273.0,276.0,3.0,,,,,,,,,,,,,,,,,
sample048_0276.00_0279.00,sample048.mp4,,276.0,279.0,3.0,,,,,,,,,,,,,,,,,
sample048_0279.00_0282.00,sample048.mp4,,279.0,282.0,3.0,,,,,,,,,,,,,,,,,
sample048_0282.00_0285.00,sample048.mp4,,282.0,285.0,3.0,,,,,,,,,,,,,,,,,
sample048_0285.00_0288.00,sample048.mp4,,285.0,288.0,3.0,,,,,,,,,,,,,,,,,
sample048_0288.00_0291.00,sample048.mp4,,288.0,291.0,3.0,,,,,,,,,,,,,,,,,
sample048_0291.00_0294.00,sample048.mp4,,291.0,294.0,3.0,,,,,,,,,,,,,,,,,
sample048_0294.00_0297.00,sample048.mp4,,294.0,297.0,3.0,,,,,,,,,,,,,,,,,
sample048_0297.00_0300.00,sample048.mp4,,297.0,300.0,3.0,,,,,,,,,,,,,,,,,
sample048_0300.00_0303.00,sample048.mp4,,300.0,303.0,3.0,,,,,,,,,,,,,,,,,
sample048_0303.00_0306.00,sample048.mp4,,303.0,306.0,3.0,,,,,,,,,,,,,,,,,
sample048_0306.00_0309.00,sample048.mp4,,306.0,309.0,3.0,,,,,,,,,,,,,,,,,
sample048_0309.00_0312.00,sample048.mp4,,309.0,312.0,3.0,,,,,,,,,,,,,,,,,
sample048_0312.00_0315.00,sample048.mp4,,312.0,315.0,3.0,,,,,,,,,,,,,,,,,
sample048_0315.00_0318.00,sample048.mp4,,315.0,318.0,3.0,,,,,,,,,,,,,,,,,
sample048_0318.00_0321.00,sample048.mp4,,318.0,321.0,3.0,,,,,,,,,,,,,,,,,
sample048_0321.00_0324.00,sample048.mp4,,321.0,324.0,3.0,,,,,,,,,,,,,,,,,
sample048_0324.00_0327.00,sample048.mp4,,324.0,327.0,3.0,,,,,,,,,,,,,,,,,
sample048_0327.00_0330.00,sample048.mp4,,327.0,330.0,3.0,,,,,,,,,,,,,,,,,
sample048_0330.00_0333.00,sample048.mp4,,330.0,333.0,3.0,,,,,,,,,,,,,,,,,
sample048_0333.00_0336.00,sample048.mp4,,333.0,336.0,3.0,,,,,,,,,,,,,,,,,
sample048_0336.00_0339.00,sample048.mp4,,336.0,339.0,3.0,,,,,,,,,,,,,,,,,
sample048_0339.00_0341.13,sample048.mp4,,339.0,341.13,2.13,,,,,,,,,,,,,,,,,
sample049_0000.00_0003.00,sample049.mp4,,0.0,3.0,3.0,,,,,,,,,,,,,,,,,
sample049_0003.00_0006.00,sample049.mp4,,3.0,6.0,3.0,,,,,,,,,,,,,,,,,
sample049_0006.00_0009.00,sample049.mp4,,6.0,9.0,3.0,,,,,,,,,,,,,,,,,
sample049_0009.00_0012.00,sample049.mp4,,9.0,12.0,3.0,,,,,,,,,,,,,,,,,
sample049_0012.00_0015.00,sample049.mp4,,12.0,15.0,3.0,,,,,,,,,,,,,,,,,
sample049_0015.00_0018.00,sample049.mp4,,15.0,18.0,3.0,,,,,,,,,,,,,,,,,
sample049_0018.00_0021.00,sample049.mp4,,18.0,21.0,3.0,,,,,,,,,,,,,,,,,
sample049_0021.00_0024.00,sample049.mp4,,21.0,24.0,3.0,,,,,,,,,,,,,,,,,
sample049_0024.00_0027.00,sample049.mp4,,24.0,27.0,3.0,,,,,,,,,,,,,,,,,
sample049_0027.00_0030.00,sample049.mp4,,27.0,30.0,3.0,,,,,,,,,,,,,,,,,
sample049_0030.00_0033.00,sample049.mp4,,30.0,33.0,3.0,,,,,,,,,,,,,,,,,
sample049_0033.00_0036.00,sample049.mp4,,33.0,36.0,3.0,,,,,,,,,,,,,,,,,
sample049_0036.00_0039.00,sample049.mp4,,36.0,39.0,3.0,,,,,,,,,,,,,,,,,
sample049_0039.00_0042.00,sample049.mp4,,39.0,42.0,3.0,,,,,,,,,,,,,,,,,
sample049_0042.00_0045.00,sample049.mp4,,42.0,45.0,3.0,,,,,,,,,,,,,,,,,
sample049_0045.00_0048.00,sample049.mp4,,45.0,48.0,3.0,,,,,,,,,,,,,,,,,
sample049_0048.00_0051.00,sample049.mp4,,48.0,51.0,3.0,,,,,,,,,,,,,,,,,
sample049_0051.00_0054.00,sample049.mp4,,51.0,54.0,3.0,,,,,,,,,,,,,,,,,
sample049_0054.00_0057.00,sample049.mp4,,54.0,57.0,3.0,,,,,,,,,,,,,,,,,
sample049_0057.00_0060.00,sample049.mp4,,57.0,60.0,3.0,,,,,,,,,,,,,,,,,
sample049_0060.00_0063.00,sample049.mp4,,60.0,63.0,3.0,,,,,,,,,,,,,,,,,
sample049_0063.00_0066.00,sample049.mp4,,63.0,66.0,3.0,,,,,,,,,,,,,,,,,
sample049_0066.00_0069.00,sample049.mp4,,66.0,69.0,3.0,,,,,,,,,,,,,,,,,
sample049_0069.00_0072.00,sample049.mp4,,69.0,72.0,3.0,,,,,,,,,,,,,,,,,
sample049_0072.00_0075.00,sample049.mp4,,72.0,75.0,3.0,,,,,,,,,,,,,,,,,
sample049_0075.00_0078.00,sample049.mp4,,75.0,78.0,3.0,,,,,,,,,,,,,,,,,
sample049_0078.00_0081.00,sample049.mp4,,78.0,81.0,3.0,,,,,,,,,,,,,,,,,
sample049_0081.00_0084.00,sample049.mp4,,81.0,84.0,3.0,,,,,,,,,,,,,,,,,
sample049_0084.00_0087.00,sample049.mp4,,84.0,87.0,3.0,,,,,,,,,,,,,,,,,
sample049_0087.00_0090.00,sample049.mp4,,87.0,90.0,3.0,,,,,,,,,,,,,,,,,
sample049_0090.00_0093.00,sample049.mp4,,90.0,93.0,3.0,,,,,,,,,,,,,,,,,
sample049_0093.00_0096.00,sample049.mp4,,93.0,96.0,3.0,,,,,,,,,,,,,,,,,
sample049_0096.00_0099.00,sample049.mp4,,96.0,99.0,3.0,,,,,,,,,,,,,,,,,
sample049_0099.00_0102.00,sample049.mp4,,99.0,102.0,3.0,,,,,,,,,,,,,,,,,
sample049_0102.00_0105.00,sample049.mp4,,102.0,105.0,3.0,,,,,,,,,,,,,,,,,
sample049_0105.00_0108.00,sample049.mp4,,105.0,108.0,3.0,,,,,,,,,,,,,,,,,
sample049_0108.00_0111.00,sample049.mp4,,108.0,111.0,3.0,,,,,,,,,,,,,,,,,
sample049_0111.00_0114.00,sample049.mp4,,111.0,114.0,3.0,,,,,,,,,,,,,,,,,
sample049_0114.00_0117.00,sample049.mp4,,114.0,117.0,3.0,,,,,,,,,,,,,,,,,
sample049_0117.00_0120.00,sample049.mp4,,117.0,120.0,3.0,,,,,,,,,,,,,,,,,
sample049_0120.00_0123.00,sample049.mp4,,120.0,123.0,3.0,,,,,,,,,,,,,,,,,
sample049_0123.00_0126.00,sample049.mp4,,123.0,126.0,3.0,,,,,,,,,,,,,,,,,
sample049_0126.00_0129.00,sample049.mp4,,126.0,129.0,3.0,,,,,,,,,,,,,,,,,
sample049_0129.00_0132.00,sample049.mp4,,129.0,132.0,3.0,,,,,,,,,,,,,,,,,
sample049_0132.00_0135.00,sample049.mp4,,132.0,135.0,3.0,,,,,,,,,,,,,,,,,
sample049_0135.00_0138.00,sample049.mp4,,135.0,138.0,3.0,,,,,,,,,,,,,,,,,
sample049_0138.00_0141.00,sample049.mp4,,138.0,141.0,3.0,,,,,,,,,,,,,,,,,
sample049_0141.00_0144.00,sample049.mp4,,141.0,144.0,3.0,,,,,,,,,,,,,,,,,
sample049_0144.00_0147.00,sample049.mp4,,144.0,147.0,3.0,,,,,,,,,,,,,,,,,
sample049_0147.00_0150.00,sample049.mp4,,147.0,150.0,3.0,,,,,,,,,,,,,,,,,
sample049_0150.00_0153.00,sample049.mp4,,150.0,153.0,3.0,,,,,,,,,,,,,,,,,
sample049_0153.00_0156.00,sample049.mp4,,153.0,156.0,3.0,,,,,,,,,,,,,,,,,
sample049_0156.00_0159.00,sample049.mp4,,156.0,159.0,3.0,,,,,,,,,,,,,,,,,
sample049_0159.00_0162.00,sample049.mp4,,159.0,162.0,3.0,,,,,,,,,,,,,,,,,
sample049_0162.00_0165.00,sample049.mp4,,162.0,165.0,3.0,,,,,,,,,,,,,,,,,
sample049_0165.00_0168.00,sample049.mp4,,165.0,168.0,3.0,,,,,,,,,,,,,,,,,
sample049_0168.00_0171.00,sample049.mp4,,168.0,171.0,3.0,,,,,,,,,,,,,,,,,
sample049_0171.00_0174.00,sample049.mp4,,171.0,174.0,3.0,,,,,,,,,,,,,,,,,
sample049_0174.00_0177.00,sample049.mp4,,174.0,177.0,3.0,,,,,,,,,,,,,,,,,
sample049_0177.00_0180.00,sample049.mp4,,177.0,180.0,3.0,,,,,,,,,,,,,,,,,
sample049_0180.00_0183.00,sample049.mp4,,180.0,183.0,3.0,,,,,,,,,,,,,,,,,
sample049_0183.00_0186.00,sample049.mp4,,183.0,186.0,3.0,,,,,,,,,,,,,,,,,
sample049_0186.00_0189.00,sample049.mp4,,186.0,189.0,3.0,,,,,,,,,,,,,,,,,
sample049_0189.00_0192.00,sample049.mp4,,189.0,192.0,3.0,,,,,,,,,,,,,,,,,
sample049_0192.00_0195.00,sample049.mp4,,192.0,195.0,3.0,,,,,,,,,,,,,,,,,
sample049_0195.00_0198.00,sample049.mp4,,195.0,198.0,3.0,,,,,,,,,,,,,,,,,
sample049_0198.00_0201.00,sample049.mp4,,198.0,201.0,3.0,,,,,,,,,,,,,,,,,
sample049_0201.00_0204.00,sample049.mp4,,201.0,204.0,3.0,,,,,,,,,,,,,,,,,
sample049_0204.00_0207.00,sample049.mp4,,204.0,207.0,3.0,,,,,,,,,,,,,,,,,
sample049_0207.00_0208.50,sample049.mp4,,207.0,208.5,1.5,,,,,,,,,,,,,,,,,
sample050_0000.00_0003.00,sample050.mp4,,0.0,3.0,3.0,,,,,,,,,,,,,,,,,
sample050_0003.00_0006.00,sample050.mp4,,3.0,6.0,3.0,,,,,,,,,,,,,,,,,
sample050_0006.00_0009.00,sample050.mp4,,6.0,9.0,3.0,,,,,,,,,,,,,,,,,
sample050_0009.00_0012.00,sample050.mp4,,9.0,12.0,3.0,,,,,,,,,,,,,,,,,
sample050_0012.00_0015.00,sample050.mp4,,12.0,15.0,3.0,,,,,,,,,,,,,,,,,
sample050_0015.00_0018.00,sample050.mp4,,15.0,18.0,3.0,,,,,,,,,,,,,,,,,
sample050_0018.00_0021.00,sample050.mp4,,18.0,21.0,3.0,,,,,,,,,,,,,,,,,
sample050_0021.00_0024.00,sample050.mp4,,21.0,24.0,3.0,,,,,,,,,,,,,,,,,
sample050_0024.00_0027.00,sample050.mp4,,24.0,27.0,3.0,,,,,,,,,,,,,,,,,
sample050_0027.00_0030.00,sample050.mp4,,27.0,30.0,3.0,,,,,,,,,,,,,,,,,
sample050_0030.00_0033.00,sample050.mp4,,30.0,33.0,3.0,,,,,,,,,,,,,,,,,
sample050_0033.00_0036.00,sample050.mp4,,33.0,36.0,3.0,,,,,,,,,,,,,,,,,
sample050_0036.00_0039.00,sample050.mp4,,36.0,39.0,3.0,,,,,,,,,,,,,,,,,
sample050_0039.00_0042.00,sample050.mp4,,39.0,42.0,3.0,,,,,,,,,,,,,,,,,
sample050_0042.00_0045.00,sample050.mp4,,42.0,45.0,3.0,,,,,,,,,,,,,,,,,
sample050_0045.00_0048.00,sample050.mp4,,45.0,48.0,3.0,,,,,,,,,,,,,,,,,
sample050_0048.00_0051.00,sample050.mp4,,48.0,51.0,3.0,,,,,,,,,,,,,,,,,
sample050_0051.00_0054.00,sample050.mp4,,51.0,54.0,3.0,,,,,,,,,,,,,,,,,
sample050_0054.00_0057.00,sample050.mp4,,54.0,57.0,3.0,,,,,,,,,,,,,,,,,
sample050_0057.00_0060.00,sample050.mp4,,57.0,60.0,3.0,,,,,,,,,,,,,,,,,
sample050_0060.00_0063.00,sample050.mp4,,60.0,63.0,3.0,,,,,,,,,,,,,,,,,
sample050_0063.00_0066.00,sample050.mp4,,63.0,66.0,3.0,,,,,,,,,,,,,,,,,
sample050_0066.00_0069.00,sample050.mp4,,66.0,69.0,3.0,,,,,,,,,,,,,,,,,
sample050_0069.00_0072.00,sample050.mp4,,69.0,72.0,3.0,,,,,,,,,,,,,,,,,
sample050_0072.00_0075.00,sample050.mp4,,72.0,75.0,3.0,,,,,,,,,,,,,,,,,
sample050_0075.00_0078.00,sample050.mp4,,75.0,78.0,3.0,,,,,,,,,,,,,,,,,
sample050_0078.00_0081.00,sample050.mp4,,78.0,81.0,3.0,,,,,,,,,,,,,,,,,
sample050_0081.00_0084.00,sample050.mp4,,81.0,84.0,3.0,,,,,,,,,,,,,,,,,
sample050_0084.00_0087.00,sample050.mp4,,84.0,87.0,3.0,,,,,,,,,,,,,,,,,
sample050_0087.00_0090.00,sample050.mp4,,87.0,90.0,3.0,,,,,,,,,,,,,,,,,
sample050_0090.00_0093.00,sample050.mp4,,90.0,93.0,3.0,,,,,,,,,,,,,,,,,
sample050_0093.00_0096.00,sample050.mp4,,93.0,96.0,3.0,,,,,,,,,,,,,,,,,
sample050_0096.00_0099.00,sample050.mp4,,96.0,99.0,3.0,,,,,,,,,,,,,,,,,
sample050_0099.00_0102.00,sample050.mp4,,99.0,102.0,3.0,,,,,,,,,,,,,,,,,
sample050_0102.00_0105.00,sample050.mp4,,102.0,105.0,3.0,,,,,,,,,,,,,,,,,
sample050_0105.00_0108.00,sample050.mp4,,105.0,108.0,3.0,,,,,,,,,,,,,,,,,
sample050_0108.00_0111.00,sample050.mp4,,108.0,111.0,3.0,,,,,,,,,,,,,,,,,
sample050_0111.00_0114.00,sample050.mp4,,111.0,114.0,3.0,,,,,,,,,,,,,,,,,
sample050_0114.00_0117.00,sample050.mp4,,114.0,117.0,3.0,,,,,,,,,,,,,,,,,
sample050_0117.00_0120.00,sample050.mp4,,117.0,120.0,3.0,,,,,,,,,,,,,,,,,
sample050_0120.00_0123.00,sample050.mp4,,120.0,123.0,3.0,,,,,,,,,,,,,,,,,
sample050_0123.00_0126.00,sample050.mp4,,123.0,126.0,3.0,,,,,,,,,,,,,,,,,
sample050_0126.00_0129.00,sample050.mp4,,126.0,129.0,3.0,,,,,,,,,,,,,,,,,
sample050_0129.00_0132.00,sample050.mp4,,129.0,132.0,3.0,,,,,,,,,,,,,,,,,
sample050_0132.00_0135.00,sample050.mp4,,132.0,135.0,3.0,,,,,,,,,,,,,,,,,
sample050_0135.00_0138.00,sample050.mp4,,135.0,138.0,3.0,,,,,,,,,,,,,,,,,
sample050_0138.00_0141.00,sample050.mp4,,138.0,141.0,3.0,,,,,,,,,,,,,,,,,
sample050_0141.00_0144.00,sample050.mp4,,141.0,144.0,3.0,,,,,,,,,,,,,,,,,
sample050_0144.00_0147.00,sample050.mp4,,144.0,147.0,3.0,,,,,,,,,,,,,,,,,
sample050_0147.00_0150.00,sample050.mp4,,147.0,150.0,3.0,,,,,,,,,,,,,,,,,
sample050_0150.00_0153.00,sample050.mp4,,150.0,153.0,3.0,,,,,,,,,,,,,,,,,
sample050_0153.00_0156.00,sample050.mp4,,153.0,156.0,3.0,,,,,,,,,,,,,,,,,
sample050_0156.00_0159.00,sample050.mp4,,156.0,159.0,3.0,,,,,,,,,,,,,,,,,
sample050_0159.00_0162.00,sample050.mp4,,159.0,162.0,3.0,,,,,,,,,,,,,,,,,
sample050_0162.00_0165.00,sample050.mp4,,162.0,165.0,3.0,,,,,,,,,,,,,,,,,
sample050_0165.00_0168.00,sample050.mp4,,165.0,168.0,3.0,,,,,,,,,,,,,,,,,
sample050_0168.00_0171.00,sample050.mp4,,168.0,171.0,3.0,,,,,,,,,,,,,,,,,
sample050_0171.00_0174.00,sample050.mp4,,171.0,174.0,3.0,,,,,,,,,,,,,,,,,
sample050_0174.00_0177.00,sample050.mp4,,174.0,177.0,3.0,,,,,,,,,,,,,,,,,
sample050_0177.00_0180.00,sample050.mp4,,177.0,180.0,3.0,,,,,,,,,,,,,,,,,
sample050_0180.00_0183.00,sample050.mp4,,180.0,183.0,3.0,,,,,,,,,,,,,,,,,
sample050_0183.00_0186.00,sample050.mp4,,183.0,186.0,3.0,,,,,,,,,,,,,,,,,
sample050_0186.00_0189.00,sample050.mp4,,186.0,189.0,3.0,,,,,,,,,,,,,,,,,
sample050_0189.00_0192.00,sample050.mp4,,189.0,192.0,3.0,,,,,,,,,,,,,,,,,
sample050_0192.00_0195.00,sample050.mp4,,192.0,195.0,3.0,,,,,,,,,,,,,,,,,
sample050_0195.00_0198.00,sample050.mp4,,195.0,198.0,3.0,,,,,,,,,,,,,,,,,
sample050_0198.00_0201.00,sample050.mp4,,198.0,201.0,3.0,,,,,,,,,,,,,,,,,
sample050_0201.00_0204.00,sample050.mp4,,201.0,204.0,3.0,,,,,,,,,,,,,,,,,
sample050_0204.00_0207.00,sample050.mp4,,204.0,207.0,3.0,,,,,,,,,,,,,,,,,
sample050_0207.00_0210.00,sample050.mp4,,207.0,210.0,3.0,,,,,,,,,,,,,,,,,
sample050_0210.00_0213.00,sample050.mp4,,210.0,213.0,3.0,,,,,,,,,,,,,,,,,
sample050_0213.00_0216.00,sample050.mp4,,213.0,216.0,3.0,,,,,,,,,,,,,,,,,
sample050_0216.00_0219.00,sample050.mp4,,216.0,219.0,3.0,,,,,,,,,,,,,,,,,
sample050_0219.00_0222.00,sample050.mp4,,219.0,222.0,3.0,,,,,,,,,,,,,,,,,
sample050_0222.00_0225.00,sample050.mp4,,222.0,225.0,3.0,,,,,,,,,,,,,,,,,
sample050_0225.00_0228.00,sample050.mp4,,225.0,228.0,3.0,,,,,,,,,,,,,,,,,
sample050_0228.00_0231.00,sample050.mp4,,228.0,231.0,3.0,,,,,,,,,,,,,,,,,
sample050_0231.00_0234.00,sample050.mp4,,231.0,234.0,3.0,,,,,,,,,,,,,,,,,
sample050_0234.00_0237.00,sample050.mp4,,234.0,237.0,3.0,,,,,,,,,,,,,,,,,
sample050_0237.00_0240.00,sample050.mp4,,237.0,240.0,3.0,,,,,,,,,,,,,,,,,
sample050_0240.00_0243.00,sample050.mp4,,240.0,243.0,3.0,,,,,,,,,,,,,,,,,
sample050_0243.00_0246.00,sample050.mp4,,243.0,246.0,3.0,,,,,,,,,,,,,,,,,
sample050_0246.00_0249.00,sample050.mp4,,246.0,249.0,3.0,,,,,,,,,,,,,,,,,
sample050_0249.00_0252.00,sample050.mp4,,249.0,252.0,3.0,,,,,,,,,,,,,,,,,
sample050_0252.00_0255.00,sample050.mp4,,252.0,255.0,3.0,,,,,,,,,,,,,,,,,
sample050_0255.00_0258.00,sample050.mp4,,255.0,258.0,3.0,,,,,,,,,,,,,,,,,
sample050_0258.00_0261.00,sample050.mp4,,258.0,261.0,3.0,,,,,,,,,,,,,,,,,
sample050_0261.00_0264.00,sample050.mp4,,261.0,264.0,3.0,,,,,,,,,,,,,,,,,
sample050_0264.00_0267.00,sample050.mp4,,264.0,267.0,3.0,,,,,,,,,,,,,,,,,
sample050_0267.00_0270.00,sample050.mp4,,267.0,270.0,3.0,,,,,,,,,,,,,,,,,
sample050_0270.00_0273.00,sample050.mp4,,270.0,273.0,3.0,,,,,,,,,,,,,,,,,
sample050_0273.00_0276.00,sample050.mp4,,273.0,276.0,3.0,,,,,,,,,,,,,,,,,
sample050_0276.00_0279.00,sample050.mp4,,276.0,279.0,3.0,,,,,,,,,,,,,,,,,
sample050_0279.00_0282.00,sample050.mp4,,279.0,282.0,3.0,,,,,,,,,,,,,,,,,
sample050_0282.00_0285.00,sample050.mp4,,282.0,285.0,3.0,,,,,,,,,,,,,,,,,
sample050_0285.00_0288.00,sample050.mp4,,285.0,288.0,3.0,,,,,,,,,,,,,,,,,
sample050_0288.00_0291.00,sample050.mp4,,288.0,291.0,3.0,,,,,,,,,,,,,,,,,
sample050_0291.00_0294.00,sample050.mp4,,291.0,294.0,3.0,,,,,,,,,,,,,,,,,
sample050_0294.00_0297.00,sample050.mp4,,294.0,297.0,3.0,,,,,,,,,,,,,,,,,
sample050_0297.00_0300.00,sample050.mp4,,297.0,300.0,3.0,,,,,,,,,,,,,,,,,
sample050_0300.00_0303.00,sample050.mp4,,300.0,303.0,3.0,,,,,,,,,,,,,,,,,
sample050_0303.00_0305.07,sample050.mp4,,303.0,305.07,2.07,,,,,,,,,,,,,,,,,
sample051_0000.00_0003.00,sample051.mp4,,0.0,3.0,3.0,,,,,,,,,,,,,,,,,
sample051_0003.00_0006.00,sample051.mp4,,3.0,6.0,3.0,,,,,,,,,,,,,,,,,
sample051_0006.00_0009.00,sample051.mp4,,6.0,9.0,3.0,,,,,,,,,,,,,,,,,
sample051_0009.00_0012.00,sample051.mp4,,9.0,12.0,3.0,,,,,,,,,,,,,,,,,
sample051_0012.00_0015.00,sample051.mp4,,12.0,15.0,3.0,,,,,,,,,,,,,,,,,
sample051_0015.00_0018.00,sample051.mp4,,15.0,18.0,3.0,,,,,,,,,,,,,,,,,
sample051_0018.00_0021.00,sample051.mp4,,18.0,21.0,3.0,,,,,,,,,,,,,,,,,
sample051_0021.00_0024.00,sample051.mp4,,21.0,24.0,3.0,,,,,,,,,,,,,,,,,
sample051_0024.00_0027.00,sample051.mp4,,24.0,27.0,3.0,,,,,,,,,,,,,,,,,
sample051_0027.00_0030.00,sample051.mp4,,27.0,30.0,3.0,,,,,,,,,,,,,,,,,
sample051_0030.00_0033.00,sample051.mp4,,30.0,33.0,3.0,,,,,,,,,,,,,,,,,
sample051_0033.00_0036.00,sample051.mp4,,33.0,36.0,3.0,,,,,,,,,,,,,,,,,
sample051_0036.00_0039.00,sample051.mp4,,36.0,39.0,3.0,,,,,,,,,,,,,,,,,
sample051_0039.00_0042.00,sample051.mp4,,39.0,42.0,3.0,,,,,,,,,,,,,,,,,
sample051_0042.00_0045.00,sample051.mp4,,42.0,45.0,3.0,,,,,,,,,,,,,,,,,
sample051_0045.00_0048.00,sample051.mp4,,45.0,48.0,3.0,,,,,,,,,,,,,,,,,
sample051_0048.00_0051.00,sample051.mp4,,48.0,51.0,3.0,,,,,,,,,,,,,,,,,
sample051_0051.00_0054.00,sample051.mp4,,51.0,54.0,3.0,,,,,,,,,,,,,,,,,
sample051_0054.00_0057.00,sample051.mp4,,54.0,57.0,3.0,,,,,,,,,,,,,,,,,
sample051_0057.00_0060.00,sample051.mp4,,57.0,60.0,3.0,,,,,,,,,,,,,,,,,
sample051_0060.00_0063.00,sample051.mp4,,60.0,63.0,3.0,,,,,,,,,,,,,,,,,
sample051_0063.00_0066.00,sample051.mp4,,63.0,66.0,3.0,,,,,,,,,,,,,,,,,
sample051_0066.00_0069.00,sample051.mp4,,66.0,69.0,3.0,,,,,,,,,,,,,,,,,
sample051_0069.00_0072.00,sample051.mp4,,69.0,72.0,3.0,,,,,,,,,,,,,,,,,
sample051_0072.00_0075.00,sample051.mp4,,72.0,75.0,3.0,,,,,,,,,,,,,,,,,
sample051_0075.00_0078.00,sample051.mp4,,75.0,78.0,3.0,,,,,,,,,,,,,,,,,
sample051_0078.00_0081.00,sample051.mp4,,78.0,81.0,3.0,,,,,,,,,,,,,,,,,
sample051_0081.00_0084.00,sample051.mp4,,81.0,84.0,3.0,,,,,,,,,,,,,,,,,
sample051_0084.00_0087.00,sample051.mp4,,84.0,87.0,3.0,,,,,,,,,,,,,,,,,
sample051_0087.00_0090.00,sample051.mp4,,87.0,90.0,3.0,,,,,,,,,,,,,,,,,
sample051_0090.00_0093.00,sample051.mp4,,90.0,93.0,3.0,,,,,,,,,,,,,,,,,
sample051_0093.00_0096.00,sample051.mp4,,93.0,96.0,3.0,,,,,,,,,,,,,,,,,
sample051_0096.00_0099.00,sample051.mp4,,96.0,99.0,3.0,,,,,,,,,,,,,,,,,
sample051_0099.00_0102.00,sample051.mp4,,99.0,102.0,3.0,,,,,,,,,,,,,,,,,
sample051_0102.00_0105.00,sample051.mp4,,102.0,105.0,3.0,,,,,,,,,,,,,,,,,
sample051_0105.00_0108.00,sample051.mp4,,105.0,108.0,3.0,,,,,,,,,,,,,,,,,
sample051_0108.00_0111.00,sample051.mp4,,108.0,111.0,3.0,,,,,,,,,,,,,,,,,
sample051_0111.00_0114.00,sample051.mp4,,111.0,114.0,3.0,,,,,,,,,,,,,,,,,
sample051_0114.00_0117.00,sample051.mp4,,114.0,117.0,3.0,,,,,,,,,,,,,,,,,
sample051_0117.00_0120.00,sample051.mp4,,117.0,120.0,3.0,,,,,,,,,,,,,,,,,
sample051_0120.00_0123.00,sample051.mp4,,120.0,123.0,3.0,,,,,,,,,,,,,,,,,
sample051_0123.00_0126.00,sample051.mp4,,123.0,126.0,3.0,,,,,,,,,,,,,,,,,
sample051_0126.00_0129.00,sample051.mp4,,126.0,129.0,3.0,,,,,,,,,,,,,,,,,
sample051_0129.00_0132.00,sample051.mp4,,129.0,132.0,3.0,,,,,,,,,,,,,,,,,
sample051_0132.00_0135.00,sample051.mp4,,132.0,135.0,3.0,,,,,,,,,,,,,,,,,
sample051_0135.00_0138.00,sample051.mp4,,135.0,138.0,3.0,,,,,,,,,,,,,,,,,
sample051_0138.00_0141.00,sample051.mp4,,138.0,141.0,3.0,,,,,,,,,,,,,,,,,
sample051_0141.00_0144.00,sample051.mp4,,141.0,144.0,3.0,,,,,,,,,,,,,,,,,
sample051_0144.00_0147.00,sample051.mp4,,144.0,147.0,3.0,,,,,,,,,,,,,,,,,
sample051_0147.00_0150.00,sample051.mp4,,147.0,150.0,3.0,,,,,,,,,,,,,,,,,
sample051_0150.00_0153.00,sample051.mp4,,150.0,153.0,3.0,,,,,,,,,,,,,,,,,
sample051_0153.00_0156.00,sample051.mp4,,153.0,156.0,3.0,,,,,,,,,,,,,,,,,
sample051_0156.00_0159.00,sample051.mp4,,156.0,159.0,3.0,,,,,,,,,,,,,,,,,
sample051_0159.00_0162.00,sample051.mp4,,159.0,162.0,3.0,,,,,,,,,,,,,,,,,
sample051_0162.00_0165.00,sample051.mp4,,162.0,165.0,3.0,,,,,,,,,,,,,,,,,
sample051_0165.00_0168.00,sample051.mp4,,165.0,168.0,3.0,,,,,,,,,,,,,,,,,
sample051_0168.00_0171.00,sample051.mp4,,168.0,171.0,3.0,,,,,,,,,,,,,,,,,
sample051_0171.00_0174.00,sample051.mp4,,171.0,174.0,3.0,,,,,,,,,,,,,,,,,
sample051_0174.00_0177.00,sample051.mp4,,174.0,177.0,3.0,,,,,,,,,,,,,,,,,
sample051_0177.00_0180.00,sample051.mp4,,177.0,180.0,3.0,,,,,,,,,,,,,,,,,
sample051_0180.00_0183.00,sample051.mp4,,180.0,183.0,3.0,,,,,,,,,,,,,,,,,
sample051_0183.00_0186.00,sample051.mp4,,183.0,186.0,3.0,,,,,,,,,,,,,,,,,
sample051_0186.00_0189.00,sample051.mp4,,186.0,189.0,3.0,,,,,,,,,,,,,,,,,
sample051_0189.00_0192.00,sample051.mp4,,189.0,192.0,3.0,,,,,,,,,,,,,,,,,
sample051_0192.00_0195.00,sample051.mp4,,192.0,195.0,3.0,,,,,,,,,,,,,,,,,
sample051_0195.00_0198.00,sample051.mp4,,195.0,198.0,3.0,,,,,,,,,,,,,,,,,
sample051_0198.00_0201.00,sample051.mp4,,198.0,201.0,3.0,,,,,,,,,,,,,,,,,
sample051_0201.00_0204.00,sample051.mp4,,201.0,204.0,3.0,,,,,,,,,,,,,,,,,
sample051_0204.00_0207.00,sample051.mp4,,204.0,207.0,3.0,,,,,,,,,,,,,,,,,
sample051_0207.00_0210.00,sample051.mp4,,207.0,210.0,3.0,,,,,,,,,,,,,,,,,
sample051_0210.00_0213.00,sample051.mp4,,210.0,213.0,3.0,,,,,,,,,,,,,,,,,
sample051_0213.00_0216.00,sample051.mp4,,213.0,216.0,3.0,,,,,,,,,,,,,,,,,
sample051_0216.00_0219.00,sample051.mp4,,216.0,219.0,3.0,,,,,,,,,,,,,,,,,
sample051_0219.00_0222.00,sample051.mp4,,219.0,222.0,3.0,,,,,,,,,,,,,,,,,
sample051_0222.00_0225.00,sample051.mp4,,222.0,225.0,3.0,,,,,,,,,,,,,,,,,
sample051_0225.00_0228.00,sample051.mp4,,225.0,228.0,3.0,,,,,,,,,,,,,,,,,
sample051_0228.00_0231.00,sample051.mp4,,228.0,231.0,3.0,,,,,,,,,,,,,,,,,
sample051_0231.00_0234.00,sample051.mp4,,231.0,234.0,3.0,,,,,,,,,,,,,,,,,
sample051_0234.00_0237.00,sample051.mp4,,234.0,237.0,3.0,,,,,,,,,,,,,,,,,
sample051_0237.00_0240.00,sample051.mp4,,237.0,240.0,3.0,,,,,,,,,,,,,,,,,
sample051_0240.00_0243.00,sample051.mp4,,240.0,243.0,3.0,,,,,,,,,,,,,,,,,
sample051_0243.00_0243.60,sample051.mp4,,243.0,243.6,0.6,,,,,,,,,,,,,,,,,
sample052_0000.00_0003.00,sample052.mp4,,0.0,3.0,3.0,,,,,,,,,,,,,,,,,
sample052_0003.00_0006.00,sample052.mp4,,3.0,6.0,3.0,,,,,,,,,,,,,,,,,
sample052_0006.00_0009.00,sample052.mp4,,6.0,9.0,3.0,,,,,,,,,,,,,,,,,
sample052_0009.00_0012.00,sample052.mp4,,9.0,12.0,3.0,,,,,,,,,,,,,,,,,
sample052_0012.00_0015.00,sample052.mp4,,12.0,15.0,3.0,,,,,,,,,,,,,,,,,
sample052_0015.00_0018.00,sample052.mp4,,15.0,18.0,3.0,,,,,,,,,,,,,,,,,
sample052_0018.00_0021.00,sample052.mp4,,18.0,21.0,3.0,,,,,,,,,,,,,,,,,
sample052_0021.00_0024.00,sample052.mp4,,21.0,24.0,3.0,,,,,,,,,,,,,,,,,
sample052_0024.00_0027.00,sample052.mp4,,24.0,27.0,3.0,,,,,,,,,,,,,,,,,
sample052_0027.00_0030.00,sample052.mp4,,27.0,30.0,3.0,,,,,,,,,,,,,,,,,
sample052_0030.00_0033.00,sample052.mp4,,30.0,33.0,3.0,,,,,,,,,,,,,,,,,
sample052_0033.00_0036.00,sample052.mp4,,33.0,36.0,3.0,,,,,,,,,,,,,,,,,
sample052_0036.00_0039.00,sample052.mp4,,36.0,39.0,3.0,,,,,,,,,,,,,,,,,
sample052_0039.00_0042.00,sample052.mp4,,39.0,42.0,3.0,,,,,,,,,,,,,,,,,
sample052_0042.00_0045.00,sample052.mp4,,42.0,45.0,3.0,,,,,,,,,,,,,,,,,
sample052_0045.00_0048.00,sample052.mp4,,45.0,48.0,3.0,,,,,,,,,,,,,,,,,
sample052_0048.00_0051.00,sample052.mp4,,48.0,51.0,3.0,,,,,,,,,,,,,,,,,
sample052_0051.00_0054.00,sample052.mp4,,51.0,54.0,3.0,,,,,,,,,,,,,,,,,
sample052_0054.00_0057.00,sample052.mp4,,54.0,57.0,3.0,,,,,,,,,,,,,,,,,
sample052_0057.00_0060.00,sample052.mp4,,57.0,60.0,3.0,,,,,,,,,,,,,,,,,
sample052_0060.00_0063.00,sample052.mp4,,60.0,63.0,3.0,,,,,,,,,,,,,,,,,
sample052_0063.00_0066.00,sample052.mp4,,63.0,66.0,3.0,,,,,,,,,,,,,,,,,
sample052_0066.00_0069.00,sample052.mp4,,66.0,69.0,3.0,,,,,,,,,,,,,,,,,
sample052_0069.00_0072.00,sample052.mp4,,69.0,72.0,3.0,,,,,,,,,,,,,,,,,
sample052_0072.00_0075.00,sample052.mp4,,72.0,75.0,3.0,,,,,,,,,,,,,,,,,
sample052_0075.00_0078.00,sample052.mp4,,75.0,78.0,3.0,,,,,,,,,,,,,,,,,
sample052_0078.00_0081.00,sample052.mp4,,78.0,81.0,3.0,,,,,,,,,,,,,,,,,
sample052_0081.00_0084.00,sample052.mp4,,81.0,84.0,3.0,,,,,,,,,,,,,,,,,
sample052_0084.00_0087.00,sample052.mp4,,84.0,87.0,3.0,,,,,,,,,,,,,,,,,
sample052_0087.00_0090.00,sample052.mp4,,87.0,90.0,3.0,,,,,,,,,,,,,,,,,
sample052_0090.00_0093.00,sample052.mp4,,90.0,93.0,3.0,,,,,,,,,,,,,,,,,
sample052_0093.00_0096.00,sample052.mp4,,93.0,96.0,3.0,,,,,,,,,,,,,,,,,
sample052_0096.00_0099.00,sample052.mp4,,96.0,99.0,3.0,,,,,,,,,,,,,,,,,
sample052_0099.00_0102.00,sample052.mp4,,99.0,102.0,3.0,,,,,,,,,,,,,,,,,
sample052_0102.00_0105.00,sample052.mp4,,102.0,105.0,3.0,,,,,,,,,,,,,,,,,
sample052_0105.00_0108.00,sample052.mp4,,105.0,108.0,3.0,,,,,,,,,,,,,,,,,
sample052_0108.00_0111.00,sample052.mp4,,108.0,111.0,3.0,,,,,,,,,,,,,,,,,
sample052_0111.00_0114.00,sample052.mp4,,111.0,114.0,3.0,,,,,,,,,,,,,,,,,
sample052_0114.00_0117.00,sample052.mp4,,114.0,117.0,3.0,,,,,,,,,,,,,,,,,
sample052_0117.00_0120.00,sample052.mp4,,117.0,120.0,3.0,,,,,,,,,,,,,,,,,
sample052_0120.00_0123.00,sample052.mp4,,120.0,123.0,3.0,,,,,,,,,,,,,,,,,
sample052_0123.00_0126.00,sample052.mp4,,123.0,126.0,3.0,,,,,,,,,,,,,,,,,
sample052_0126.00_0129.00,sample052.mp4,,126.0,129.0,3.0,,,,,,,,,,,,,,,,,
sample052_0129.00_0132.00,sample052.mp4,,129.0,132.0,3.0,,,,,,,,,,,,,,,,,
sample052_0132.00_0135.00,sample052.mp4,,132.0,135.0,3.0,,,,,,,,,,,,,,,,,
sample052_0135.00_0138.00,sample052.mp4,,135.0,138.0,3.0,,,,,,,,,,,,,,,,,
sample052_0138.00_0141.00,sample052.mp4,,138.0,141.0,3.0,,,,,,,,,,,,,,,,,
sample052_0141.00_0144.00,sample052.mp4,,141.0,144.0,3.0,,,,,,,,,,,,,,,,,
sample052_0144.00_0147.00,sample052.mp4,,144.0,147.0,3.0,,,,,,,,,,,,,,,,,
sample052_0147.00_0150.00,sample052.mp4,,147.0,150.0,3.0,,,,,,,,,,,,,,,,,
sample052_0150.00_0153.00,sample052.mp4,,150.0,153.0,3.0,,,,,,,,,,,,,,,,,
sample052_0153.00_0156.00,sample052.mp4,,153.0,156.0,3.0,,,,,,,,,,,,,,,,,
sample052_0156.00_0159.00,sample052.mp4,,156.0,159.0,3.0,,,,,,,,,,,,,,,,,
sample052_0159.00_0162.00,sample052.mp4,,159.0,162.0,3.0,,,,,,,,,,,,,,,,,
sample052_0162.00_0165.00,sample052.mp4,,162.0,165.0,3.0,,,,,,,,,,,,,,,,,
sample052_0165.00_0168.00,sample052.mp4,,165.0,168.0,3.0,,,,,,,,,,,,,,,,,
sample052_0168.00_0171.00,sample052.mp4,,168.0,171.0,3.0,,,,,,,,,,,,,,,,,
sample052_0171.00_0174.00,sample052.mp4,,171.0,174.0,3.0,,,,,,,,,,,,,,,,,
sample052_0174.00_0177.00,sample052.mp4,,174.0,177.0,3.0,,,,,,,,,,,,,,,,,
sample052_0177.00_0180.00,sample052.mp4,,177.0,180.0,3.0,,,,,,,,,,,,,,,,,
sample052_0180.00_0183.00,sample052.mp4,,180.0,183.0,3.0,,,,,,,,,,,,,,,,,
sample052_0183.00_0186.00,sample052.mp4,,183.0,186.0,3.0,,,,,,,,,,,,,,,,,
sample052_0186.00_0189.00,sample052.mp4,,186.0,189.0,3.0,,,,,,,,,,,,,,,,,
sample052_0189.00_0192.00,sample052.mp4,,189.0,192.0,3.0,,,,,,,,,,,,,,,,,
sample052_0192.00_0192.78,sample052.mp4,,192.0,192.78,0.78,,,,,,,,,,,,,,,,,
sample053_0000.00_0003.00,sample053.mp4,,0.0,3.0,3.0,,,,,,,,,,,,,,,,,
sample053_0003.00_0006.00,sample053.mp4,,3.0,6.0,3.0,,,,,,,,,,,,,,,,,
sample053_0006.00_0009.00,sample053.mp4,,6.0,9.0,3.0,,,,,,,,,,,,,,,,,
sample053_0009.00_0012.00,sample053.mp4,,9.0,12.0,3.0,,,,,,,,,,,,,,,,,
sample053_0012.00_0015.00,sample053.mp4,,12.0,15.0,3.0,,,,,,,,,,,,,,,,,
sample053_0015.00_0018.00,sample053.mp4,,15.0,18.0,3.0,,,,,,,,,,,,,,,,,
sample053_0018.00_0021.00,sample053.mp4,,18.0,21.0,3.0,,,,,,,,,,,,,,,,,
sample053_0021.00_0024.00,sample053.mp4,,21.0,24.0,3.0,,,,,,,,,,,,,,,,,
sample053_0024.00_0027.00,sample053.mp4,,24.0,27.0,3.0,,,,,,,,,,,,,,,,,
sample053_0027.00_0030.00,sample053.mp4,,27.0,30.0,3.0,,,,,,,,,,,,,,,,,
sample053_0030.00_0033.00,sample053.mp4,,30.0,33.0,3.0,,,,,,,,,,,,,,,,,
sample053_0033.00_0036.00,sample053.mp4,,33.0,36.0,3.0,,,,,,,,,,,,,,,,,
sample053_0036.00_0039.00,sample053.mp4,,36.0,39.0,3.0,,,,,,,,,,,,,,,,,
sample053_0039.00_0042.00,sample053.mp4,,39.0,42.0,3.0,,,,,,,,,,,,,,,,,
sample053_0042.00_0045.00,sample053.mp4,,42.0,45.0,3.0,,,,,,,,,,,,,,,,,
sample053_0045.00_0048.00,sample053.mp4,,45.0,48.0,3.0,,,,,,,,,,,,,,,,,
sample053_0048.00_0051.00,sample053.mp4,,48.0,51.0,3.0,,,,,,,,,,,,,,,,,
sample053_0051.00_0054.00,sample053.mp4,,51.0,54.0,3.0,,,,,,,,,,,,,,,,,
sample053_0054.00_0057.00,sample053.mp4,,54.0,57.0,3.0,,,,,,,,,,,,,,,,,
sample053_0057.00_0060.00,sample053.mp4,,57.0,60.0,3.0,,,,,,,,,,,,,,,,,
sample053_0060.00_0063.00,sample053.mp4,,60.0,63.0,3.0,,,,,,,,,,,,,,,,,
sample053_0063.00_0066.00,sample053.mp4,,63.0,66.0,3.0,,,,,,,,,,,,,,,,,
sample053_0066.00_0069.00,sample053.mp4,,66.0,69.0,3.0,,,,,,,,,,,,,,,,,
sample053_0069.00_0072.00,sample053.mp4,,69.0,72.0,3.0,,,,,,,,,,,,,,,,,
sample053_0072.00_0075.00,sample053.mp4,,72.0,75.0,3.0,,,,,,,,,,,,,,,,,
sample053_0075.00_0078.00,sample053.mp4,,75.0,78.0,3.0,,,,,,,,,,,,,,,,,
sample053_0078.00_0081.00,sample053.mp4,,78.0,81.0,3.0,,,,,,,,,,,,,,,,,
sample053_0081.00_0084.00,sample053.mp4,,81.0,84.0,3.0,,,,,,,,,,,,,,,,,
sample053_0084.00_0087.00,sample053.mp4,,84.0,87.0,3.0,,,,,,,,,,,,,,,,,
sample053_0087.00_0090.00,sample053.mp4,,87.0,90.0,3.0,,,,,,,,,,,,,,,,,
sample053_0090.00_0093.00,sample053.mp4,,90.0,93.0,3.0,,,,,,,,,,,,,,,,,
sample053_0093.00_0096.00,sample053.mp4,,93.0,96.0,3.0,,,,,,,,,,,,,,,,,
sample053_0096.00_0099.00,sample053.mp4,,96.0,99.0,3.0,,,,,,,,,,,,,,,,,
sample053_0099.00_0102.00,sample053.mp4,,99.0,102.0,3.0,,,,,,,,,,,,,,,,,
sample053_0102.00_0105.00,sample053.mp4,,102.0,105.0,3.0,,,,,,,,,,,,,,,,,
sample053_0105.00_0108.00,sample053.mp4,,105.0,108.0,3.0,,,,,,,,,,,,,,,,,
sample053_0108.00_0111.00,sample053.mp4,,108.0,111.0,3.0,,,,,,,,,,,,,,,,,
sample053_0111.00_0114.00,sample053.mp4,,111.0,114.0,3.0,,,,,,,,,,,,,,,,,
sample053_0114.00_0117.00,sample053.mp4,,114.0,117.0,3.0,,,,,,,,,,,,,,,,,
sample053_0117.00_0120.00,sample053.mp4,,117.0,120.0,3.0,,,,,,,,,,,,,,,,,
sample053_0120.00_0123.00,sample053.mp4,,120.0,123.0,3.0,,,,,,,,,,,,,,,,,
sample053_0123.00_0126.00,sample053.mp4,,123.0,126.0,3.0,,,,,,,,,,,,,,,,,
sample053_0126.00_0129.00,sample053.mp4,,126.0,129.0,3.0,,,,,,,,,,,,,,,,,
sample053_0129.00_0132.00,sample053.mp4,,129.0,132.0,3.0,,,,,,,,,,,,,,,,,
sample053_0132.00_0135.00,sample053.mp4,,132.0,135.0,3.0,,,,,,,,,,,,,,,,,
sample053_0135.00_0138.00,sample053.mp4,,135.0,138.0,3.0,,,,,,,,,,,,,,,,,
sample053_0138.00_0141.00,sample053.mp4,,138.0,141.0,3.0,,,,,,,,,,,,,,,,,
sample053_0141.00_0144.00,sample053.mp4,,141.0,144.0,3.0,,,,,,,,,,,,,,,,,
sample053_0144.00_0147.00,sample053.mp4,,144.0,147.0,3.0,,,,,,,,,,,,,,,,,
sample053_0147.00_0150.00,sample053.mp4,,147.0,150.0,3.0,,,,,,,,,,,,,,,,,
sample053_0150.00_0153.00,sample053.mp4,,150.0,153.0,3.0,,,,,,,,,,,,,,,,,
sample053_0153.00_0156.00,sample053.mp4,,153.0,156.0,3.0,,,,,,,,,,,,,,,,,
sample053_0156.00_0159.00,sample053.mp4,,156.0,159.0,3.0,,,,,,,,,,,,,,,,,
sample053_0159.00_0162.00,sample053.mp4,,159.0,162.0,3.0,,,,,,,,,,,,,,,,,
sample053_0162.00_0165.00,sample053.mp4,,162.0,165.0,3.0,,,,,,,,,,,,,,,,,
sample053_0165.00_0168.00,sample053.mp4,,165.0,168.0,3.0,,,,,,,,,,,,,,,,,
sample053_0168.00_0171.00,sample053.mp4,,168.0,171.0,3.0,,,,,,,,,,,,,,,,,
sample053_0171.00_0174.00,sample053.mp4,,171.0,174.0,3.0,,,,,,,,,,,,,,,,,
sample053_0174.00_0177.00,sample053.mp4,,174.0,177.0,3.0,,,,,,,,,,,,,,,,,
sample053_0177.00_0180.00,sample053.mp4,,177.0,180.0,3.0,,,,,,,,,,,,,,,,,
sample053_0180.00_0183.00,sample053.mp4,,180.0,183.0,3.0,,,,,,,,,,,,,,,,,
sample053_0183.00_0186.00,sample053.mp4,,183.0,186.0,3.0,,,,,,,,,,,,,,,,,
sample053_0186.00_0189.00,sample053.mp4,,186.0,189.0,3.0,,,,,,,,,,,,,,,,,
sample053_0189.00_0192.00,sample053.mp4,,189.0,192.0,3.0,,,,,,,,,,,,,,,,,
sample053_0192.00_0195.00,sample053.mp4,,192.0,195.0,3.0,,,,,,,,,,,,,,,,,
sample053_0195.00_0198.00,sample053.mp4,,195.0,198.0,3.0,,,,,,,,,,,,,,,,,
sample053_0198.00_0201.00,sample053.mp4,,198.0,201.0,3.0,,,,,,,,,,,,,,,,,
sample053_0201.00_0204.00,sample053.mp4,,201.0,204.0,3.0,,,,,,,,,,,,,,,,,
sample053_0204.00_0207.00,sample053.mp4,,204.0,207.0,3.0,,,,,,,,,,,,,,,,,
sample053_0207.00_0210.00,sample053.mp4,,207.0,210.0,3.0,,,,,,,,,,,,,,,,,
sample053_0210.00_0213.00,sample053.mp4,,210.0,213.0,3.0,,,,,,,,,,,,,,,,,
sample053_0213.00_0214.40,sample053.mp4,,213.0,214.4,1.4,,,,,,,,,,,,,,,,,
sample054_0000.00_0003.00,sample054.mp4,,0.0,3.0,3.0,,,,,,,,,,,,,,,,,
sample054_0003.00_0006.00,sample054.mp4,,3.0,6.0,3.0,,,,,,,,,,,,,,,,,
sample054_0006.00_0009.00,sample054.mp4,,6.0,9.0,3.0,,,,,,,,,,,,,,,,,
sample054_0009.00_0012.00,sample054.mp4,,9.0,12.0,3.0,,,,,,,,,,,,,,,,,
sample054_0012.00_0015.00,sample054.mp4,,12.0,15.0,3.0,,,,,,,,,,,,,,,,,
sample054_0015.00_0018.00,sample054.mp4,,15.0,18.0,3.0,,,,,,,,,,,,,,,,,
sample054_0018.00_0021.00,sample054.mp4,,18.0,21.0,3.0,,,,,,,,,,,,,,,,,
sample054_0021.00_0024.00,sample054.mp4,,21.0,24.0,3.0,,,,,,,,,,,,,,,,,
sample054_0024.00_0027.00,sample054.mp4,,24.0,27.0,3.0,,,,,,,,,,,,,,,,,
sample054_0027.00_0030.00,sample054.mp4,,27.0,30.0,3.0,,,,,,,,,,,,,,,,,
sample054_0030.00_0033.00,sample054.mp4,,30.0,33.0,3.0,,,,,,,,,,,,,,,,,
sample054_0033.00_0036.00,sample054.mp4,,33.0,36.0,3.0,,,,,,,,,,,,,,,,,
sample054_0036.00_0039.00,sample054.mp4,,36.0,39.0,3.0,,,,,,,,,,,,,,,,,
sample054_0039.00_0042.00,sample054.mp4,,39.0,42.0,3.0,,,,,,,,,,,,,,,,,
sample054_0042.00_0045.00,sample054.mp4,,42.0,45.0,3.0,,,,,,,,,,,,,,,,,
sample054_0045.00_0048.00,sample054.mp4,,45.0,48.0,3.0,,,,,,,,,,,,,,,,,
sample054_0048.00_0051.00,sample054.mp4,,48.0,51.0,3.0,,,,,,,,,,,,,,,,,
sample054_0051.00_0054.00,sample054.mp4,,51.0,54.0,3.0,,,,,,,,,,,,,,,,,
sample054_0054.00_0057.00,sample054.mp4,,54.0,57.0,3.0,,,,,,,,,,,,,,,,,
sample054_0057.00_0060.00,sample054.mp4,,57.0,60.0,3.0,,,,,,,,,,,,,,,,,
sample054_0060.00_0063.00,sample054.mp4,,60.0,63.0,3.0,,,,,,,,,,,,,,,,,
sample054_0063.00_0066.00,sample054.mp4,,63.0,66.0,3.0,,,,,,,,,,,,,,,,,
sample054_0066.00_0069.00,sample054.mp4,,66.0,69.0,3.0,,,,,,,,,,,,,,,,,
sample054_0069.00_0072.00,sample054.mp4,,69.0,72.0,3.0,,,,,,,,,,,,,,,,,
sample054_0072.00_0075.00,sample054.mp4,,72.0,75.0,3.0,,,,,,,,,,,,,,,,,
sample054_0075.00_0078.00,sample054.mp4,,75.0,78.0,3.0,,,,,,,,,,,,,,,,,
sample054_0078.00_0081.00,sample054.mp4,,78.0,81.0,3.0,,,,,,,,,,,,,,,,,
sample054_0081.00_0084.00,sample054.mp4,,81.0,84.0,3.0,,,,,,,,,,,,,,,,,
sample054_0084.00_0087.00,sample054.mp4,,84.0,87.0,3.0,,,,,,,,,,,,,,,,,
sample054_0087.00_0090.00,sample054.mp4,,87.0,90.0,3.0,,,,,,,,,,,,,,,,,
sample054_0090.00_0093.00,sample054.mp4,,90.0,93.0,3.0,,,,,,,,,,,,,,,,,
sample054_0093.00_0096.00,sample054.mp4,,93.0,96.0,3.0,,,,,,,,,,,,,,,,,
sample054_0096.00_0099.00,sample054.mp4,,96.0,99.0,3.0,,,,,,,,,,,,,,,,,
sample054_0099.00_0102.00,sample054.mp4,,99.0,102.0,3.0,,,,,,,,,,,,,,,,,
sample054_0102.00_0105.00,sample054.mp4,,102.0,105.0,3.0,,,,,,,,,,,,,,,,,
sample054_0105.00_0108.00,sample054.mp4,,105.0,108.0,3.0,,,,,,,,,,,,,,,,,
sample054_0108.00_0111.00,sample054.mp4,,108.0,111.0,3.0,,,,,,,,,,,,,,,,,
sample054_0111.00_0114.00,sample054.mp4,,111.0,114.0,3.0,,,,,,,,,,,,,,,,,
sample054_0114.00_0117.00,sample054.mp4,,114.0,117.0,3.0,,,,,,,,,,,,,,,,,
sample054_0117.00_0120.00,sample054.mp4,,117.0,120.0,3.0,,,,,,,,,,,,,,,,,
sample054_0120.00_0123.00,sample054.mp4,,120.0,123.0,3.0,,,,,,,,,,,,,,,,,
sample054_0123.00_0126.00,sample054.mp4,,123.0,126.0,3.0,,,,,,,,,,,,,,,,,
sample054_0126.00_0129.00,sample054.mp4,,126.0,129.0,3.0,,,,,,,,,,,,,,,,,
sample054_0129.00_0132.00,sample054.mp4,,129.0,132.0,3.0,,,,,,,,,,,,,,,,,
sample054_0132.00_0135.00,sample054.mp4,,132.0,135.0,3.0,,,,,,,,,,,,,,,,,
sample054_0135.00_0138.00,sample054.mp4,,135.0,138.0,3.0,,,,,,,,,,,,,,,,,
sample054_0138.00_0141.00,sample054.mp4,,138.0,141.0,3.0,,,,,,,,,,,,,,,,,
sample054_0141.00_0144.00,sample054.mp4,,141.0,144.0,3.0,,,,,,,,,,,,,,,,,
sample054_0144.00_0147.00,sample054.mp4,,144.0,147.0,3.0,,,,,,,,,,,,,,,,,
sample054_0147.00_0150.00,sample054.mp4,,147.0,150.0,3.0,,,,,,,,,,,,,,,,,
sample054_0150.00_0153.00,sample054.mp4,,150.0,153.0,3.0,,,,,,,,,,,,,,,,,
sample054_0153.00_0156.00,sample054.mp4,,153.0,156.0,3.0,,,,,,,,,,,,,,,,,
sample054_0156.00_0159.00,sample054.mp4,,156.0,159.0,3.0,,,,,,,,,,,,,,,,,
sample054_0159.00_0162.00,sample054.mp4,,159.0,162.0,3.0,,,,,,,,,,,,,,,,,
sample054_0162.00_0165.00,sample054.mp4,,162.0,165.0,3.0,,,,,,,,,,,,,,,,,
sample054_0165.00_0168.00,sample054.mp4,,165.0,168.0,3.0,,,,,,,,,,,,,,,,,
sample054_0168.00_0171.00,sample054.mp4,,168.0,171.0,3.0,,,,,,,,,,,,,,,,,
sample054_0171.00_0174.00,sample054.mp4,,171.0,174.0,3.0,,,,,,,,,,,,,,,,,
sample054_0174.00_0177.00,sample054.mp4,,174.0,177.0,3.0,,,,,,,,,,,,,,,,,
sample054_0177.00_0180.00,sample054.mp4,,177.0,180.0,3.0,,,,,,,,,,,,,,,,,
sample054_0180.00_0183.00,sample054.mp4,,180.0,183.0,3.0,,,,,,,,,,,,,,,,,
sample054_0183.00_0186.00,sample054.mp4,,183.0,186.0,3.0,,,,,,,,,,,,,,,,,
sample054_0186.00_0189.00,sample054.mp4,,186.0,189.0,3.0,,,,,,,,,,,,,,,,,
sample054_0189.00_0192.00,sample054.mp4,,189.0,192.0,3.0,,,,,,,,,,,,,,,,,
sample054_0192.00_0195.00,sample054.mp4,,192.0,195.0,3.0,,,,,,,,,,,,,,,,,
sample054_0195.00_0198.00,sample054.mp4,,195.0,198.0,3.0,,,,,,,,,,,,,,,,,
sample054_0198.00_0201.00,sample054.mp4,,198.0,201.0,3.0,,,,,,,,,,,,,,,,,
sample054_0201.00_0204.00,sample054.mp4,,201.0,204.0,3.0,,,,,,,,,,,,,,,,,
sample054_0204.00_0207.00,sample054.mp4,,204.0,207.0,3.0,,,,,,,,,,,,,,,,,
sample054_0207.00_0210.00,sample054.mp4,,207.0,210.0,3.0,,,,,,,,,,,,,,,,,
sample054_0210.00_0213.00,sample054.mp4,,210.0,213.0,3.0,,,,,,,,,,,,,,,,,
sample054_0213.00_0216.00,sample054.mp4,,213.0,216.0,3.0,,,,,,,,,,,,,,,,,
sample054_0216.00_0219.00,sample054.mp4,,216.0,219.0,3.0,,,,,,,,,,,,,,,,,
sample054_0219.00_0222.00,sample054.mp4,,219.0,222.0,3.0,,,,,,,,,,,,,,,,,
sample054_0222.00_0225.00,sample054.mp4,,222.0,225.0,3.0,,,,,,,,,,,,,,,,,
sample054_0225.00_0228.00,sample054.mp4,,225.0,228.0,3.0,,,,,,,,,,,,,,,,,
sample054_0228.00_0231.00,sample054.mp4,,228.0,231.0,3.0,,,,,,,,,,,,,,,,,
sample054_0231.00_0234.00,sample054.mp4,,231.0,234.0,3.0,,,,,,,,,,,,,,,,,
sample054_0234.00_0237.00,sample054.mp4,,234.0,237.0,3.0,,,,,,,,,,,,,,,,,
sample054_0237.00_0240.00,sample054.mp4,,237.0,240.0,3.0,,,,,,,,,,,,,,,,,
sample054_0240.00_0243.00,sample054.mp4,,240.0,243.0,3.0,,,,,,,,,,,,,,,,,
sample054_0243.00_0246.00,sample054.mp4,,243.0,246.0,3.0,,,,,,,,,,,,,,,,,
sample054_0246.00_0249.00,sample054.mp4,,246.0,249.0,3.0,,,,,,,,,,,,,,,,,
sample054_0249.00_0252.00,sample054.mp4,,249.0,252.0,3.0,,,,,,,,,,,,,,,,,
sample054_0252.00_0255.00,sample054.mp4,,252.0,255.0,3.0,,,,,,,,,,,,,,,,,
sample054_0255.00_0258.00,sample054.mp4,,255.0,258.0,3.0,,,,,,,,,,,,,,,,,
sample054_0258.00_0261.00,sample054.mp4,,258.0,261.0,3.0,,,,,,,,,,,,,,,,,
sample054_0261.00_0264.00,sample054.mp4,,261.0,264.0,3.0,,,,,,,,,,,,,,,,,
sample054_0264.00_0267.00,sample054.mp4,,264.0,267.0,3.0,,,,,,,,,,,,,,,,,
sample054_0267.00_0270.00,sample054.mp4,,267.0,270.0,3.0,,,,,,,,,,,,,,,,,
sample054_0270.00_0273.00,sample054.mp4,,270.0,273.0,3.0,,,,,,,,,,,,,,,,,
sample054_0273.00_0276.00,sample054.mp4,,273.0,276.0,3.0,,,,,,,,,,,,,,,,,
sample054_0276.00_0279.00,sample054.mp4,,276.0,279.0,3.0,,,,,,,,,,,,,,,,,
sample054_0279.00_0282.00,sample054.mp4,,279.0,282.0,3.0,,,,,,,,,,,,,,,,,
sample054_0282.00_0285.00,sample054.mp4,,282.0,285.0,3.0,,,,,,,,,,,,,,,,,
sample054_0285.00_0285.76,sample054.mp4,,285.0,285.76,0.76,,,,,,,,,,,,,,,,,
sample055_0000.00_0003.00,sample055.mp4,,0.0,3.0,3.0,,,,,,,,,,,,,,,,,
sample055_0003.00_0006.00,sample055.mp4,,3.0,6.0,3.0,,,,,,,,,,,,,,,,,
sample055_0006.00_0009.00,sample055.mp4,,6.0,9.0,3.0,,,,,,,,,,,,,,,,,
sample055_0009.00_0012.00,sample055.mp4,,9.0,12.0,3.0,,,,,,,,,,,,,,,,,
sample055_0012.00_0015.00,sample055.mp4,,12.0,15.0,3.0,,,,,,,,,,,,,,,,,
sample055_0015.00_0018.00,sample055.mp4,,15.0,18.0,3.0,,,,,,,,,,,,,,,,,
sample055_0018.00_0021.00,sample055.mp4,,18.0,21.0,3.0,,,,,,,,,,,,,,,,,
sample055_0021.00_0024.00,sample055.mp4,,21.0,24.0,3.0,,,,,,,,,,,,,,,,,
sample055_0024.00_0027.00,sample055.mp4,,24.0,27.0,3.0,,,,,,,,,,,,,,,,,
sample055_0027.00_0030.00,sample055.mp4,,27.0,30.0,3.0,,,,,,,,,,,,,,,,,
sample055_0030.00_0033.00,sample055.mp4,,30.0,33.0,3.0,,,,,,,,,,,,,,,,,
sample055_0033.00_0036.00,sample055.mp4,,33.0,36.0,3.0,,,,,,,,,,,,,,,,,
sample055_0036.00_0039.00,sample055.mp4,,36.0,39.0,3.0,,,,,,,,,,,,,,,,,
sample055_0039.00_0042.00,sample055.mp4,,39.0,42.0,3.0,,,,,,,,,,,,,,,,,
sample055_0042.00_0045.00,sample055.mp4,,42.0,45.0,3.0,,,,,,,,,,,,,,,,,
sample055_0045.00_0048.00,sample055.mp4,,45.0,48.0,3.0,,,,,,,,,,,,,,,,,
sample055_0048.00_0051.00,sample055.mp4,,48.0,51.0,3.0,,,,,,,,,,,,,,,,,
sample055_0051.00_0054.00,sample055.mp4,,51.0,54.0,3.0,,,,,,,,,,,,,,,,,
sample055_0054.00_0057.00,sample055.mp4,,54.0,57.0,3.0,,,,,,,,,,,,,,,,,
sample055_0057.00_0060.00,sample055.mp4,,57.0,60.0,3.0,,,,,,,,,,,,,,,,,
sample055_0060.00_0063.00,sample055.mp4,,60.0,63.0,3.0,,,,,,,,,,,,,,,,,
sample055_0063.00_0066.00,sample055.mp4,,63.0,66.0,3.0,,,,,,,,,,,,,,,,,
sample055_0066.00_0069.00,sample055.mp4,,66.0,69.0,3.0,,,,,,,,,,,,,,,,,
sample055_0069.00_0072.00,sample055.mp4,,69.0,72.0,3.0,,,,,,,,,,,,,,,,,
sample055_0072.00_0075.00,sample055.mp4,,72.0,75.0,3.0,,,,,,,,,,,,,,,,,
sample055_0075.00_0078.00,sample055.mp4,,75.0,78.0,3.0,,,,,,,,,,,,,,,,,
sample055_0078.00_0081.00,sample055.mp4,,78.0,81.0,3.0,,,,,,,,,,,,,,,,,
sample055_0081.00_0084.00,sample055.mp4,,81.0,84.0,3.0,,,,,,,,,,,,,,,,,
sample055_0084.00_0087.00,sample055.mp4,,84.0,87.0,3.0,,,,,,,,,,,,,,,,,
sample055_0087.00_0090.00,sample055.mp4,,87.0,90.0,3.0,,,,,,,,,,,,,,,,,
sample055_0090.00_0093.00,sample055.mp4,,90.0,93.0,3.0,,,,,,,,,,,,,,,,,
sample055_0093.00_0096.00,sample055.mp4,,93.0,96.0,3.0,,,,,,,,,,,,,,,,,
sample055_0096.00_0099.00,sample055.mp4,,96.0,99.0,3.0,,,,,,,,,,,,,,,,,
sample055_0099.00_0102.00,sample055.mp4,,99.0,102.0,3.0,,,,,,,,,,,,,,,,,
sample055_0102.00_0105.00,sample055.mp4,,102.0,105.0,3.0,,,,,,,,,,,,,,,,,
sample055_0105.00_0108.00,sample055.mp4,,105.0,108.0,3.0,,,,,,,,,,,,,,,,,
sample055_0108.00_0111.00,sample055.mp4,,108.0,111.0,3.0,,,,,,,,,,,,,,,,,
sample055_0111.00_0114.00,sample055.mp4,,111.0,114.0,3.0,,,,,,,,,,,,,,,,,
sample055_0114.00_0117.00,sample055.mp4,,114.0,117.0,3.0,,,,,,,,,,,,,,,,,
sample055_0117.00_0120.00,sample055.mp4,,117.0,120.0,3.0,,,,,,,,,,,,,,,,,
sample055_0120.00_0123.00,sample055.mp4,,120.0,123.0,3.0,,,,,,,,,,,,,,,,,
sample055_0123.00_0126.00,sample055.mp4,,123.0,126.0,3.0,,,,,,,,,,,,,,,,,
sample055_0126.00_0129.00,sample055.mp4,,126.0,129.0,3.0,,,,,,,,,,,,,,,,,
sample055_0129.00_0132.00,sample055.mp4,,129.0,132.0,3.0,,,,,,,,,,,,,,,,,
sample055_0132.00_0135.00,sample055.mp4,,132.0,135.0,3.0,,,,,,,,,,,,,,,,,
sample055_0135.00_0138.00,sample055.mp4,,135.0,138.0,3.0,,,,,,,,,,,,,,,,,
sample055_0138.00_0141.00,sample055.mp4,,138.0,141.0,3.0,,,,,,,,,,,,,,,,,
sample055_0141.00_0144.00,sample055.mp4,,141.0,144.0,3.0,,,,,,,,,,,,,,,,,
sample055_0144.00_0147.00,sample055.mp4,,144.0,147.0,3.0,,,,,,,,,,,,,,,,,
sample055_0147.00_0150.00,sample055.mp4,,147.0,150.0,3.0,,,,,,,,,,,,,,,,,
sample055_0150.00_0153.00,sample055.mp4,,150.0,153.0,3.0,,,,,,,,,,,,,,,,,
sample055_0153.00_0156.00,sample055.mp4,,153.0,156.0,3.0,,,,,,,,,,,,,,,,,
sample055_0156.00_0159.00,sample055.mp4,,156.0,159.0,3.0,,,,,,,,,,,,,,,,,
sample055_0159.00_0162.00,sample055.mp4,,159.0,162.0,3.0,,,,,,,,,,,,,,,,,
sample055_0162.00_0165.00,sample055.mp4,,162.0,165.0,3.0,,,,,,,,,,,,,,,,,
sample055_0165.00_0168.00,sample055.mp4,,165.0,168.0,3.0,,,,,,,,,,,,,,,,,
sample055_0168.00_0171.00,sample055.mp4,,168.0,171.0,3.0,,,,,,,,,,,,,,,,,
sample055_0171.00_0174.00,sample055.mp4,,171.0,174.0,3.0,,,,,,,,,,,,,,,,,
sample055_0174.00_0177.00,sample055.mp4,,174.0,177.0,3.0,,,,,,,,,,,,,,,,,
sample055_0177.00_0180.00,sample055.mp4,,177.0,180.0,3.0,,,,,,,,,,,,,,,,,
sample055_0180.00_0183.00,sample055.mp4,,180.0,183.0,3.0,,,,,,,,,,,,,,,,,
sample055_0183.00_0186.00,sample055.mp4,,183.0,186.0,3.0,,,,,,,,,,,,,,,,,
sample055_0186.00_0189.00,sample055.mp4,,186.0,189.0,3.0,,,,,,,,,,,,,,,,,
sample055_0189.00_0192.00,sample055.mp4,,189.0,192.0,3.0,,,,,,,,,,,,,,,,,
sample055_0192.00_0195.00,sample055.mp4,,192.0,195.0,3.0,,,,,,,,,,,,,,,,,
sample055_0195.00_0198.00,sample055.mp4,,195.0,198.0,3.0,,,,,,,,,,,,,,,,,
sample055_0198.00_0201.00,sample055.mp4,,198.0,201.0,3.0,,,,,,,,,,,,,,,,,
sample055_0201.00_0204.00,sample055.mp4,,201.0,204.0,3.0,,,,,,,,,,,,,,,,,
sample055_0204.00_0207.00,sample055.mp4,,204.0,207.0,3.0,,,,,,,,,,,,,,,,,
sample055_0207.00_0210.00,sample055.mp4,,207.0,210.0,3.0,,,,,,,,,,,,,,,,,
sample055_0210.00_0213.00,sample055.mp4,,210.0,213.0,3.0,,,,,,,,,,,,,,,,,
sample055_0213.00_0216.00,sample055.mp4,,213.0,216.0,3.0,,,,,,,,,,,,,,,,,
sample055_0216.00_0219.00,sample055.mp4,,216.0,219.0,3.0,,,,,,,,,,,,,,,,,
sample055_0219.00_0222.00,sample055.mp4,,219.0,222.0,3.0,,,,,,,,,,,,,,,,,
sample055_0222.00_0225.00,sample055.mp4,,222.0,225.0,3.0,,,,,,,,,,,,,,,,,
sample055_0225.00_0228.00,sample055.mp4,,225.0,228.0,3.0,,,,,,,,,,,,,,,,,
sample055_0228.00_0231.00,sample055.mp4,,228.0,231.0,3.0,,,,,,,,,,,,,,,,,
sample055_0231.00_0234.00,sample055.mp4,,231.0,234.0,3.0,,,,,,,,,,,,,,,,,
sample055_0234.00_0237.00,sample055.mp4,,234.0,237.0,3.0,,,,,,,,,,,,,,,,,
sample055_0237.00_0240.00,sample055.mp4,,237.0,240.0,3.0,,,,,,,,,,,,,,,,,
sample055_0240.00_0243.00,sample055.mp4,,240.0,243.0,3.0,,,,,,,,,,,,,,,,,
sample055_0243.00_0246.00,sample055.mp4,,243.0,246.0,3.0,,,,,,,,,,,,,,,,,
sample055_0246.00_0249.00,sample055.mp4,,246.0,249.0,3.0,,,,,,,,,,,,,,,,,
sample055_0249.00_0252.00,sample055.mp4,,249.0,252.0,3.0,,,,,,,,,,,,,,,,,
sample055_0252.00_0255.00,sample055.mp4,,252.0,255.0,3.0,,,,,,,,,,,,,,,,,
sample055_0255.00_0258.00,sample055.mp4,,255.0,258.0,3.0,,,,,,,,,,,,,,,,,
sample055_0258.00_0261.00,sample055.mp4,,258.0,261.0,3.0,,,,,,,,,,,,,,,,,
sample055_0261.00_0264.00,sample055.mp4,,261.0,264.0,3.0,,,,,,,,,,,,,,,,,
sample055_0264.00_0267.00,sample055.mp4,,264.0,267.0,3.0,,,,,,,,,,,,,,,,,
sample055_0267.00_0270.00,sample055.mp4,,267.0,270.0,3.0,,,,,,,,,,,,,,,,,
sample055_0270.00_0273.00,sample055.mp4,,270.0,273.0,3.0,,,,,,,,,,,,,,,,,
sample055_0273.00_0276.00,sample055.mp4,,273.0,276.0,3.0,,,,,,,,,,,,,,,,,
sample055_0276.00_0279.00,sample055.mp4,,276.0,279.0,3.0,,,,,,,,,,,,,,,,,
sample055_0279.00_0282.00,sample055.mp4,,279.0,282.0,3.0,,,,,,,,,,,,,,,,,
sample055_0282.00_0283.37,sample055.mp4,,282.0,283.37,1.37,,,,,,,,,,,,,,,,,
sample056_0000.00_0003.00,sample056.mp4,,0.0,3.0,3.0,,,,,,,,,,,,,,,,,
sample056_0003.00_0006.00,sample056.mp4,,3.0,6.0,3.0,,,,,,,,,,,,,,,,,
sample056_0006.00_0009.00,sample056.mp4,,6.0,9.0,3.0,,,,,,,,,,,,,,,,,
sample056_0009.00_0012.00,sample056.mp4,,9.0,12.0,3.0,,,,,,,,,,,,,,,,,
sample056_0012.00_0015.00,sample056.mp4,,12.0,15.0,3.0,,,,,,,,,,,,,,,,,
sample056_0015.00_0018.00,sample056.mp4,,15.0,18.0,3.0,,,,,,,,,,,,,,,,,
sample056_0018.00_0021.00,sample056.mp4,,18.0,21.0,3.0,,,,,,,,,,,,,,,,,
sample056_0021.00_0024.00,sample056.mp4,,21.0,24.0,3.0,,,,,,,,,,,,,,,,,
sample056_0024.00_0027.00,sample056.mp4,,24.0,27.0,3.0,,,,,,,,,,,,,,,,,
sample056_0027.00_0030.00,sample056.mp4,,27.0,30.0,3.0,,,,,,,,,,,,,,,,,
sample056_0030.00_0033.00,sample056.mp4,,30.0,33.0,3.0,,,,,,,,,,,,,,,,,
sample056_0033.00_0036.00,sample056.mp4,,33.0,36.0,3.0,,,,,,,,,,,,,,,,,
sample056_0036.00_0039.00,sample056.mp4,,36.0,39.0,3.0,,,,,,,,,,,,,,,,,
sample056_0039.00_0042.00,sample056.mp4,,39.0,42.0,3.0,,,,,,,,,,,,,,,,,
sample056_0042.00_0045.00,sample056.mp4,,42.0,45.0,3.0,,,,,,,,,,,,,,,,,
sample056_0045.00_0048.00,sample056.mp4,,45.0,48.0,3.0,,,,,,,,,,,,,,,,,
sample056_0048.00_0051.00,sample056.mp4,,48.0,51.0,3.0,,,,,,,,,,,,,,,,,
sample056_0051.00_0054.00,sample056.mp4,,51.0,54.0,3.0,,,,,,,,,,,,,,,,,
sample056_0054.00_0057.00,sample056.mp4,,54.0,57.0,3.0,,,,,,,,,,,,,,,,,
sample056_0057.00_0060.00,sample056.mp4,,57.0,60.0,3.0,,,,,,,,,,,,,,,,,
sample056_0060.00_0063.00,sample056.mp4,,60.0,63.0,3.0,,,,,,,,,,,,,,,,,
sample056_0063.00_0066.00,sample056.mp4,,63.0,66.0,3.0,,,,,,,,,,,,,,,,,
sample056_0066.00_0069.00,sample056.mp4,,66.0,69.0,3.0,,,,,,,,,,,,,,,,,
sample056_0069.00_0072.00,sample056.mp4,,69.0,72.0,3.0,,,,,,,,,,,,,,,,,
sample056_0072.00_0075.00,sample056.mp4,,72.0,75.0,3.0,,,,,,,,,,,,,,,,,
sample056_0075.00_0078.00,sample056.mp4,,75.0,78.0,3.0,,,,,,,,,,,,,,,,,
sample056_0078.00_0081.00,sample056.mp4,,78.0,81.0,3.0,,,,,,,,,,,,,,,,,
sample056_0081.00_0084.00,sample056.mp4,,81.0,84.0,3.0,,,,,,,,,,,,,,,,,
sample056_0084.00_0087.00,sample056.mp4,,84.0,87.0,3.0,,,,,,,,,,,,,,,,,
sample056_0087.00_0090.00,sample056.mp4,,87.0,90.0,3.0,,,,,,,,,,,,,,,,,
sample056_0090.00_0093.00,sample056.mp4,,90.0,93.0,3.0,,,,,,,,,,,,,,,,,
sample056_0093.00_0096.00,sample056.mp4,,93.0,96.0,3.0,,,,,,,,,,,,,,,,,
sample056_0096.00_0099.00,sample056.mp4,,96.0,99.0,3.0,,,,,,,,,,,,,,,,,
sample056_0099.00_0102.00,sample056.mp4,,99.0,102.0,3.0,,,,,,,,,,,,,,,,,
sample056_0102.00_0105.00,sample056.mp4,,102.0,105.0,3.0,,,,,,,,,,,,,,,,,
sample056_0105.00_0108.00,sample056.mp4,,105.0,108.0,3.0,,,,,,,,,,,,,,,,,
sample056_0108.00_0111.00,sample056.mp4,,108.0,111.0,3.0,,,,,,,,,,,,,,,,,
sample056_0111.00_0114.00,sample056.mp4,,111.0,114.0,3.0,,,,,,,,,,,,,,,,,
sample056_0114.00_0117.00,sample056.mp4,,114.0,117.0,3.0,,,,,,,,,,,,,,,,,
sample056_0117.00_0120.00,sample056.mp4,,117.0,120.0,3.0,,,,,,,,,,,,,,,,,
sample056_0120.00_0123.00,sample056.mp4,,120.0,123.0,3.0,,,,,,,,,,,,,,,,,
sample056_0123.00_0126.00,sample056.mp4,,123.0,126.0,3.0,,,,,,,,,,,,,,,,,
sample056_0126.00_0129.00,sample056.mp4,,126.0,129.0,3.0,,,,,,,,,,,,,,,,,
sample056_0129.00_0132.00,sample056.mp4,,129.0,132.0,3.0,,,,,,,,,,,,,,,,,
sample056_0132.00_0135.00,sample056.mp4,,132.0,135.0,3.0,,,,,,,,,,,,,,,,,
sample056_0135.00_0138.00,sample056.mp4,,135.0,138.0,3.0,,,,,,,,,,,,,,,,,
sample056_0138.00_0141.00,sample056.mp4,,138.0,141.0,3.0,,,,,,,,,,,,,,,,,
sample056_0141.00_0144.00,sample056.mp4,,141.0,144.0,3.0,,,,,,,,,,,,,,,,,
sample056_0144.00_0147.00,sample056.mp4,,144.0,147.0,3.0,,,,,,,,,,,,,,,,,
sample056_0147.00_0150.00,sample056.mp4,,147.0,150.0,3.0,,,,,,,,,,,,,,,,,
sample056_0150.00_0153.00,sample056.mp4,,150.0,153.0,3.0,,,,,,,,,,,,,,,,,
sample056_0153.00_0156.00,sample056.mp4,,153.0,156.0,3.0,,,,,,,,,,,,,,,,,
sample056_0156.00_0159.00,sample056.mp4,,156.0,159.0,3.0,,,,,,,,,,,,,,,,,
sample056_0159.00_0162.00,sample056.mp4,,159.0,162.0,3.0,,,,,,,,,,,,,,,,,
sample056_0162.00_0165.00,sample056.mp4,,162.0,165.0,3.0,,,,,,,,,,,,,,,,,
sample056_0165.00_0168.00,sample056.mp4,,165.0,168.0,3.0,,,,,,,,,,,,,,,,,
sample056_0168.00_0171.00,sample056.mp4,,168.0,171.0,3.0,,,,,,,,,,,,,,,,,
sample056_0171.00_0174.00,sample056.mp4,,171.0,174.0,3.0,,,,,,,,,,,,,,,,,
sample056_0174.00_0177.00,sample056.mp4,,174.0,177.0,3.0,,,,,,,,,,,,,,,,,
sample056_0177.00_0180.00,sample056.mp4,,177.0,180.0,3.0,,,,,,,,,,,,,,,,,
sample056_0180.00_0183.00,sample056.mp4,,180.0,183.0,3.0,,,,,,,,,,,,,,,,,
sample056_0183.00_0186.00,sample056.mp4,,183.0,186.0,3.0,,,,,,,,,,,,,,,,,
sample056_0186.00_0189.00,sample056.mp4,,186.0,189.0,3.0,,,,,,,,,,,,,,,,,
sample056_0189.00_0192.00,sample056.mp4,,189.0,192.0,3.0,,,,,,,,,,,,,,,,,
sample056_0192.00_0195.00,sample056.mp4,,192.0,195.0,3.0,,,,,,,,,,,,,,,,,
sample056_0195.00_0198.00,sample056.mp4,,195.0,198.0,3.0,,,,,,,,,,,,,,,,,
sample056_0198.00_0201.00,sample056.mp4,,198.0,201.0,3.0,,,,,,,,,,,,,,,,,
sample056_0201.00_0204.00,sample056.mp4,,201.0,204.0,3.0,,,,,,,,,,,,,,,,,
sample056_0204.00_0207.00,sample056.mp4,,204.0,207.0,3.0,,,,,,,,,,,,,,,,,
sample056_0207.00_0210.00,sample056.mp4,,207.0,210.0,3.0,,,,,,,,,,,,,,,,,
sample056_0210.00_0213.00,sample056.mp4,,210.0,213.0,3.0,,,,,,,,,,,,,,,,,
sample056_0213.00_0216.00,sample056.mp4,,213.0,216.0,3.0,,,,,,,,,,,,,,,,,
sample056_0216.00_0219.00,sample056.mp4,,216.0,219.0,3.0,,,,,,,,,,,,,,,,,
sample056_0219.00_0222.00,sample056.mp4,,219.0,222.0,3.0,,,,,,,,,,,,,,,,,
sample056_0222.00_0225.00,sample056.mp4,,222.0,225.0,3.0,,,,,,,,,,,,,,,,,
sample056_0225.00_0228.00,sample056.mp4,,225.0,228.0,3.0,,,,,,,,,,,,,,,,,
sample056_0228.00_0231.00,sample056.mp4,,228.0,231.0,3.0,,,,,,,,,,,,,,,,,
sample056_0231.00_0234.00,sample056.mp4,,231.0,234.0,3.0,,,,,,,,,,,,,,,,,
sample056_0234.00_0237.00,sample056.mp4,,234.0,237.0,3.0,,,,,,,,,,,,,,,,,
sample056_0237.00_0240.00,sample056.mp4,,237.0,240.0,3.0,,,,,,,,,,,,,,,,,
sample056_0240.00_0243.00,sample056.mp4,,240.0,243.0,3.0,,,,,,,,,,,,,,,,,
sample056_0243.00_0246.00,sample056.mp4,,243.0,246.0,3.0,,,,,,,,,,,,,,,,,
sample056_0246.00_0249.00,sample056.mp4,,246.0,249.0,3.0,,,,,,,,,,,,,,,,,
sample056_0249.00_0252.00,sample056.mp4,,249.0,252.0,3.0,,,,,,,,,,,,,,,,,
sample056_0252.00_0255.00,sample056.mp4,,252.0,255.0,3.0,,,,,,,,,,,,,,,,,
sample056_0255.00_0258.00,sample056.mp4,,255.0,258.0,3.0,,,,,,,,,,,,,,,,,
sample056_0258.00_0261.00,sample056.mp4,,258.0,261.0,3.0,,,,,,,,,,,,,,,,,
sample056_0261.00_0264.00,sample056.mp4,,261.0,264.0,3.0,,,,,,,,,,,,,,,,,
sample056_0264.00_0267.00,sample056.mp4,,264.0,267.0,3.0,,,,,,,,,,,,,,,,,
sample056_0267.00_0270.00,sample056.mp4,,267.0,270.0,3.0,,,,,,,,,,,,,,,,,
sample056_0270.00_0270.47,sample056.mp4,,270.0,270.47,0.47,,,,,,,,,,,,,,,,,
sample057_0000.00_0003.00,sample057.mp4,,0.0,3.0,3.0,,,,,,,,,,,,,,,,,
sample057_0003.00_0006.00,sample057.mp4,,3.0,6.0,3.0,,,,,,,,,,,,,,,,,
sample057_0006.00_0009.00,sample057.mp4,,6.0,9.0,3.0,,,,,,,,,,,,,,,,,
sample057_0009.00_0012.00,sample057.mp4,,9.0,12.0,3.0,,,,,,,,,,,,,,,,,
sample057_0012.00_0015.00,sample057.mp4,,12.0,15.0,3.0,,,,,,,,,,,,,,,,,
sample057_0015.00_0018.00,sample057.mp4,,15.0,18.0,3.0,,,,,,,,,,,,,,,,,
sample057_0018.00_0021.00,sample057.mp4,,18.0,21.0,3.0,,,,,,,,,,,,,,,,,
sample057_0021.00_0024.00,sample057.mp4,,21.0,24.0,3.0,,,,,,,,,,,,,,,,,
sample057_0024.00_0027.00,sample057.mp4,,24.0,27.0,3.0,,,,,,,,,,,,,,,,,
sample057_0027.00_0030.00,sample057.mp4,,27.0,30.0,3.0,,,,,,,,,,,,,,,,,
sample057_0030.00_0033.00,sample057.mp4,,30.0,33.0,3.0,,,,,,,,,,,,,,,,,
sample057_0033.00_0036.00,sample057.mp4,,33.0,36.0,3.0,,,,,,,,,,,,,,,,,
sample057_0036.00_0039.00,sample057.mp4,,36.0,39.0,3.0,,,,,,,,,,,,,,,,,
sample057_0039.00_0042.00,sample057.mp4,,39.0,42.0,3.0,,,,,,,,,,,,,,,,,
sample057_0042.00_0045.00,sample057.mp4,,42.0,45.0,3.0,,,,,,,,,,,,,,,,,
sample057_0045.00_0048.00,sample057.mp4,,45.0,48.0,3.0,,,,,,,,,,,,,,,,,
sample057_0048.00_0051.00,sample057.mp4,,48.0,51.0,3.0,,,,,,,,,,,,,,,,,
sample057_0051.00_0054.00,sample057.mp4,,51.0,54.0,3.0,,,,,,,,,,,,,,,,,
sample057_0054.00_0057.00,sample057.mp4,,54.0,57.0,3.0,,,,,,,,,,,,,,,,,
sample057_0057.00_0060.00,sample057.mp4,,57.0,60.0,3.0,,,,,,,,,,,,,,,,,
sample057_0060.00_0063.00,sample057.mp4,,60.0,63.0,3.0,,,,,,,,,,,,,,,,,
sample057_0063.00_0066.00,sample057.mp4,,63.0,66.0,3.0,,,,,,,,,,,,,,,,,
sample057_0066.00_0069.00,sample057.mp4,,66.0,69.0,3.0,,,,,,,,,,,,,,,,,
sample057_0069.00_0072.00,sample057.mp4,,69.0,72.0,3.0,,,,,,,,,,,,,,,,,
sample057_0072.00_0075.00,sample057.mp4,,72.0,75.0,3.0,,,,,,,,,,,,,,,,,
sample057_0075.00_0078.00,sample057.mp4,,75.0,78.0,3.0,,,,,,,,,,,,,,,,,
sample057_0078.00_0081.00,sample057.mp4,,78.0,81.0,3.0,,,,,,,,,,,,,,,,,
sample057_0081.00_0084.00,sample057.mp4,,81.0,84.0,3.0,,,,,,,,,,,,,,,,,
sample057_0084.00_0087.00,sample057.mp4,,84.0,87.0,3.0,,,,,,,,,,,,,,,,,
sample057_0087.00_0090.00,sample057.mp4,,87.0,90.0,3.0,,,,,,,,,,,,,,,,,
sample057_0090.00_0093.00,sample057.mp4,,90.0,93.0,3.0,,,,,,,,,,,,,,,,,
sample057_0093.00_0096.00,sample057.mp4,,93.0,96.0,3.0,,,,,,,,,,,,,,,,,
sample057_0096.00_0099.00,sample057.mp4,,96.0,99.0,3.0,,,,,,,,,,,,,,,,,
sample057_0099.00_0102.00,sample057.mp4,,99.0,102.0,3.0,,,,,,,,,,,,,,,,,
sample057_0102.00_0105.00,sample057.mp4,,102.0,105.0,3.0,,,,,,,,,,,,,,,,,
sample057_0105.00_0108.00,sample057.mp4,,105.0,108.0,3.0,,,,,,,,,,,,,,,,,
sample057_0108.00_0111.00,sample057.mp4,,108.0,111.0,3.0,,,,,,,,,,,,,,,,,
sample057_0111.00_0114.00,sample057.mp4,,111.0,114.0,3.0,,,,,,,,,,,,,,,,,
sample057_0114.00_0117.00,sample057.mp4,,114.0,117.0,3.0,,,,,,,,,,,,,,,,,
sample057_0117.00_0120.00,sample057.mp4,,117.0,120.0,3.0,,,,,,,,,,,,,,,,,
sample057_0120.00_0123.00,sample057.mp4,,120.0,123.0,3.0,,,,,,,,,,,,,,,,,
sample057_0123.00_0126.00,sample057.mp4,,123.0,126.0,3.0,,,,,,,,,,,,,,,,,
sample057_0126.00_0129.00,sample057.mp4,,126.0,129.0,3.0,,,,,,,,,,,,,,,,,
sample057_0129.00_0132.00,sample057.mp4,,129.0,132.0,3.0,,,,,,,,,,,,,,,,,
sample057_0132.00_0135.00,sample057.mp4,,132.0,135.0,3.0,,,,,,,,,,,,,,,,,
sample057_0135.00_0138.00,sample057.mp4,,135.0,138.0,3.0,,,,,,,,,,,,,,,,,
sample057_0138.00_0141.00,sample057.mp4,,138.0,141.0,3.0,,,,,,,,,,,,,,,,,
sample057_0141.00_0144.00,sample057.mp4,,141.0,144.0,3.0,,,,,,,,,,,,,,,,,
sample057_0144.00_0147.00,sample057.mp4,,144.0,147.0,3.0,,,,,,,,,,,,,,,,,
sample057_0147.00_0150.00,sample057.mp4,,147.0,150.0,3.0,,,,,,,,,,,,,,,,,
sample057_0150.00_0153.00,sample057.mp4,,150.0,153.0,3.0,,,,,,,,,,,,,,,,,
sample057_0153.00_0156.00,sample057.mp4,,153.0,156.0,3.0,,,,,,,,,,,,,,,,,
sample057_0156.00_0159.00,sample057.mp4,,156.0,159.0,3.0,,,,,,,,,,,,,,,,,
sample057_0159.00_0162.00,sample057.mp4,,159.0,162.0,3.0,,,,,,,,,,,,,,,,,
sample057_0162.00_0165.00,sample057.mp4,,162.0,165.0,3.0,,,,,,,,,,,,,,,,,
sample057_0165.00_0168.00,sample057.mp4,,165.0,168.0,3.0,,,,,,,,,,,,,,,,,
sample057_0168.00_0171.00,sample057.mp4,,168.0,171.0,3.0,,,,,,,,,,,,,,,,,
sample057_0171.00_0174.00,sample057.mp4,,171.0,174.0,3.0,,,,,,,,,,,,,,,,,
sample057_0174.00_0177.00,sample057.mp4,,174.0,177.0,3.0,,,,,,,,,,,,,,,,,
sample057_0177.00_0180.00,sample057.mp4,,177.0,180.0,3.0,,,,,,,,,,,,,,,,,
sample057_0180.00_0183.00,sample057.mp4,,180.0,183.0,3.0,,,,,,,,,,,,,,,,,
sample057_0183.00_0186.00,sample057.mp4,,183.0,186.0,3.0,,,,,,,,,,,,,,,,,
sample057_0186.00_0189.00,sample057.mp4,,186.0,189.0,3.0,,,,,,,,,,,,,,,,,
sample057_0189.00_0192.00,sample057.mp4,,189.0,192.0,3.0,,,,,,,,,,,,,,,,,
sample057_0192.00_0195.00,sample057.mp4,,192.0,195.0,3.0,,,,,,,,,,,,,,,,,
sample057_0195.00_0198.00,sample057.mp4,,195.0,198.0,3.0,,,,,,,,,,,,,,,,,
sample057_0198.00_0201.00,sample057.mp4,,198.0,201.0,3.0,,,,,,,,,,,,,,,,,
sample057_0201.00_0201.73,sample057.mp4,,201.0,201.73,0.73,,,,,,,,,,,,,,,,,
sample058_0000.00_0003.00,sample058.mp4,,0.0,3.0,3.0,,,,,,,,,,,,,,,,,
sample058_0003.00_0006.00,sample058.mp4,,3.0,6.0,3.0,,,,,,,,,,,,,,,,,
sample058_0006.00_0009.00,sample058.mp4,,6.0,9.0,3.0,,,,,,,,,,,,,,,,,
sample058_0009.00_0012.00,sample058.mp4,,9.0,12.0,3.0,,,,,,,,,,,,,,,,,
sample058_0012.00_0015.00,sample058.mp4,,12.0,15.0,3.0,,,,,,,,,,,,,,,,,
sample058_0015.00_0018.00,sample058.mp4,,15.0,18.0,3.0,,,,,,,,,,,,,,,,,
sample058_0018.00_0021.00,sample058.mp4,,18.0,21.0,3.0,,,,,,,,,,,,,,,,,
sample058_0021.00_0024.00,sample058.mp4,,21.0,24.0,3.0,,,,,,,,,,,,,,,,,
sample058_0024.00_0027.00,sample058.mp4,,24.0,27.0,3.0,,,,,,,,,,,,,,,,,
sample058_0027.00_0030.00,sample058.mp4,,27.0,30.0,3.0,,,,,,,,,,,,,,,,,
sample058_0030.00_0033.00,sample058.mp4,,30.0,33.0,3.0,,,,,,,,,,,,,,,,,
sample058_0033.00_0036.00,sample058.mp4,,33.0,36.0,3.0,,,,,,,,,,,,,,,,,
sample058_0036.00_0039.00,sample058.mp4,,36.0,39.0,3.0,,,,,,,,,,,,,,,,,
sample058_0039.00_0042.00,sample058.mp4,,39.0,42.0,3.0,,,,,,,,,,,,,,,,,
sample058_0042.00_0045.00,sample058.mp4,,42.0,45.0,3.0,,,,,,,,,,,,,,,,,
sample058_0045.00_0048.00,sample058.mp4,,45.0,48.0,3.0,,,,,,,,,,,,,,,,,
sample058_0048.00_0051.00,sample058.mp4,,48.0,51.0,3.0,,,,,,,,,,,,,,,,,
sample058_0051.00_0054.00,sample058.mp4,,51.0,54.0,3.0,,,,,,,,,,,,,,,,,
sample058_0054.00_0057.00,sample058.mp4,,54.0,57.0,3.0,,,,,,,,,,,,,,,,,
sample058_0057.00_0060.00,sample058.mp4,,57.0,60.0,3.0,,,,,,,,,,,,,,,,,
sample058_0060.00_0063.00,sample058.mp4,,60.0,63.0,3.0,,,,,,,,,,,,,,,,,
sample058_0063.00_0066.00,sample058.mp4,,63.0,66.0,3.0,,,,,,,,,,,,,,,,,
sample058_0066.00_0069.00,sample058.mp4,,66.0,69.0,3.0,,,,,,,,,,,,,,,,,
sample058_0069.00_0072.00,sample058.mp4,,69.0,72.0,3.0,,,,,,,,,,,,,,,,,
sample058_0072.00_0075.00,sample058.mp4,,72.0,75.0,3.0,,,,,,,,,,,,,,,,,
sample058_0075.00_0078.00,sample058.mp4,,75.0,78.0,3.0,,,,,,,,,,,,,,,,,
sample058_0078.00_0081.00,sample058.mp4,,78.0,81.0,3.0,,,,,,,,,,,,,,,,,
sample058_0081.00_0084.00,sample058.mp4,,81.0,84.0,3.0,,,,,,,,,,,,,,,,,
sample058_0084.00_0087.00,sample058.mp4,,84.0,87.0,3.0,,,,,,,,,,,,,,,,,
sample058_0087.00_0090.00,sample058.mp4,,87.0,90.0,3.0,,,,,,,,,,,,,,,,,
sample058_0090.00_0093.00,sample058.mp4,,90.0,93.0,3.0,,,,,,,,,,,,,,,,,
sample058_0093.00_0096.00,sample058.mp4,,93.0,96.0,3.0,,,,,,,,,,,,,,,,,
sample058_0096.00_0099.00,sample058.mp4,,96.0,99.0,3.0,,,,,,,,,,,,,,,,,
sample058_0099.00_0102.00,sample058.mp4,,99.0,102.0,3.0,,,,,,,,,,,,,,,,,
sample058_0102.00_0105.00,sample058.mp4,,102.0,105.0,3.0,,,,,,,,,,,,,,,,,
sample058_0105.00_0108.00,sample058.mp4,,105.0,108.0,3.0,,,,,,,,,,,,,,,,,
sample058_0108.00_0111.00,sample058.mp4,,108.0,111.0,3.0,,,,,,,,,,,,,,,,,
sample058_0111.00_0114.00,sample058.mp4,,111.0,114.0,3.0,,,,,,,,,,,,,,,,,
sample058_0114.00_0117.00,sample058.mp4,,114.0,117.0,3.0,,,,,,,,,,,,,,,,,
sample058_0117.00_0120.00,sample058.mp4,,117.0,120.0,3.0,,,,,,,,,,,,,,,,,
sample058_0120.00_0123.00,sample058.mp4,,120.0,123.0,3.0,,,,,,,,,,,,,,,,,
sample058_0123.00_0126.00,sample058.mp4,,123.0,126.0,3.0,,,,,,,,,,,,,,,,,
sample058_0126.00_0129.00,sample058.mp4,,126.0,129.0,3.0,,,,,,,,,,,,,,,,,
sample058_0129.00_0132.00,sample058.mp4,,129.0,132.0,3.0,,,,,,,,,,,,,,,,,
sample058_0132.00_0135.00,sample058.mp4,,132.0,135.0,3.0,,,,,,,,,,,,,,,,,
sample058_0135.00_0138.00,sample058.mp4,,135.0,138.0,3.0,,,,,,,,,,,,,,,,,
sample058_0138.00_0141.00,sample058.mp4,,138.0,141.0,3.0,,,,,,,,,,,,,,,,,
sample058_0141.00_0144.00,sample058.mp4,,141.0,144.0,3.0,,,,,,,,,,,,,,,,,
sample058_0144.00_0147.00,sample058.mp4,,144.0,147.0,3.0,,,,,,,,,,,,,,,,,
sample058_0147.00_0150.00,sample058.mp4,,147.0,150.0,3.0,,,,,,,,,,,,,,,,,
sample058_0150.00_0153.00,sample058.mp4,,150.0,153.0,3.0,,,,,,,,,,,,,,,,,
sample058_0153.00_0156.00,sample058.mp4,,153.0,156.0,3.0,,,,,,,,,,,,,,,,,
sample058_0156.00_0159.00,sample058.mp4,,156.0,159.0,3.0,,,,,,,,,,,,,,,,,
sample058_0159.00_0162.00,sample058.mp4,,159.0,162.0,3.0,,,,,,,,,,,,,,,,,
sample058_0162.00_0165.00,sample058.mp4,,162.0,165.0,3.0,,,,,,,,,,,,,,,,,
sample058_0165.00_0168.00,sample058.mp4,,165.0,168.0,3.0,,,,,,,,,,,,,,,,,
sample058_0168.00_0171.00,sample058.mp4,,168.0,171.0,3.0,,,,,,,,,,,,,,,,,
sample058_0171.00_0174.00,sample058.mp4,,171.0,174.0,3.0,,,,,,,,,,,,,,,,,
sample058_0174.00_0177.00,sample058.mp4,,174.0,177.0,3.0,,,,,,,,,,,,,,,,,
sample058_0177.00_0180.00,sample058.mp4,,177.0,180.0,3.0,,,,,,,,,,,,,,,,,
sample058_0180.00_0183.00,sample058.mp4,,180.0,183.0,3.0,,,,,,,,,,,,,,,,,
sample058_0183.00_0186.00,sample058.mp4,,183.0,186.0,3.0,,,,,,,,,,,,,,,,,
sample058_0186.00_0189.00,sample058.mp4,,186.0,189.0,3.0,,,,,,,,,,,,,,,,,
sample058_0189.00_0192.00,sample058.mp4,,189.0,192.0,3.0,,,,,,,,,,,,,,,,,
sample058_0192.00_0195.00,sample058.mp4,,192.0,195.0,3.0,,,,,,,,,,,,,,,,,
sample058_0195.00_0198.00,sample058.mp4,,195.0,198.0,3.0,,,,,,,,,,,,,,,,,
sample058_0198.00_0201.00,sample058.mp4,,198.0,201.0,3.0,,,,,,,,,,,,,,,,,
sample058_0201.00_0204.00,sample058.mp4,,201.0,204.0,3.0,,,,,,,,,,,,,,,,,
sample058_0204.00_0207.00,sample058.mp4,,204.0,207.0,3.0,,,,,,,,,,,,,,,,,
sample058_0207.00_0210.00,sample058.mp4,,207.0,210.0,3.0,,,,,,,,,,,,,,,,,
sample058_0210.00_0213.00,sample058.mp4,,210.0,213.0,3.0,,,,,,,,,,,,,,,,,
sample058_0213.00_0216.00,sample058.mp4,,213.0,216.0,3.0,,,,,,,,,,,,,,,,,
sample058_0216.00_0219.00,sample058.mp4,,216.0,219.0,3.0,,,,,,,,,,,,,,,,,
sample058_0219.00_0222.00,sample058.mp4,,219.0,222.0,3.0,,,,,,,,,,,,,,,,,
sample058_0222.00_0225.00,sample058.mp4,,222.0,225.0,3.0,,,,,,,,,,,,,,,,,
sample058_0225.00_0228.00,sample058.mp4,,225.0,228.0,3.0,,,,,,,,,,,,,,,,,
sample058_0228.00_0231.00,sample058.mp4,,228.0,231.0,3.0,,,,,,,,,,,,,,,,,
sample058_0231.00_0234.00,sample058.mp4,,231.0,234.0,3.0,,,,,,,,,,,,,,,,,
sample058_0234.00_0237.00,sample058.mp4,,234.0,237.0,3.0,,,,,,,,,,,,,,,,,
sample058_0237.00_0240.00,sample058.mp4,,237.0,240.0,3.0,,,,,,,,,,,,,,,,,
sample058_0240.00_0243.00,sample058.mp4,,240.0,243.0,3.0,,,,,,,,,,,,,,,,,
sample058_0243.00_0246.00,sample058.mp4,,243.0,246.0,3.0,,,,,,,,,,,,,,,,,
sample058_0246.00_0248.47,sample058.mp4,,246.0,248.47,2.47,,,,,,,,,,,,,,,,,
sample059_0000.00_0003.00,sample059.mp4,,0.0,3.0,3.0,,,,,,,,,,,,,,,,,
sample059_0003.00_0006.00,sample059.mp4,,3.0,6.0,3.0,,,,,,,,,,,,,,,,,
sample059_0006.00_0009.00,sample059.mp4,,6.0,9.0,3.0,,,,,,,,,,,,,,,,,
sample059_0009.00_0012.00,sample059.mp4,,9.0,12.0,3.0,,,,,,,,,,,,,,,,,
sample059_0012.00_0015.00,sample059.mp4,,12.0,15.0,3.0,,,,,,,,,,,,,,,,,
sample059_0015.00_0018.00,sample059.mp4,,15.0,18.0,3.0,,,,,,,,,,,,,,,,,
sample059_0018.00_0021.00,sample059.mp4,,18.0,21.0,3.0,,,,,,,,,,,,,,,,,
sample059_0021.00_0024.00,sample059.mp4,,21.0,24.0,3.0,,,,,,,,,,,,,,,,,
sample059_0024.00_0027.00,sample059.mp4,,24.0,27.0,3.0,,,,,,,,,,,,,,,,,
sample059_0027.00_0030.00,sample059.mp4,,27.0,30.0,3.0,,,,,,,,,,,,,,,,,
sample059_0030.00_0033.00,sample059.mp4,,30.0,33.0,3.0,,,,,,,,,,,,,,,,,
sample059_0033.00_0036.00,sample059.mp4,,33.0,36.0,3.0,,,,,,,,,,,,,,,,,
sample059_0036.00_0039.00,sample059.mp4,,36.0,39.0,3.0,,,,,,,,,,,,,,,,,
sample059_0039.00_0042.00,sample059.mp4,,39.0,42.0,3.0,,,,,,,,,,,,,,,,,
sample059_0042.00_0045.00,sample059.mp4,,42.0,45.0,3.0,,,,,,,,,,,,,,,,,
sample059_0045.00_0048.00,sample059.mp4,,45.0,48.0,3.0,,,,,,,,,,,,,,,,,
sample059_0048.00_0051.00,sample059.mp4,,48.0,51.0,3.0,,,,,,,,,,,,,,,,,
sample059_0051.00_0054.00,sample059.mp4,,51.0,54.0,3.0,,,,,,,,,,,,,,,,,
sample059_0054.00_0057.00,sample059.mp4,,54.0,57.0,3.0,,,,,,,,,,,,,,,,,
sample059_0057.00_0060.00,sample059.mp4,,57.0,60.0,3.0,,,,,,,,,,,,,,,,,
sample059_0060.00_0063.00,sample059.mp4,,60.0,63.0,3.0,,,,,,,,,,,,,,,,,
sample059_0063.00_0066.00,sample059.mp4,,63.0,66.0,3.0,,,,,,,,,,,,,,,,,
sample059_0066.00_0069.00,sample059.mp4,,66.0,69.0,3.0,,,,,,,,,,,,,,,,,
sample059_0069.00_0072.00,sample059.mp4,,69.0,72.0,3.0,,,,,,,,,,,,,,,,,
sample059_0072.00_0075.00,sample059.mp4,,72.0,75.0,3.0,,,,,,,,,,,,,,,,,
sample059_0075.00_0078.00,sample059.mp4,,75.0,78.0,3.0,,,,,,,,,,,,,,,,,
sample059_0078.00_0081.00,sample059.mp4,,78.0,81.0,3.0,,,,,,,,,,,,,,,,,
sample059_0081.00_0084.00,sample059.mp4,,81.0,84.0,3.0,,,,,,,,,,,,,,,,,
sample059_0084.00_0087.00,sample059.mp4,,84.0,87.0,3.0,,,,,,,,,,,,,,,,,
sample059_0087.00_0090.00,sample059.mp4,,87.0,90.0,3.0,,,,,,,,,,,,,,,,,
sample059_0090.00_0093.00,sample059.mp4,,90.0,93.0,3.0,,,,,,,,,,,,,,,,,
sample059_0093.00_0096.00,sample059.mp4,,93.0,96.0,3.0,,,,,,,,,,,,,,,,,
sample059_0096.00_0099.00,sample059.mp4,,96.0,99.0,3.0,,,,,,,,,,,,,,,,,
sample059_0099.00_0102.00,sample059.mp4,,99.0,102.0,3.0,,,,,,,,,,,,,,,,,
sample059_0102.00_0105.00,sample059.mp4,,102.0,105.0,3.0,,,,,,,,,,,,,,,,,
sample059_0105.00_0108.00,sample059.mp4,,105.0,108.0,3.0,,,,,,,,,,,,,,,,,
sample059_0108.00_0111.00,sample059.mp4,,108.0,111.0,3.0,,,,,,,,,,,,,,,,,
sample059_0111.00_0114.00,sample059.mp4,,111.0,114.0,3.0,,,,,,,,,,,,,,,,,
sample059_0114.00_0117.00,sample059.mp4,,114.0,117.0,3.0,,,,,,,,,,,,,,,,,
sample059_0117.00_0120.00,sample059.mp4,,117.0,120.0,3.0,,,,,,,,,,,,,,,,,
sample059_0120.00_0123.00,sample059.mp4,,120.0,123.0,3.0,,,,,,,,,,,,,,,,,
sample059_0123.00_0126.00,sample059.mp4,,123.0,126.0,3.0,,,,,,,,,,,,,,,,,
sample059_0126.00_0129.00,sample059.mp4,,126.0,129.0,3.0,,,,,,,,,,,,,,,,,
sample059_0129.00_0132.00,sample059.mp4,,129.0,132.0,3.0,,,,,,,,,,,,,,,,,
sample059_0132.00_0135.00,sample059.mp4,,132.0,135.0,3.0,,,,,,,,,,,,,,,,,
sample059_0135.00_0138.00,sample059.mp4,,135.0,138.0,3.0,,,,,,,,,,,,,,,,,
sample059_0138.00_0141.00,sample059.mp4,,138.0,141.0,3.0,,,,,,,,,,,,,,,,,
sample059_0141.00_0144.00,sample059.mp4,,141.0,144.0,3.0,,,,,,,,,,,,,,,,,
sample059_0144.00_0147.00,sample059.mp4,,144.0,147.0,3.0,,,,,,,,,,,,,,,,,
sample059_0147.00_0150.00,sample059.mp4,,147.0,150.0,3.0,,,,,,,,,,,,,,,,,
sample059_0150.00_0153.00,sample059.mp4,,150.0,153.0,3.0,,,,,,,,,,,,,,,,,
sample059_0153.00_0156.00,sample059.mp4,,153.0,156.0,3.0,,,,,,,,,,,,,,,,,
sample059_0156.00_0159.00,sample059.mp4,,156.0,159.0,3.0,,,,,,,,,,,,,,,,,
sample059_0159.00_0162.00,sample059.mp4,,159.0,162.0,3.0,,,,,,,,,,,,,,,,,
sample059_0162.00_0165.00,sample059.mp4,,162.0,165.0,3.0,,,,,,,,,,,,,,,,,
sample059_0165.00_0168.00,sample059.mp4,,165.0,168.0,3.0,,,,,,,,,,,,,,,,,
sample059_0168.00_0171.00,sample059.mp4,,168.0,171.0,3.0,,,,,,,,,,,,,,,,,
sample059_0171.00_0174.00,sample059.mp4,,171.0,174.0,3.0,,,,,,,,,,,,,,,,,
sample059_0174.00_0177.00,sample059.mp4,,174.0,177.0,3.0,,,,,,,,,,,,,,,,,
sample059_0177.00_0180.00,sample059.mp4,,177.0,180.0,3.0,,,,,,,,,,,,,,,,,
sample059_0180.00_0183.00,sample059.mp4,,180.0,183.0,3.0,,,,,,,,,,,,,,,,,
sample059_0183.00_0186.00,sample059.mp4,,183.0,186.0,3.0,,,,,,,,,,,,,,,,,
sample059_0186.00_0189.00,sample059.mp4,,186.0,189.0,3.0,,,,,,,,,,,,,,,,,
sample059_0189.00_0192.00,sample059.mp4,,189.0,192.0,3.0,,,,,,,,,,,,,,,,,
sample059_0192.00_0192.80,sample059.mp4,,192.0,192.8,0.8,,,,,,,,,,,,,,,,,
sample060_0000.00_0003.00,sample060.mp4,,0.0,3.0,3.0,,,,,,,,,,,,,,,,,
sample060_0003.00_0006.00,sample060.mp4,,3.0,6.0,3.0,,,,,,,,,,,,,,,,,
sample060_0006.00_0009.00,sample060.mp4,,6.0,9.0,3.0,,,,,,,,,,,,,,,,,
sample060_0009.00_0012.00,sample060.mp4,,9.0,12.0,3.0,,,,,,,,,,,,,,,,,
sample060_0012.00_0015.00,sample060.mp4,,12.0,15.0,3.0,,,,,,,,,,,,,,,,,
sample060_0015.00_0018.00,sample060.mp4,,15.0,18.0,3.0,,,,,,,,,,,,,,,,,
sample060_0018.00_0021.00,sample060.mp4,,18.0,21.0,3.0,,,,,,,,,,,,,,,,,
sample060_0021.00_0024.00,sample060.mp4,,21.0,24.0,3.0,,,,,,,,,,,,,,,,,
sample060_0024.00_0027.00,sample060.mp4,,24.0,27.0,3.0,,,,,,,,,,,,,,,,,
sample060_0027.00_0030.00,sample060.mp4,,27.0,30.0,3.0,,,,,,,,,,,,,,,,,
sample060_0030.00_0033.00,sample060.mp4,,30.0,33.0,3.0,,,,,,,,,,,,,,,,,
sample060_0033.00_0036.00,sample060.mp4,,33.0,36.0,3.0,,,,,,,,,,,,,,,,,
sample060_0036.00_0039.00,sample060.mp4,,36.0,39.0,3.0,,,,,,,,,,,,,,,,,
sample060_0039.00_0042.00,sample060.mp4,,39.0,42.0,3.0,,,,,,,,,,,,,,,,,
sample060_0042.00_0045.00,sample060.mp4,,42.0,45.0,3.0,,,,,,,,,,,,,,,,,
sample060_0045.00_0048.00,sample060.mp4,,45.0,48.0,3.0,,,,,,,,,,,,,,,,,
sample060_0048.00_0051.00,sample060.mp4,,48.0,51.0,3.0,,,,,,,,,,,,,,,,,
sample060_0051.00_0054.00,sample060.mp4,,51.0,54.0,3.0,,,,,,,,,,,,,,,,,
sample060_0054.00_0057.00,sample060.mp4,,54.0,57.0,3.0,,,,,,,,,,,,,,,,,
sample060_0057.00_0060.00,sample060.mp4,,57.0,60.0,3.0,,,,,,,,,,,,,,,,,
sample060_0060.00_0063.00,sample060.mp4,,60.0,63.0,3.0,,,,,,,,,,,,,,,,,
sample060_0063.00_0066.00,sample060.mp4,,63.0,66.0,3.0,,,,,,,,,,,,,,,,,
sample060_0066.00_0069.00,sample060.mp4,,66.0,69.0,3.0,,,,,,,,,,,,,,,,,
sample060_0069.00_0072.00,sample060.mp4,,69.0,72.0,3.0,,,,,,,,,,,,,,,,,
sample060_0072.00_0075.00,sample060.mp4,,72.0,75.0,3.0,,,,,,,,,,,,,,,,,
sample060_0075.00_0078.00,sample060.mp4,,75.0,78.0,3.0,,,,,,,,,,,,,,,,,
sample060_0078.00_0081.00,sample060.mp4,,78.0,81.0,3.0,,,,,,,,,,,,,,,,,
sample060_0081.00_0084.00,sample060.mp4,,81.0,84.0,3.0,,,,,,,,,,,,,,,,,
sample060_0084.00_0087.00,sample060.mp4,,84.0,87.0,3.0,,,,,,,,,,,,,,,,,
sample060_0087.00_0090.00,sample060.mp4,,87.0,90.0,3.0,,,,,,,,,,,,,,,,,
sample060_0090.00_0093.00,sample060.mp4,,90.0,93.0,3.0,,,,,,,,,,,,,,,,,
sample060_0093.00_0096.00,sample060.mp4,,93.0,96.0,3.0,,,,,,,,,,,,,,,,,
sample060_0096.00_0099.00,sample060.mp4,,96.0,99.0,3.0,,,,,,,,,,,,,,,,,
sample060_0099.00_0102.00,sample060.mp4,,99.0,102.0,3.0,,,,,,,,,,,,,,,,,
sample060_0102.00_0105.00,sample060.mp4,,102.0,105.0,3.0,,,,,,,,,,,,,,,,,
sample060_0105.00_0108.00,sample060.mp4,,105.0,108.0,3.0,,,,,,,,,,,,,,,,,
sample060_0108.00_0111.00,sample060.mp4,,108.0,111.0,3.0,,,,,,,,,,,,,,,,,
sample060_0111.00_0114.00,sample060.mp4,,111.0,114.0,3.0,,,,,,,,,,,,,,,,,
sample060_0114.00_0117.00,sample060.mp4,,114.0,117.0,3.0,,,,,,,,,,,,,,,,,
sample060_0117.00_0120.00,sample060.mp4,,117.0,120.0,3.0,,,,,,,,,,,,,,,,,
sample060_0120.00_0123.00,sample060.mp4,,120.0,123.0,3.0,,,,,,,,,,,,,,,,,
sample060_0123.00_0126.00,sample060.mp4,,123.0,126.0,3.0,,,,,,,,,,,,,,,,,
sample060_0126.00_0129.00,sample060.mp4,,126.0,129.0,3.0,,,,,,,,,,,,,,,,,
sample060_0129.00_0132.00,sample060.mp4,,129.0,132.0,3.0,,,,,,,,,,,,,,,,,
sample060_0132.00_0135.00,sample060.mp4,,132.0,135.0,3.0,,,,,,,,,,,,,,,,,
sample060_0135.00_0138.00,sample060.mp4,,135.0,138.0,3.0,,,,,,,,,,,,,,,,,
sample060_0138.00_0141.00,sample060.mp4,,138.0,141.0,3.0,,,,,,,,,,,,,,,,,
sample060_0141.00_0144.00,sample060.mp4,,141.0,144.0,3.0,,,,,,,,,,,,,,,,,
sample060_0144.00_0147.00,sample060.mp4,,144.0,147.0,3.0,,,,,,,,,,,,,,,,,
sample060_0147.00_0150.00,sample060.mp4,,147.0,150.0,3.0,,,,,,,,,,,,,,,,,
sample060_0150.00_0153.00,sample060.mp4,,150.0,153.0,3.0,,,,,,,,,,,,,,,,,
sample060_0153.00_0156.00,sample060.mp4,,153.0,156.0,3.0,,,,,,,,,,,,,,,,,
sample060_0156.00_0159.00,sample060.mp4,,156.0,159.0,3.0,,,,,,,,,,,,,,,,,
sample060_0159.00_0162.00,sample060.mp4,,159.0,162.0,3.0,,,,,,,,,,,,,,,,,
sample060_0162.00_0165.00,sample060.mp4,,162.0,165.0,3.0,,,,,,,,,,,,,,,,,
sample060_0165.00_0168.00,sample060.mp4,,165.0,168.0,3.0,,,,,,,,,,,,,,,,,
sample060_0168.00_0171.00,sample060.mp4,,168.0,171.0,3.0,,,,,,,,,,,,,,,,,
sample060_0171.00_0174.00,sample060.mp4,,171.0,174.0,3.0,,,,,,,,,,,,,,,,,
sample060_0174.00_0177.00,sample060.mp4,,174.0,177.0,3.0,,,,,,,,,,,,,,,,,
sample060_0177.00_0180.00,sample060.mp4,,177.0,180.0,3.0,,,,,,,,,,,,,,,,,
sample060_0180.00_0183.00,sample060.mp4,,180.0,183.0,3.0,,,,,,,,,,,,,,,,,
sample060_0183.00_0186.00,sample060.mp4,,183.0,186.0,3.0,,,,,,,,,,,,,,,,,
sample060_0186.00_0188.23,sample060.mp4,,186.0,188.23,2.23,,,,,,,,,,,,,,,,,
sample061_0000.00_0003.00,sample061.mp4,,0.0,3.0,3.0,,,,,,,,,,,,,,,,,
sample061_0003.00_0006.00,sample061.mp4,,3.0,6.0,3.0,,,,,,,,,,,,,,,,,
sample061_0006.00_0009.00,sample061.mp4,,6.0,9.0,3.0,,,,,,,,,,,,,,,,,
sample061_0009.00_0012.00,sample061.mp4,,9.0,12.0,3.0,,,,,,,,,,,,,,,,,
sample061_0012.00_0015.00,sample061.mp4,,12.0,15.0,3.0,,,,,,,,,,,,,,,,,
sample061_0015.00_0018.00,sample061.mp4,,15.0,18.0,3.0,,,,,,,,,,,,,,,,,
sample061_0018.00_0021.00,sample061.mp4,,18.0,21.0,3.0,,,,,,,,,,,,,,,,,
sample061_0021.00_0024.00,sample061.mp4,,21.0,24.0,3.0,,,,,,,,,,,,,,,,,
sample061_0024.00_0027.00,sample061.mp4,,24.0,27.0,3.0,,,,,,,,,,,,,,,,,
sample061_0027.00_0030.00,sample061.mp4,,27.0,30.0,3.0,,,,,,,,,,,,,,,,,
sample061_0030.00_0033.00,sample061.mp4,,30.0,33.0,3.0,,,,,,,,,,,,,,,,,
sample061_0033.00_0036.00,sample061.mp4,,33.0,36.0,3.0,,,,,,,,,,,,,,,,,
sample061_0036.00_0039.00,sample061.mp4,,36.0,39.0,3.0,,,,,,,,,,,,,,,,,
sample061_0039.00_0042.00,sample061.mp4,,39.0,42.0,3.0,,,,,,,,,,,,,,,,,
sample061_0042.00_0045.00,sample061.mp4,,42.0,45.0,3.0,,,,,,,,,,,,,,,,,
sample061_0045.00_0048.00,sample061.mp4,,45.0,48.0,3.0,,,,,,,,,,,,,,,,,
sample061_0048.00_0051.00,sample061.mp4,,48.0,51.0,3.0,,,,,,,,,,,,,,,,,
sample061_0051.00_0054.00,sample061.mp4,,51.0,54.0,3.0,,,,,,,,,,,,,,,,,
sample061_0054.00_0057.00,sample061.mp4,,54.0,57.0,3.0,,,,,,,,,,,,,,,,,
sample061_0057.00_0060.00,sample061.mp4,,57.0,60.0,3.0,,,,,,,,,,,,,,,,,
sample061_0060.00_0063.00,sample061.mp4,,60.0,63.0,3.0,,,,,,,,,,,,,,,,,
sample061_0063.00_0066.00,sample061.mp4,,63.0,66.0,3.0,,,,,,,,,,,,,,,,,
sample061_0066.00_0069.00,sample061.mp4,,66.0,69.0,3.0,,,,,,,,,,,,,,,,,
sample061_0069.00_0072.00,sample061.mp4,,69.0,72.0,3.0,,,,,,,,,,,,,,,,,
sample061_0072.00_0075.00,sample061.mp4,,72.0,75.0,3.0,,,,,,,,,,,,,,,,,
sample061_0075.00_0078.00,sample061.mp4,,75.0,78.0,3.0,,,,,,,,,,,,,,,,,
sample061_0078.00_0081.00,sample061.mp4,,78.0,81.0,3.0,,,,,,,,,,,,,,,,,
sample061_0081.00_0084.00,sample061.mp4,,81.0,84.0,3.0,,,,,,,,,,,,,,,,,
sample061_0084.00_0087.00,sample061.mp4,,84.0,87.0,3.0,,,,,,,,,,,,,,,,,
sample061_0087.00_0090.00,sample061.mp4,,87.0,90.0,3.0,,,,,,,,,,,,,,,,,
sample061_0090.00_0093.00,sample061.mp4,,90.0,93.0,3.0,,,,,,,,,,,,,,,,,
sample061_0093.00_0096.00,sample061.mp4,,93.0,96.0,3.0,,,,,,,,,,,,,,,,,
sample061_0096.00_0099.00,sample061.mp4,,96.0,99.0,3.0,,,,,,,,,,,,,,,,,
sample061_0099.00_0102.00,sample061.mp4,,99.0,102.0,3.0,,,,,,,,,,,,,,,,,
sample061_0102.00_0105.00,sample061.mp4,,102.0,105.0,3.0,,,,,,,,,,,,,,,,,
sample061_0105.00_0108.00,sample061.mp4,,105.0,108.0,3.0,,,,,,,,,,,,,,,,,
sample061_0108.00_0111.00,sample061.mp4,,108.0,111.0,3.0,,,,,,,,,,,,,,,,,
sample061_0111.00_0114.00,sample061.mp4,,111.0,114.0,3.0,,,,,,,,,,,,,,,,,
sample061_0114.00_0117.00,sample061.mp4,,114.0,117.0,3.0,,,,,,,,,,,,,,,,,
sample061_0117.00_0120.00,sample061.mp4,,117.0,120.0,3.0,,,,,,,,,,,,,,,,,
sample061_0120.00_0123.00,sample061.mp4,,120.0,123.0,3.0,,,,,,,,,,,,,,,,,
sample061_0123.00_0126.00,sample061.mp4,,123.0,126.0,3.0,,,,,,,,,,,,,,,,,
sample061_0126.00_0129.00,sample061.mp4,,126.0,129.0,3.0,,,,,,,,,,,,,,,,,
sample061_0129.00_0132.00,sample061.mp4,,129.0,132.0,3.0,,,,,,,,,,,,,,,,,
sample061_0132.00_0135.00,sample061.mp4,,132.0,135.0,3.0,,,,,,,,,,,,,,,,,
sample061_0135.00_0138.00,sample061.mp4,,135.0,138.0,3.0,,,,,,,,,,,,,,,,,
sample061_0138.00_0141.00,sample061.mp4,,138.0,141.0,3.0,,,,,,,,,,,,,,,,,
sample061_0141.00_0144.00,sample061.mp4,,141.0,144.0,3.0,,,,,,,,,,,,,,,,,
sample061_0144.00_0147.00,sample061.mp4,,144.0,147.0,3.0,,,,,,,,,,,,,,,,,
sample061_0147.00_0150.00,sample061.mp4,,147.0,150.0,3.0,,,,,,,,,,,,,,,,,
sample061_0150.00_0153.00,sample061.mp4,,150.0,153.0,3.0,,,,,,,,,,,,,,,,,
sample061_0153.00_0156.00,sample061.mp4,,153.0,156.0,3.0,,,,,,,,,,,,,,,,,
sample061_0156.00_0159.00,sample061.mp4,,156.0,159.0,3.0,,,,,,,,,,,,,,,,,
sample061_0159.00_0162.00,sample061.mp4,,159.0,162.0,3.0,,,,,,,,,,,,,,,,,
sample061_0162.00_0165.00,sample061.mp4,,162.0,165.0,3.0,,,,,,,,,,,,,,,,,
sample061_0165.00_0168.00,sample061.mp4,,165.0,168.0,3.0,,,,,,,,,,,,,,,,,
sample061_0168.00_0171.00,sample061.mp4,,168.0,171.0,3.0,,,,,,,,,,,,,,,,,
sample061_0171.00_0174.00,sample061.mp4,,171.0,174.0,3.0,,,,,,,,,,,,,,,,,
sample061_0174.00_0177.00,sample061.mp4,,174.0,177.0,3.0,,,,,,,,,,,,,,,,,
sample061_0177.00_0180.00,sample061.mp4,,177.0,180.0,3.0,,,,,,,,,,,,,,,,,
sample061_0180.00_0183.00,sample061.mp4,,180.0,183.0,3.0,,,,,,,,,,,,,,,,,
sample061_0183.00_0186.00,sample061.mp4,,183.0,186.0,3.0,,,,,,,,,,,,,,,,,
sample061_0186.00_0189.00,sample061.mp4,,186.0,189.0,3.0,,,,,,,,,,,,,,,,,
sample061_0189.00_0192.00,sample061.mp4,,189.0,192.0,3.0,,,,,,,,,,,,,,,,,
sample061_0192.00_0195.00,sample061.mp4,,192.0,195.0,3.0,,,,,,,,,,,,,,,,,
sample061_0195.00_0198.00,sample061.mp4,,195.0,198.0,3.0,,,,,,,,,,,,,,,,,
sample061_0198.00_0201.00,sample061.mp4,,198.0,201.0,3.0,,,,,,,,,,,,,,,,,
sample061_0201.00_0204.00,sample061.mp4,,201.0,204.0,3.0,,,,,,,,,,,,,,,,,
sample061_0204.00_0207.00,sample061.mp4,,204.0,207.0,3.0,,,,,,,,,,,,,,,,,
sample061_0207.00_0210.00,sample061.mp4,,207.0,210.0,3.0,,,,,,,,,,,,,,,,,
sample061_0210.00_0213.00,sample061.mp4,,210.0,213.0,3.0,,,,,,,,,,,,,,,,,
sample061_0213.00_0216.00,sample061.mp4,,213.0,216.0,3.0,,,,,,,,,,,,,,,,,
sample061_0216.00_0219.00,sample061.mp4,,216.0,219.0,3.0,,,,,,,,,,,,,,,,,
sample061_0219.00_0222.00,sample061.mp4,,219.0,222.0,3.0,,,,,,,,,,,,,,,,,
sample061_0222.00_0225.00,sample061.mp4,,222.0,225.0,3.0,,,,,,,,,,,,,,,,,
sample061_0225.00_0228.00,sample061.mp4,,225.0,228.0,3.0,,,,,,,,,,,,,,,,,
sample061_0228.00_0231.00,sample061.mp4,,228.0,231.0,3.0,,,,,,,,,,,,,,,,,
sample061_0231.00_0234.00,sample061.mp4,,231.0,234.0,3.0,,,,,,,,,,,,,,,,,
sample061_0234.00_0237.00,sample061.mp4,,234.0,237.0,3.0,,,,,,,,,,,,,,,,,
sample061_0237.00_0240.00,sample061.mp4,,237.0,240.0,3.0,,,,,,,,,,,,,,,,,
sample061_0240.00_0243.00,sample061.mp4,,240.0,243.0,3.0,,,,,,,,,,,,,,,,,
sample061_0243.00_0246.00,sample061.mp4,,243.0,246.0,3.0,,,,,,,,,,,,,,,,,
sample061_0246.00_0249.00,sample061.mp4,,246.0,249.0,3.0,,,,,,,,,,,,,,,,,
sample061_0249.00_0252.00,sample061.mp4,,249.0,252.0,3.0,,,,,,,,,,,,,,,,,
sample061_0252.00_0255.00,sample061.mp4,,252.0,255.0,3.0,,,,,,,,,,,,,,,,,
sample061_0255.00_0258.00,sample061.mp4,,255.0,258.0,3.0,,,,,,,,,,,,,,,,,
sample061_0258.00_0261.00,sample061.mp4,,258.0,261.0,3.0,,,,,,,,,,,,,,,,,
sample061_0261.00_0264.00,sample061.mp4,,261.0,264.0,3.0,,,,,,,,,,,,,,,,,
sample061_0264.00_0267.00,sample061.mp4,,264.0,267.0,3.0,,,,,,,,,,,,,,,,,
sample061_0267.00_0270.00,sample061.mp4,,267.0,270.0,3.0,,,,,,,,,,,,,,,,,
sample061_0270.00_0273.00,sample061.mp4,,270.0,273.0,3.0,,,,,,,,,,,,,,,,,
sample061_0273.00_0276.00,sample061.mp4,,273.0,276.0,3.0,,,,,,,,,,,,,,,,,
sample061_0276.00_0279.00,sample061.mp4,,276.0,279.0,3.0,,,,,,,,,,,,,,,,,
sample061_0279.00_0282.00,sample061.mp4,,279.0,282.0,3.0,,,,,,,,,,,,,,,,,
sample061_0282.00_0285.00,sample061.mp4,,282.0,285.0,3.0,,,,,,,,,,,,,,,,,
sample061_0285.00_0288.00,sample061.mp4,,285.0,288.0,3.0,,,,,,,,,,,,,,,,,
sample061_0288.00_0291.00,sample061.mp4,,288.0,291.0,3.0,,,,,,,,,,,,,,,,,
sample061_0291.00_0294.00,sample061.mp4,,291.0,294.0,3.0,,,,,,,,,,,,,,,,,
sample061_0294.00_0297.00,sample061.mp4,,294.0,297.0,3.0,,,,,,,,,,,,,,,,,
sample061_0297.00_0298.24,sample061.mp4,,297.0,298.24,1.24,,,,,,,,,,,,,,,,,
sample062_0000.00_0003.00,sample062.mp4,,0.0,3.0,3.0,,,,,,,,,,,,,,,,,
sample062_0003.00_0006.00,sample062.mp4,,3.0,6.0,3.0,,,,,,,,,,,,,,,,,
sample062_0006.00_0009.00,sample062.mp4,,6.0,9.0,3.0,,,,,,,,,,,,,,,,,
sample062_0009.00_0012.00,sample062.mp4,,9.0,12.0,3.0,,,,,,,,,,,,,,,,,
sample062_0012.00_0015.00,sample062.mp4,,12.0,15.0,3.0,,,,,,,,,,,,,,,,,
sample062_0015.00_0018.00,sample062.mp4,,15.0,18.0,3.0,,,,,,,,,,,,,,,,,
sample062_0018.00_0021.00,sample062.mp4,,18.0,21.0,3.0,,,,,,,,,,,,,,,,,
sample062_0021.00_0024.00,sample062.mp4,,21.0,24.0,3.0,,,,,,,,,,,,,,,,,
sample062_0024.00_0027.00,sample062.mp4,,24.0,27.0,3.0,,,,,,,,,,,,,,,,,
sample062_0027.00_0030.00,sample062.mp4,,27.0,30.0,3.0,,,,,,,,,,,,,,,,,
sample062_0030.00_0033.00,sample062.mp4,,30.0,33.0,3.0,,,,,,,,,,,,,,,,,
sample062_0033.00_0036.00,sample062.mp4,,33.0,36.0,3.0,,,,,,,,,,,,,,,,,
sample062_0036.00_0039.00,sample062.mp4,,36.0,39.0,3.0,,,,,,,,,,,,,,,,,
sample062_0039.00_0042.00,sample062.mp4,,39.0,42.0,3.0,,,,,,,,,,,,,,,,,
sample062_0042.00_0045.00,sample062.mp4,,42.0,45.0,3.0,,,,,,,,,,,,,,,,,
sample062_0045.00_0048.00,sample062.mp4,,45.0,48.0,3.0,,,,,,,,,,,,,,,,,
sample062_0048.00_0051.00,sample062.mp4,,48.0,51.0,3.0,,,,,,,,,,,,,,,,,
sample062_0051.00_0054.00,sample062.mp4,,51.0,54.0,3.0,,,,,,,,,,,,,,,,,
sample062_0054.00_0057.00,sample062.mp4,,54.0,57.0,3.0,,,,,,,,,,,,,,,,,
sample062_0057.00_0060.00,sample062.mp4,,57.0,60.0,3.0,,,,,,,,,,,,,,,,,
sample062_0060.00_0063.00,sample062.mp4,,60.0,63.0,3.0,,,,,,,,,,,,,,,,,
sample062_0063.00_0066.00,sample062.mp4,,63.0,66.0,3.0,,,,,,,,,,,,,,,,,
sample062_0066.00_0069.00,sample062.mp4,,66.0,69.0,3.0,,,,,,,,,,,,,,,,,
sample062_0069.00_0072.00,sample062.mp4,,69.0,72.0,3.0,,,,,,,,,,,,,,,,,
sample062_0072.00_0075.00,sample062.mp4,,72.0,75.0,3.0,,,,,,,,,,,,,,,,,
sample062_0075.00_0078.00,sample062.mp4,,75.0,78.0,3.0,,,,,,,,,,,,,,,,,
sample062_0078.00_0081.00,sample062.mp4,,78.0,81.0,3.0,,,,,,,,,,,,,,,,,
sample062_0081.00_0084.00,sample062.mp4,,81.0,84.0,3.0,,,,,,,,,,,,,,,,,
sample062_0084.00_0087.00,sample062.mp4,,84.0,87.0,3.0,,,,,,,,,,,,,,,,,
sample062_0087.00_0090.00,sample062.mp4,,87.0,90.0,3.0,,,,,,,,,,,,,,,,,
sample062_0090.00_0093.00,sample062.mp4,,90.0,93.0,3.0,,,,,,,,,,,,,,,,,
sample062_0093.00_0096.00,sample062.mp4,,93.0,96.0,3.0,,,,,,,,,,,,,,,,,
sample062_0096.00_0099.00,sample062.mp4,,96.0,99.0,3.0,,,,,,,,,,,,,,,,,
sample062_0099.00_0102.00,sample062.mp4,,99.0,102.0,3.0,,,,,,,,,,,,,,,,,
sample062_0102.00_0105.00,sample062.mp4,,102.0,105.0,3.0,,,,,,,,,,,,,,,,,
sample062_0105.00_0108.00,sample062.mp4,,105.0,108.0,3.0,,,,,,,,,,,,,,,,,
sample062_0108.00_0111.00,sample062.mp4,,108.0,111.0,3.0,,,,,,,,,,,,,,,,,
sample062_0111.00_0114.00,sample062.mp4,,111.0,114.0,3.0,,,,,,,,,,,,,,,,,
sample062_0114.00_0117.00,sample062.mp4,,114.0,117.0,3.0,,,,,,,,,,,,,,,,,
sample062_0117.00_0120.00,sample062.mp4,,117.0,120.0,3.0,,,,,,,,,,,,,,,,,
sample062_0120.00_0123.00,sample062.mp4,,120.0,123.0,3.0,,,,,,,,,,,,,,,,,
sample062_0123.00_0126.00,sample062.mp4,,123.0,126.0,3.0,,,,,,,,,,,,,,,,,
sample062_0126.00_0129.00,sample062.mp4,,126.0,129.0,3.0,,,,,,,,,,,,,,,,,
sample062_0129.00_0132.00,sample062.mp4,,129.0,132.0,3.0,,,,,,,,,,,,,,,,,
sample062_0132.00_0135.00,sample062.mp4,,132.0,135.0,3.0,,,,,,,,,,,,,,,,,
sample062_0135.00_0138.00,sample062.mp4,,135.0,138.0,3.0,,,,,,,,,,,,,,,,,
sample062_0138.00_0141.00,sample062.mp4,,138.0,141.0,3.0,,,,,,,,,,,,,,,,,
sample062_0141.00_0144.00,sample062.mp4,,141.0,144.0,3.0,,,,,,,,,,,,,,,,,
sample062_0144.00_0147.00,sample062.mp4,,144.0,147.0,3.0,,,,,,,,,,,,,,,,,
sample062_0147.00_0150.00,sample062.mp4,,147.0,150.0,3.0,,,,,,,,,,,,,,,,,
sample062_0150.00_0153.00,sample062.mp4,,150.0,153.0,3.0,,,,,,,,,,,,,,,,,
sample062_0153.00_0156.00,sample062.mp4,,153.0,156.0,3.0,,,,,,,,,,,,,,,,,
sample062_0156.00_0159.00,sample062.mp4,,156.0,159.0,3.0,,,,,,,,,,,,,,,,,
sample062_0159.00_0162.00,sample062.mp4,,159.0,162.0,3.0,,,,,,,,,,,,,,,,,
sample062_0162.00_0165.00,sample062.mp4,,162.0,165.0,3.0,,,,,,,,,,,,,,,,,
sample062_0165.00_0168.00,sample062.mp4,,165.0,168.0,3.0,,,,,,,,,,,,,,,,,
sample062_0168.00_0171.00,sample062.mp4,,168.0,171.0,3.0,,,,,,,,,,,,,,,,,
sample062_0171.00_0174.00,sample062.mp4,,171.0,174.0,3.0,,,,,,,,,,,,,,,,,
sample062_0174.00_0177.00,sample062.mp4,,174.0,177.0,3.0,,,,,,,,,,,,,,,,,
sample062_0177.00_0180.00,sample062.mp4,,177.0,180.0,3.0,,,,,,,,,,,,,,,,,
sample062_0180.00_0183.00,sample062.mp4,,180.0,183.0,3.0,,,,,,,,,,,,,,,,,
sample062_0183.00_0186.00,sample062.mp4,,183.0,186.0,3.0,,,,,,,,,,,,,,,,,
sample062_0186.00_0189.00,sample062.mp4,,186.0,189.0,3.0,,,,,,,,,,,,,,,,,
sample062_0189.00_0192.00,sample062.mp4,,189.0,192.0,3.0,,,,,,,,,,,,,,,,,
sample062_0192.00_0195.00,sample062.mp4,,192.0,195.0,3.0,,,,,,,,,,,,,,,,,
sample062_0195.00_0198.00,sample062.mp4,,195.0,198.0,3.0,,,,,,,,,,,,,,,,,
sample062_0198.00_0201.00,sample062.mp4,,198.0,201.0,3.0,,,,,,,,,,,,,,,,,
sample062_0201.00_0204.00,sample062.mp4,,201.0,204.0,3.0,,,,,,,,,,,,,,,,,
sample062_0204.00_0207.00,sample062.mp4,,204.0,207.0,3.0,,,,,,,,,,,,,,,,,
sample062_0207.00_0210.00,sample062.mp4,,207.0,210.0,3.0,,,,,,,,,,,,,,,,,
sample062_0210.00_0213.00,sample062.mp4,,210.0,213.0,3.0,,,,,,,,,,,,,,,,,
sample062_0213.00_0216.00,sample062.mp4,,213.0,216.0,3.0,,,,,,,,,,,,,,,,,
sample062_0216.00_0219.00,sample062.mp4,,216.0,219.0,3.0,,,,,,,,,,,,,,,,,
sample062_0219.00_0222.00,sample062.mp4,,219.0,222.0,3.0,,,,,,,,,,,,,,,,,
sample062_0222.00_0225.00,sample062.mp4,,222.0,225.0,3.0,,,,,,,,,,,,,,,,,
sample062_0225.00_0228.00,sample062.mp4,,225.0,228.0,3.0,,,,,,,,,,,,,,,,,
sample062_0228.00_0231.00,sample062.mp4,,228.0,231.0,3.0,,,,,,,,,,,,,,,,,
sample062_0231.00_0234.00,sample062.mp4,,231.0,234.0,3.0,,,,,,,,,,,,,,,,,
sample062_0234.00_0237.00,sample062.mp4,,234.0,237.0,3.0,,,,,,,,,,,,,,,,,
sample062_0237.00_0240.00,sample062.mp4,,237.0,240.0,3.0,,,,,,,,,,,,,,,,,
sample062_0240.00_0243.00,sample062.mp4,,240.0,243.0,3.0,,,,,,,,,,,,,,,,,
sample062_0243.00_0246.00,sample062.mp4,,243.0,246.0,3.0,,,,,,,,,,,,,,,,,
sample062_0246.00_0249.00,sample062.mp4,,246.0,249.0,3.0,,,,,,,,,,,,,,,,,
sample062_0249.00_0252.00,sample062.mp4,,249.0,252.0,3.0,,,,,,,,,,,,,,,,,
sample062_0252.00_0255.00,sample062.mp4,,252.0,255.0,3.0,,,,,,,,,,,,,,,,,
sample062_0255.00_0258.00,sample062.mp4,,255.0,258.0,3.0,,,,,,,,,,,,,,,,,
sample062_0258.00_0261.00,sample062.mp4,,258.0,261.0,3.0,,,,,,,,,,,,,,,,,
sample062_0261.00_0264.00,sample062.mp4,,261.0,264.0,3.0,,,,,,,,,,,,,,,,,
sample062_0264.00_0267.00,sample062.mp4,,264.0,267.0,3.0,,,,,,,,,,,,,,,,,
sample062_0267.00_0270.00,sample062.mp4,,267.0,270.0,3.0,,,,,,,,,,,,,,,,,
sample062_0270.00_0273.00,sample062.mp4,,270.0,273.0,3.0,,,,,,,,,,,,,,,,,
sample062_0273.00_0276.00,sample062.mp4,,273.0,276.0,3.0,,,,,,,,,,,,,,,,,
sample062_0276.00_0279.00,sample062.mp4,,276.0,279.0,3.0,,,,,,,,,,,,,,,,,
sample062_0279.00_0282.00,sample062.mp4,,279.0,282.0,3.0,,,,,,,,,,,,,,,,,
sample062_0282.00_0285.00,sample062.mp4,,282.0,285.0,3.0,,,,,,,,,,,,,,,,,
sample062_0285.00_0288.00,sample062.mp4,,285.0,288.0,3.0,,,,,,,,,,,,,,,,,
sample062_0288.00_0291.00,sample062.mp4,,288.0,291.0,3.0,,,,,,,,,,,,,,,,,
sample062_0291.00_0292.83,sample062.mp4,,291.0,292.83,1.83,,,,,,,,,,,,,,,,,
sample063_0000.00_0003.00,sample063.mp4,,0.0,3.0,3.0,,,,,,,,,,,,,,,,,
sample063_0003.00_0006.00,sample063.mp4,,3.0,6.0,3.0,,,,,,,,,,,,,,,,,
sample063_0006.00_0009.00,sample063.mp4,,6.0,9.0,3.0,,,,,,,,,,,,,,,,,
sample063_0009.00_0012.00,sample063.mp4,,9.0,12.0,3.0,,,,,,,,,,,,,,,,,
sample063_0012.00_0015.00,sample063.mp4,,12.0,15.0,3.0,,,,,,,,,,,,,,,,,
sample063_0015.00_0018.00,sample063.mp4,,15.0,18.0,3.0,,,,,,,,,,,,,,,,,
sample063_0018.00_0021.00,sample063.mp4,,18.0,21.0,3.0,,,,,,,,,,,,,,,,,
sample063_0021.00_0024.00,sample063.mp4,,21.0,24.0,3.0,,,,,,,,,,,,,,,,,
sample063_0024.00_0027.00,sample063.mp4,,24.0,27.0,3.0,,,,,,,,,,,,,,,,,
sample063_0027.00_0030.00,sample063.mp4,,27.0,30.0,3.0,,,,,,,,,,,,,,,,,
sample063_0030.00_0033.00,sample063.mp4,,30.0,33.0,3.0,,,,,,,,,,,,,,,,,
sample063_0033.00_0036.00,sample063.mp4,,33.0,36.0,3.0,,,,,,,,,,,,,,,,,
sample063_0036.00_0039.00,sample063.mp4,,36.0,39.0,3.0,,,,,,,,,,,,,,,,,
sample063_0039.00_0042.00,sample063.mp4,,39.0,42.0,3.0,,,,,,,,,,,,,,,,,
sample063_0042.00_0045.00,sample063.mp4,,42.0,45.0,3.0,,,,,,,,,,,,,,,,,
sample063_0045.00_0048.00,sample063.mp4,,45.0,48.0,3.0,,,,,,,,,,,,,,,,,
sample063_0048.00_0051.00,sample063.mp4,,48.0,51.0,3.0,,,,,,,,,,,,,,,,,
sample063_0051.00_0054.00,sample063.mp4,,51.0,54.0,3.0,,,,,,,,,,,,,,,,,
sample063_0054.00_0057.00,sample063.mp4,,54.0,57.0,3.0,,,,,,,,,,,,,,,,,
sample063_0057.00_0060.00,sample063.mp4,,57.0,60.0,3.0,,,,,,,,,,,,,,,,,
sample063_0060.00_0063.00,sample063.mp4,,60.0,63.0,3.0,,,,,,,,,,,,,,,,,
sample063_0063.00_0066.00,sample063.mp4,,63.0,66.0,3.0,,,,,,,,,,,,,,,,,
sample063_0066.00_0069.00,sample063.mp4,,66.0,69.0,3.0,,,,,,,,,,,,,,,,,
sample063_0069.00_0072.00,sample063.mp4,,69.0,72.0,3.0,,,,,,,,,,,,,,,,,
sample063_0072.00_0075.00,sample063.mp4,,72.0,75.0,3.0,,,,,,,,,,,,,,,,,
sample063_0075.00_0078.00,sample063.mp4,,75.0,78.0,3.0,,,,,,,,,,,,,,,,,
sample063_0078.00_0081.00,sample063.mp4,,78.0,81.0,3.0,,,,,,,,,,,,,,,,,
sample063_0081.00_0084.00,sample063.mp4,,81.0,84.0,3.0,,,,,,,,,,,,,,,,,
sample063_0084.00_0087.00,sample063.mp4,,84.0,87.0,3.0,,,,,,,,,,,,,,,,,
sample063_0087.00_0090.00,sample063.mp4,,87.0,90.0,3.0,,,,,,,,,,,,,,,,,
sample063_0090.00_0093.00,sample063.mp4,,90.0,93.0,3.0,,,,,,,,,,,,,,,,,
sample063_0093.00_0096.00,sample063.mp4,,93.0,96.0,3.0,,,,,,,,,,,,,,,,,
sample063_0096.00_0099.00,sample063.mp4,,96.0,99.0,3.0,,,,,,,,,,,,,,,,,
sample063_0099.00_0102.00,sample063.mp4,,99.0,102.0,3.0,,,,,,,,,,,,,,,,,
sample063_0102.00_0105.00,sample063.mp4,,102.0,105.0,3.0,,,,,,,,,,,,,,,,,
sample063_0105.00_0108.00,sample063.mp4,,105.0,108.0,3.0,,,,,,,,,,,,,,,,,
sample063_0108.00_0111.00,sample063.mp4,,108.0,111.0,3.0,,,,,,,,,,,,,,,,,
sample063_0111.00_0114.00,sample063.mp4,,111.0,114.0,3.0,,,,,,,,,,,,,,,,,
sample063_0114.00_0117.00,sample063.mp4,,114.0,117.0,3.0,,,,,,,,,,,,,,,,,
sample063_0117.00_0120.00,sample063.mp4,,117.0,120.0,3.0,,,,,,,,,,,,,,,,,
sample063_0120.00_0123.00,sample063.mp4,,120.0,123.0,3.0,,,,,,,,,,,,,,,,,
sample063_0123.00_0126.00,sample063.mp4,,123.0,126.0,3.0,,,,,,,,,,,,,,,,,
sample063_0126.00_0129.00,sample063.mp4,,126.0,129.0,3.0,,,,,,,,,,,,,,,,,
sample063_0129.00_0132.00,sample063.mp4,,129.0,132.0,3.0,,,,,,,,,,,,,,,,,
sample063_0132.00_0135.00,sample063.mp4,,132.0,135.0,3.0,,,,,,,,,,,,,,,,,
sample063_0135.00_0138.00,sample063.mp4,,135.0,138.0,3.0,,,,,,,,,,,,,,,,,
sample063_0138.00_0141.00,sample063.mp4,,138.0,141.0,3.0,,,,,,,,,,,,,,,,,
sample063_0141.00_0144.00,sample063.mp4,,141.0,144.0,3.0,,,,,,,,,,,,,,,,,
sample063_0144.00_0147.00,sample063.mp4,,144.0,147.0,3.0,,,,,,,,,,,,,,,,,
sample063_0147.00_0150.00,sample063.mp4,,147.0,150.0,3.0,,,,,,,,,,,,,,,,,
sample063_0150.00_0153.00,sample063.mp4,,150.0,153.0,3.0,,,,,,,,,,,,,,,,,
sample063_0153.00_0156.00,sample063.mp4,,153.0,156.0,3.0,,,,,,,,,,,,,,,,,
sample063_0156.00_0159.00,sample063.mp4,,156.0,159.0,3.0,,,,,,,,,,,,,,,,,
sample063_0159.00_0162.00,sample063.mp4,,159.0,162.0,3.0,,,,,,,,,,,,,,,,,
sample063_0162.00_0165.00,sample063.mp4,,162.0,165.0,3.0,,,,,,,,,,,,,,,,,
sample063_0165.00_0168.00,sample063.mp4,,165.0,168.0,3.0,,,,,,,,,,,,,,,,,
sample063_0168.00_0171.00,sample063.mp4,,168.0,171.0,3.0,,,,,,,,,,,,,,,,,
sample063_0171.00_0174.00,sample063.mp4,,171.0,174.0,3.0,,,,,,,,,,,,,,,,,
sample063_0174.00_0177.00,sample063.mp4,,174.0,177.0,3.0,,,,,,,,,,,,,,,,,
sample063_0177.00_0180.00,sample063.mp4,,177.0,180.0,3.0,,,,,,,,,,,,,,,,,
sample063_0180.00_0183.00,sample063.mp4,,180.0,183.0,3.0,,,,,,,,,,,,,,,,,
sample063_0183.00_0186.00,sample063.mp4,,183.0,186.0,3.0,,,,,,,,,,,,,,,,,
sample063_0186.00_0189.00,sample063.mp4,,186.0,189.0,3.0,,,,,,,,,,,,,,,,,
sample063_0189.00_0192.00,sample063.mp4,,189.0,192.0,3.0,,,,,,,,,,,,,,,,,
sample063_0192.00_0195.00,sample063.mp4,,192.0,195.0,3.0,,,,,,,,,,,,,,,,,
sample063_0195.00_0198.00,sample063.mp4,,195.0,198.0,3.0,,,,,,,,,,,,,,,,,
sample063_0198.00_0201.00,sample063.mp4,,198.0,201.0,3.0,,,,,,,,,,,,,,,,,
sample063_0201.00_0204.00,sample063.mp4,,201.0,204.0,3.0,,,,,,,,,,,,,,,,,
sample063_0204.00_0207.00,sample063.mp4,,204.0,207.0,3.0,,,,,,,,,,,,,,,,,
sample063_0207.00_0210.00,sample063.mp4,,207.0,210.0,3.0,,,,,,,,,,,,,,,,,
sample063_0210.00_0213.00,sample063.mp4,,210.0,213.0,3.0,,,,,,,,,,,,,,,,,
sample063_0213.00_0216.00,sample063.mp4,,213.0,216.0,3.0,,,,,,,,,,,,,,,,,
sample063_0216.00_0219.00,sample063.mp4,,216.0,219.0,3.0,,,,,,,,,,,,,,,,,
sample063_0219.00_0222.00,sample063.mp4,,219.0,222.0,3.0,,,,,,,,,,,,,,,,,
sample063_0222.00_0225.00,sample063.mp4,,222.0,225.0,3.0,,,,,,,,,,,,,,,,,
sample063_0225.00_0228.00,sample063.mp4,,225.0,228.0,3.0,,,,,,,,,,,,,,,,,
sample063_0228.00_0231.00,sample063.mp4,,228.0,231.0,3.0,,,,,,,,,,,,,,,,,
sample063_0231.00_0234.00,sample063.mp4,,231.0,234.0,3.0,,,,,,,,,,,,,,,,,
sample063_0234.00_0237.00,sample063.mp4,,234.0,237.0,3.0,,,,,,,,,,,,,,,,,
sample063_0237.00_0240.00,sample063.mp4,,237.0,240.0,3.0,,,,,,,,,,,,,,,,,
sample063_0240.00_0243.00,sample063.mp4,,240.0,243.0,3.0,,,,,,,,,,,,,,,,,
sample063_0243.00_0246.00,sample063.mp4,,243.0,246.0,3.0,,,,,,,,,,,,,,,,,
sample063_0246.00_0249.00,sample063.mp4,,246.0,249.0,3.0,,,,,,,,,,,,,,,,,
sample063_0249.00_0252.00,sample063.mp4,,249.0,252.0,3.0,,,,,,,,,,,,,,,,,
sample063_0252.00_0255.00,sample063.mp4,,252.0,255.0,3.0,,,,,,,,,,,,,,,,,
sample063_0255.00_0258.00,sample063.mp4,,255.0,258.0,3.0,,,,,,,,,,,,,,,,,
sample063_0258.00_0261.00,sample063.mp4,,258.0,261.0,3.0,,,,,,,,,,,,,,,,,
sample063_0261.00_0264.00,sample063.mp4,,261.0,264.0,3.0,,,,,,,,,,,,,,,,,
sample063_0264.00_0265.13,sample063.mp4,,264.0,265.13,1.13,,,,,,,,,,,,,,,,,
sample064_0000.00_0003.00,sample064.mp4,,0.0,3.0,3.0,,,,,,,,,,,,,,,,,
sample064_0003.00_0006.00,sample064.mp4,,3.0,6.0,3.0,,,,,,,,,,,,,,,,,
sample064_0006.00_0009.00,sample064.mp4,,6.0,9.0,3.0,,,,,,,,,,,,,,,,,
sample064_0009.00_0012.00,sample064.mp4,,9.0,12.0,3.0,,,,,,,,,,,,,,,,,
sample064_0012.00_0015.00,sample064.mp4,,12.0,15.0,3.0,,,,,,,,,,,,,,,,,
sample064_0015.00_0018.00,sample064.mp4,,15.0,18.0,3.0,,,,,,,,,,,,,,,,,
sample064_0018.00_0021.00,sample064.mp4,,18.0,21.0,3.0,,,,,,,,,,,,,,,,,
sample064_0021.00_0024.00,sample064.mp4,,21.0,24.0,3.0,,,,,,,,,,,,,,,,,
sample064_0024.00_0027.00,sample064.mp4,,24.0,27.0,3.0,,,,,,,,,,,,,,,,,
sample064_0027.00_0030.00,sample064.mp4,,27.0,30.0,3.0,,,,,,,,,,,,,,,,,
sample064_0030.00_0033.00,sample064.mp4,,30.0,33.0,3.0,,,,,,,,,,,,,,,,,
sample064_0033.00_0036.00,sample064.mp4,,33.0,36.0,3.0,,,,,,,,,,,,,,,,,
sample064_0036.00_0039.00,sample064.mp4,,36.0,39.0,3.0,,,,,,,,,,,,,,,,,
sample064_0039.00_0042.00,sample064.mp4,,39.0,42.0,3.0,,,,,,,,,,,,,,,,,
sample064_0042.00_0045.00,sample064.mp4,,42.0,45.0,3.0,,,,,,,,,,,,,,,,,
sample064_0045.00_0048.00,sample064.mp4,,45.0,48.0,3.0,,,,,,,,,,,,,,,,,
sample064_0048.00_0051.00,sample064.mp4,,48.0,51.0,3.0,,,,,,,,,,,,,,,,,
sample064_0051.00_0054.00,sample064.mp4,,51.0,54.0,3.0,,,,,,,,,,,,,,,,,
sample064_0054.00_0057.00,sample064.mp4,,54.0,57.0,3.0,,,,,,,,,,,,,,,,,
sample064_0057.00_0060.00,sample064.mp4,,57.0,60.0,3.0,,,,,,,,,,,,,,,,,
sample064_0060.00_0063.00,sample064.mp4,,60.0,63.0,3.0,,,,,,,,,,,,,,,,,
sample064_0063.00_0066.00,sample064.mp4,,63.0,66.0,3.0,,,,,,,,,,,,,,,,,
sample064_0066.00_0069.00,sample064.mp4,,66.0,69.0,3.0,,,,,,,,,,,,,,,,,
sample064_0069.00_0072.00,sample064.mp4,,69.0,72.0,3.0,,,,,,,,,,,,,,,,,
sample064_0072.00_0075.00,sample064.mp4,,72.0,75.0,3.0,,,,,,,,,,,,,,,,,
sample064_0075.00_0078.00,sample064.mp4,,75.0,78.0,3.0,,,,,,,,,,,,,,,,,
sample064_0078.00_0081.00,sample064.mp4,,78.0,81.0,3.0,,,,,,,,,,,,,,,,,
sample064_0081.00_0084.00,sample064.mp4,,81.0,84.0,3.0,,,,,,,,,,,,,,,,,
sample064_0084.00_0087.00,sample064.mp4,,84.0,87.0,3.0,,,,,,,,,,,,,,,,,
sample064_0087.00_0090.00,sample064.mp4,,87.0,90.0,3.0,,,,,,,,,,,,,,,,,
sample064_0090.00_0093.00,sample064.mp4,,90.0,93.0,3.0,,,,,,,,,,,,,,,,,
sample064_0093.00_0096.00,sample064.mp4,,93.0,96.0,3.0,,,,,,,,,,,,,,,,,
sample064_0096.00_0099.00,sample064.mp4,,96.0,99.0,3.0,,,,,,,,,,,,,,,,,
sample064_0099.00_0102.00,sample064.mp4,,99.0,102.0,3.0,,,,,,,,,,,,,,,,,
sample064_0102.00_0105.00,sample064.mp4,,102.0,105.0,3.0,,,,,,,,,,,,,,,,,
sample064_0105.00_0108.00,sample064.mp4,,105.0,108.0,3.0,,,,,,,,,,,,,,,,,
sample064_0108.00_0111.00,sample064.mp4,,108.0,111.0,3.0,,,,,,,,,,,,,,,,,
sample064_0111.00_0114.00,sample064.mp4,,111.0,114.0,3.0,,,,,,,,,,,,,,,,,
sample064_0114.00_0117.00,sample064.mp4,,114.0,117.0,3.0,,,,,,,,,,,,,,,,,
sample064_0117.00_0120.00,sample064.mp4,,117.0,120.0,3.0,,,,,,,,,,,,,,,,,
sample064_0120.00_0123.00,sample064.mp4,,120.0,123.0,3.0,,,,,,,,,,,,,,,,,
sample064_0123.00_0126.00,sample064.mp4,,123.0,126.0,3.0,,,,,,,,,,,,,,,,,
sample064_0126.00_0129.00,sample064.mp4,,126.0,129.0,3.0,,,,,,,,,,,,,,,,,
sample064_0129.00_0132.00,sample064.mp4,,129.0,132.0,3.0,,,,,,,,,,,,,,,,,
sample064_0132.00_0135.00,sample064.mp4,,132.0,135.0,3.0,,,,,,,,,,,,,,,,,
sample064_0135.00_0138.00,sample064.mp4,,135.0,138.0,3.0,,,,,,,,,,,,,,,,,
sample064_0138.00_0141.00,sample064.mp4,,138.0,141.0,3.0,,,,,,,,,,,,,,,,,
sample064_0141.00_0144.00,sample064.mp4,,141.0,144.0,3.0,,,,,,,,,,,,,,,,,
sample064_0144.00_0147.00,sample064.mp4,,144.0,147.0,3.0,,,,,,,,,,,,,,,,,
sample064_0147.00_0150.00,sample064.mp4,,147.0,150.0,3.0,,,,,,,,,,,,,,,,,
sample064_0150.00_0153.00,sample064.mp4,,150.0,153.0,3.0,,,,,,,,,,,,,,,,,
sample064_0153.00_0156.00,sample064.mp4,,153.0,156.0,3.0,,,,,,,,,,,,,,,,,
sample064_0156.00_0159.00,sample064.mp4,,156.0,159.0,3.0,,,,,,,,,,,,,,,,,
sample064_0159.00_0162.00,sample064.mp4,,159.0,162.0,3.0,,,,,,,,,,,,,,,,,
sample064_0162.00_0165.00,sample064.mp4,,162.0,165.0,3.0,,,,,,,,,,,,,,,,,
sample064_0165.00_0168.00,sample064.mp4,,165.0,168.0,3.0,,,,,,,,,,,,,,,,,
sample064_0168.00_0171.00,sample064.mp4,,168.0,171.0,3.0,,,,,,,,,,,,,,,,,
sample064_0171.00_0174.00,sample064.mp4,,171.0,174.0,3.0,,,,,,,,,,,,,,,,,
sample064_0174.00_0177.00,sample064.mp4,,174.0,177.0,3.0,,,,,,,,,,,,,,,,,
sample064_0177.00_0180.00,sample064.mp4,,177.0,180.0,3.0,,,,,,,,,,,,,,,,,
sample064_0180.00_0183.00,sample064.mp4,,180.0,183.0,3.0,,,,,,,,,,,,,,,,,
sample064_0183.00_0186.00,sample064.mp4,,183.0,186.0,3.0,,,,,,,,,,,,,,,,,
sample064_0186.00_0189.00,sample064.mp4,,186.0,189.0,3.0,,,,,,,,,,,,,,,,,
sample064_0189.00_0192.00,sample064.mp4,,189.0,192.0,3.0,,,,,,,,,,,,,,,,,
sample064_0192.00_0195.00,sample064.mp4,,192.0,195.0,3.0,,,,,,,,,,,,,,,,,
sample064_0195.00_0198.00,sample064.mp4,,195.0,198.0,3.0,,,,,,,,,,,,,,,,,
sample064_0198.00_0201.00,sample064.mp4,,198.0,201.0,3.0,,,,,,,,,,,,,,,,,
sample064_0201.00_0204.00,sample064.mp4,,201.0,204.0,3.0,,,,,,,,,,,,,,,,,
sample064_0204.00_0207.00,sample064.mp4,,204.0,207.0,3.0,,,,,,,,,,,,,,,,,
sample064_0207.00_0210.00,sample064.mp4,,207.0,210.0,3.0,,,,,,,,,,,,,,,,,
sample064_0210.00_0213.00,sample064.mp4,,210.0,213.0,3.0,,,,,,,,,,,,,,,,,
sample064_0213.00_0216.00,sample064.mp4,,213.0,216.0,3.0,,,,,,,,,,,,,,,,,
sample064_0216.00_0219.00,sample064.mp4,,216.0,219.0,3.0,,,,,,,,,,,,,,,,,
sample064_0219.00_0222.00,sample064.mp4,,219.0,222.0,3.0,,,,,,,,,,,,,,,,,
sample064_0222.00_0225.00,sample064.mp4,,222.0,225.0,3.0,,,,,,,,,,,,,,,,,
sample064_0225.00_0228.00,sample064.mp4,,225.0,228.0,3.0,,,,,,,,,,,,,,,,,
sample064_0228.00_0231.00,sample064.mp4,,228.0,231.0,3.0,,,,,,,,,,,,,,,,,
sample064_0231.00_0234.00,sample064.mp4,,231.0,234.0,3.0,,,,,,,,,,,,,,,,,
sample064_0234.00_0237.00,sample064.mp4,,234.0,237.0,3.0,,,,,,,,,,,,,,,,,
sample064_0237.00_0240.00,sample064.mp4,,237.0,240.0,3.0,,,,,,,,,,,,,,,,,
sample064_0240.00_0243.00,sample064.mp4,,240.0,243.0,3.0,,,,,,,,,,,,,,,,,
sample064_0243.00_0246.00,sample064.mp4,,243.0,246.0,3.0,,,,,,,,,,,,,,,,,
sample064_0246.00_0249.00,sample064.mp4,,246.0,249.0,3.0,,,,,,,,,,,,,,,,,
sample064_0249.00_0252.00,sample064.mp4,,249.0,252.0,3.0,,,,,,,,,,,,,,,,,
sample064_0252.00_0255.00,sample064.mp4,,252.0,255.0,3.0,,,,,,,,,,,,,,,,,
sample064_0255.00_0258.00,sample064.mp4,,255.0,258.0,3.0,,,,,,,,,,,,,,,,,
sample064_0258.00_0261.00,sample064.mp4,,258.0,261.0,3.0,,,,,,,,,,,,,,,,,
sample064_0261.00_0264.00,sample064.mp4,,261.0,264.0,3.0,,,,,,,,,,,,,,,,,
sample064_0264.00_0267.00,sample064.mp4,,264.0,267.0,3.0,,,,,,,,,,,,,,,,,
sample064_0267.00_0270.00,sample064.mp4,,267.0,270.0,3.0,,,,,,,,,,,,,,,,,
sample064_0270.00_0273.00,sample064.mp4,,270.0,273.0,3.0,,,,,,,,,,,,,,,,,
sample064_0273.00_0276.00,sample064.mp4,,273.0,276.0,3.0,,,,,,,,,,,,,,,,,
sample064_0276.00_0279.00,sample064.mp4,,276.0,279.0,3.0,,,,,,,,,,,,,,,,,
sample064_0279.00_0282.00,sample064.mp4,,279.0,282.0,3.0,,,,,,,,,,,,,,,,,
sample064_0282.00_0285.00,sample064.mp4,,282.0,285.0,3.0,,,,,,,,,,,,,,,,,
sample064_0285.00_0288.00,sample064.mp4,,285.0,288.0,3.0,,,,,,,,,,,,,,,,,
sample064_0288.00_0291.00,sample064.mp4,,288.0,291.0,3.0,,,,,,,,,,,,,,,,,
sample064_0291.00_0293.40,sample064.mp4,,291.0,293.4,2.4,,,,,,,,,,,,,,,,,
sample065_0000.00_0003.00,sample065.mp4,,0.0,3.0,3.0,,,,,,,,,,,,,,,,,
sample065_0003.00_0006.00,sample065.mp4,,3.0,6.0,3.0,,,,,,,,,,,,,,,,,
sample065_0006.00_0009.00,sample065.mp4,,6.0,9.0,3.0,,,,,,,,,,,,,,,,,
sample065_0009.00_0012.00,sample065.mp4,,9.0,12.0,3.0,,,,,,,,,,,,,,,,,
sample065_0012.00_0015.00,sample065.mp4,,12.0,15.0,3.0,,,,,,,,,,,,,,,,,
sample065_0015.00_0018.00,sample065.mp4,,15.0,18.0,3.0,,,,,,,,,,,,,,,,,
sample065_0018.00_0021.00,sample065.mp4,,18.0,21.0,3.0,,,,,,,,,,,,,,,,,
sample065_0021.00_0024.00,sample065.mp4,,21.0,24.0,3.0,,,,,,,,,,,,,,,,,
sample065_0024.00_0027.00,sample065.mp4,,24.0,27.0,3.0,,,,,,,,,,,,,,,,,
sample065_0027.00_0030.00,sample065.mp4,,27.0,30.0,3.0,,,,,,,,,,,,,,,,,
sample065_0030.00_0033.00,sample065.mp4,,30.0,33.0,3.0,,,,,,,,,,,,,,,,,
sample065_0033.00_0036.00,sample065.mp4,,33.0,36.0,3.0,,,,,,,,,,,,,,,,,
sample065_0036.00_0039.00,sample065.mp4,,36.0,39.0,3.0,,,,,,,,,,,,,,,,,
sample065_0039.00_0042.00,sample065.mp4,,39.0,42.0,3.0,,,,,,,,,,,,,,,,,
sample065_0042.00_0045.00,sample065.mp4,,42.0,45.0,3.0,,,,,,,,,,,,,,,,,
sample065_0045.00_0048.00,sample065.mp4,,45.0,48.0,3.0,,,,,,,,,,,,,,,,,
sample065_0048.00_0051.00,sample065.mp4,,48.0,51.0,3.0,,,,,,,,,,,,,,,,,
sample065_0051.00_0054.00,sample065.mp4,,51.0,54.0,3.0,,,,,,,,,,,,,,,,,
sample065_0054.00_0057.00,sample065.mp4,,54.0,57.0,3.0,,,,,,,,,,,,,,,,,
sample065_0057.00_0060.00,sample065.mp4,,57.0,60.0,3.0,,,,,,,,,,,,,,,,,
sample065_0060.00_0063.00,sample065.mp4,,60.0,63.0,3.0,,,,,,,,,,,,,,,,,
sample065_0063.00_0066.00,sample065.mp4,,63.0,66.0,3.0,,,,,,,,,,,,,,,,,
sample065_0066.00_0069.00,sample065.mp4,,66.0,69.0,3.0,,,,,,,,,,,,,,,,,
sample065_0069.00_0072.00,sample065.mp4,,69.0,72.0,3.0,,,,,,,,,,,,,,,,,
sample065_0072.00_0075.00,sample065.mp4,,72.0,75.0,3.0,,,,,,,,,,,,,,,,,
sample065_0075.00_0078.00,sample065.mp4,,75.0,78.0,3.0,,,,,,,,,,,,,,,,,
sample065_0078.00_0081.00,sample065.mp4,,78.0,81.0,3.0,,,,,,,,,,,,,,,,,
sample065_0081.00_0084.00,sample065.mp4,,81.0,84.0,3.0,,,,,,,,,,,,,,,,,
sample065_0084.00_0087.00,sample065.mp4,,84.0,87.0,3.0,,,,,,,,,,,,,,,,,
sample065_0087.00_0090.00,sample065.mp4,,87.0,90.0,3.0,,,,,,,,,,,,,,,,,
sample065_0090.00_0093.00,sample065.mp4,,90.0,93.0,3.0,,,,,,,,,,,,,,,,,
sample065_0093.00_0096.00,sample065.mp4,,93.0,96.0,3.0,,,,,,,,,,,,,,,,,
sample065_0096.00_0099.00,sample065.mp4,,96.0,99.0,3.0,,,,,,,,,,,,,,,,,
sample065_0099.00_0102.00,sample065.mp4,,99.0,102.0,3.0,,,,,,,,,,,,,,,,,
sample065_0102.00_0105.00,sample065.mp4,,102.0,105.0,3.0,,,,,,,,,,,,,,,,,
sample065_0105.00_0108.00,sample065.mp4,,105.0,108.0,3.0,,,,,,,,,,,,,,,,,
sample065_0108.00_0111.00,sample065.mp4,,108.0,111.0,3.0,,,,,,,,,,,,,,,,,
sample065_0111.00_0114.00,sample065.mp4,,111.0,114.0,3.0,,,,,,,,,,,,,,,,,
sample065_0114.00_0117.00,sample065.mp4,,114.0,117.0,3.0,,,,,,,,,,,,,,,,,
sample065_0117.00_0120.00,sample065.mp4,,117.0,120.0,3.0,,,,,,,,,,,,,,,,,
sample065_0120.00_0123.00,sample065.mp4,,120.0,123.0,3.0,,,,,,,,,,,,,,,,,
sample065_0123.00_0126.00,sample065.mp4,,123.0,126.0,3.0,,,,,,,,,,,,,,,,,
sample065_0126.00_0129.00,sample065.mp4,,126.0,129.0,3.0,,,,,,,,,,,,,,,,,
sample065_0129.00_0132.00,sample065.mp4,,129.0,132.0,3.0,,,,,,,,,,,,,,,,,
sample065_0132.00_0135.00,sample065.mp4,,132.0,135.0,3.0,,,,,,,,,,,,,,,,,
sample065_0135.00_0138.00,sample065.mp4,,135.0,138.0,3.0,,,,,,,,,,,,,,,,,
sample065_0138.00_0141.00,sample065.mp4,,138.0,141.0,3.0,,,,,,,,,,,,,,,,,
sample065_0141.00_0144.00,sample065.mp4,,141.0,144.0,3.0,,,,,,,,,,,,,,,,,
sample065_0144.00_0147.00,sample065.mp4,,144.0,147.0,3.0,,,,,,,,,,,,,,,,,
sample065_0147.00_0150.00,sample065.mp4,,147.0,150.0,3.0,,,,,,,,,,,,,,,,,
sample065_0150.00_0153.00,sample065.mp4,,150.0,153.0,3.0,,,,,,,,,,,,,,,,,
sample065_0153.00_0156.00,sample065.mp4,,153.0,156.0,3.0,,,,,,,,,,,,,,,,,
sample065_0156.00_0159.00,sample065.mp4,,156.0,159.0,3.0,,,,,,,,,,,,,,,,,
sample065_0159.00_0162.00,sample065.mp4,,159.0,162.0,3.0,,,,,,,,,,,,,,,,,
sample065_0162.00_0165.00,sample065.mp4,,162.0,165.0,3.0,,,,,,,,,,,,,,,,,
sample065_0165.00_0168.00,sample065.mp4,,165.0,168.0,3.0,,,,,,,,,,,,,,,,,
sample065_0168.00_0171.00,sample065.mp4,,168.0,171.0,3.0,,,,,,,,,,,,,,,,,
sample065_0171.00_0174.00,sample065.mp4,,171.0,174.0,3.0,,,,,,,,,,,,,,,,,
sample065_0174.00_0177.00,sample065.mp4,,174.0,177.0,3.0,,,,,,,,,,,,,,,,,
sample065_0177.00_0180.00,sample065.mp4,,177.0,180.0,3.0,,,,,,,,,,,,,,,,,
sample065_0180.00_0183.00,sample065.mp4,,180.0,183.0,3.0,,,,,,,,,,,,,,,,,
sample065_0183.00_0186.00,sample065.mp4,,183.0,186.0,3.0,,,,,,,,,,,,,,,,,
sample065_0186.00_0189.00,sample065.mp4,,186.0,189.0,3.0,,,,,,,,,,,,,,,,,
sample065_0189.00_0192.00,sample065.mp4,,189.0,192.0,3.0,,,,,,,,,,,,,,,,,
sample065_0192.00_0195.00,sample065.mp4,,192.0,195.0,3.0,,,,,,,,,,,,,,,,,
sample065_0195.00_0198.00,sample065.mp4,,195.0,198.0,3.0,,,,,,,,,,,,,,,,,
sample065_0198.00_0201.00,sample065.mp4,,198.0,201.0,3.0,,,,,,,,,,,,,,,,,
sample065_0201.00_0204.00,sample065.mp4,,201.0,204.0,3.0,,,,,,,,,,,,,,,,,
sample065_0204.00_0207.00,sample065.mp4,,204.0,207.0,3.0,,,,,,,,,,,,,,,,,
sample065_0207.00_0210.00,sample065.mp4,,207.0,210.0,3.0,,,,,,,,,,,,,,,,,
sample065_0210.00_0213.00,sample065.mp4,,210.0,213.0,3.0,,,,,,,,,,,,,,,,,
sample065_0213.00_0216.00,sample065.mp4,,213.0,216.0,3.0,,,,,,,,,,,,,,,,,
sample065_0216.00_0219.00,sample065.mp4,,216.0,219.0,3.0,,,,,,,,,,,,,,,,,
sample065_0219.00_0222.00,sample065.mp4,,219.0,222.0,3.0,,,,,,,,,,,,,,,,,
sample065_0222.00_0225.00,sample065.mp4,,222.0,225.0,3.0,,,,,,,,,,,,,,,,,
sample065_0225.00_0228.00,sample065.mp4,,225.0,228.0,3.0,,,,,,,,,,,,,,,,,
sample065_0228.00_0231.00,sample065.mp4,,228.0,231.0,3.0,,,,,,,,,,,,,,,,,
sample065_0231.00_0234.00,sample065.mp4,,231.0,234.0,3.0,,,,,,,,,,,,,,,,,
sample065_0234.00_0237.00,sample065.mp4,,234.0,237.0,3.0,,,,,,,,,,,,,,,,,
sample065_0237.00_0240.00,sample065.mp4,,237.0,240.0,3.0,,,,,,,,,,,,,,,,,
sample065_0240.00_0243.00,sample065.mp4,,240.0,243.0,3.0,,,,,,,,,,,,,,,,,
sample065_0243.00_0246.00,sample065.mp4,,243.0,246.0,3.0,,,,,,,,,,,,,,,,,
sample065_0246.00_0249.00,sample065.mp4,,246.0,249.0,3.0,,,,,,,,,,,,,,,,,
sample065_0249.00_0252.00,sample065.mp4,,249.0,252.0,3.0,,,,,,,,,,,,,,,,,
sample065_0252.00_0255.00,sample065.mp4,,252.0,255.0,3.0,,,,,,,,,,,,,,,,,
sample065_0255.00_0258.00,sample065.mp4,,255.0,258.0,3.0,,,,,,,,,,,,,,,,,
sample065_0258.00_0261.00,sample065.mp4,,258.0,261.0,3.0,,,,,,,,,,,,,,,,,
sample065_0261.00_0264.00,sample065.mp4,,261.0,264.0,3.0,,,,,,,,,,,,,,,,,
sample065_0264.00_0267.00,sample065.mp4,,264.0,267.0,3.0,,,,,,,,,,,,,,,,,
sample065_0267.00_0270.00,sample065.mp4,,267.0,270.0,3.0,,,,,,,,,,,,,,,,,
sample065_0270.00_0273.00,sample065.mp4,,270.0,273.0,3.0,,,,,,,,,,,,,,,,,
sample065_0273.00_0276.00,sample065.mp4,,273.0,276.0,3.0,,,,,,,,,,,,,,,,,
sample065_0276.00_0279.00,sample065.mp4,,276.0,279.0,3.0,,,,,,,,,,,,,,,,,
sample065_0279.00_0282.00,sample065.mp4,,279.0,282.0,3.0,,,,,,,,,,,,,,,,,
sample065_0282.00_0285.00,sample065.mp4,,282.0,285.0,3.0,,,,,,,,,,,,,,,,,
sample065_0285.00_0288.00,sample065.mp4,,285.0,288.0,3.0,,,,,,,,,,,,,,,,,
sample065_0288.00_0291.00,sample065.mp4,,288.0,291.0,3.0,,,,,,,,,,,,,,,,,
sample065_0291.00_0294.00,sample065.mp4,,291.0,294.0,3.0,,,,,,,,,,,,,,,,,
sample065_0294.00_0297.00,sample065.mp4,,294.0,297.0,3.0,,,,,,,,,,,,,,,,,
sample065_0297.00_0299.60,sample065.mp4,,297.0,299.6,2.6,,,,,,,,,,,,,,,,,
sample066_0000.00_0003.00,sample066.mp4,,0.0,3.0,3.0,,,,,,,,,,,,,,,,,
sample066_0003.00_0006.00,sample066.mp4,,3.0,6.0,3.0,,,,,,,,,,,,,,,,,
sample066_0006.00_0009.00,sample066.mp4,,6.0,9.0,3.0,,,,,,,,,,,,,,,,,
sample066_0009.00_0012.00,sample066.mp4,,9.0,12.0,3.0,,,,,,,,,,,,,,,,,
sample066_0012.00_0015.00,sample066.mp4,,12.0,15.0,3.0,,,,,,,,,,,,,,,,,
sample066_0015.00_0018.00,sample066.mp4,,15.0,18.0,3.0,,,,,,,,,,,,,,,,,
sample066_0018.00_0021.00,sample066.mp4,,18.0,21.0,3.0,,,,,,,,,,,,,,,,,
sample066_0021.00_0024.00,sample066.mp4,,21.0,24.0,3.0,,,,,,,,,,,,,,,,,
sample066_0024.00_0027.00,sample066.mp4,,24.0,27.0,3.0,,,,,,,,,,,,,,,,,
sample066_0027.00_0030.00,sample066.mp4,,27.0,30.0,3.0,,,,,,,,,,,,,,,,,
sample066_0030.00_0033.00,sample066.mp4,,30.0,33.0,3.0,,,,,,,,,,,,,,,,,
sample066_0033.00_0036.00,sample066.mp4,,33.0,36.0,3.0,,,,,,,,,,,,,,,,,
sample066_0036.00_0039.00,sample066.mp4,,36.0,39.0,3.0,,,,,,,,,,,,,,,,,
sample066_0039.00_0042.00,sample066.mp4,,39.0,42.0,3.0,,,,,,,,,,,,,,,,,
sample066_0042.00_0045.00,sample066.mp4,,42.0,45.0,3.0,,,,,,,,,,,,,,,,,
sample066_0045.00_0048.00,sample066.mp4,,45.0,48.0,3.0,,,,,,,,,,,,,,,,,
sample066_0048.00_0051.00,sample066.mp4,,48.0,51.0,3.0,,,,,,,,,,,,,,,,,
sample066_0051.00_0054.00,sample066.mp4,,51.0,54.0,3.0,,,,,,,,,,,,,,,,,
sample066_0054.00_0057.00,sample066.mp4,,54.0,57.0,3.0,,,,,,,,,,,,,,,,,
sample066_0057.00_0060.00,sample066.mp4,,57.0,60.0,3.0,,,,,,,,,,,,,,,,,
sample066_0060.00_0063.00,sample066.mp4,,60.0,63.0,3.0,,,,,,,,,,,,,,,,,
sample066_0063.00_0066.00,sample066.mp4,,63.0,66.0,3.0,,,,,,,,,,,,,,,,,
sample066_0066.00_0069.00,sample066.mp4,,66.0,69.0,3.0,,,,,,,,,,,,,,,,,
sample066_0069.00_0072.00,sample066.mp4,,69.0,72.0,3.0,,,,,,,,,,,,,,,,,
sample066_0072.00_0075.00,sample066.mp4,,72.0,75.0,3.0,,,,,,,,,,,,,,,,,
sample066_0075.00_0078.00,sample066.mp4,,75.0,78.0,3.0,,,,,,,,,,,,,,,,,
sample066_0078.00_0081.00,sample066.mp4,,78.0,81.0,3.0,,,,,,,,,,,,,,,,,
sample066_0081.00_0084.00,sample066.mp4,,81.0,84.0,3.0,,,,,,,,,,,,,,,,,
sample066_0084.00_0087.00,sample066.mp4,,84.0,87.0,3.0,,,,,,,,,,,,,,,,,
sample066_0087.00_0090.00,sample066.mp4,,87.0,90.0,3.0,,,,,,,,,,,,,,,,,
sample066_0090.00_0093.00,sample066.mp4,,90.0,93.0,3.0,,,,,,,,,,,,,,,,,
sample066_0093.00_0096.00,sample066.mp4,,93.0,96.0,3.0,,,,,,,,,,,,,,,,,
sample066_0096.00_0099.00,sample066.mp4,,96.0,99.0,3.0,,,,,,,,,,,,,,,,,
sample066_0099.00_0102.00,sample066.mp4,,99.0,102.0,3.0,,,,,,,,,,,,,,,,,
sample066_0102.00_0105.00,sample066.mp4,,102.0,105.0,3.0,,,,,,,,,,,,,,,,,
sample066_0105.00_0108.00,sample066.mp4,,105.0,108.0,3.0,,,,,,,,,,,,,,,,,
sample066_0108.00_0111.00,sample066.mp4,,108.0,111.0,3.0,,,,,,,,,,,,,,,,,
sample066_0111.00_0114.00,sample066.mp4,,111.0,114.0,3.0,,,,,,,,,,,,,,,,,
sample066_0114.00_0117.00,sample066.mp4,,114.0,117.0,3.0,,,,,,,,,,,,,,,,,
sample066_0117.00_0120.00,sample066.mp4,,117.0,120.0,3.0,,,,,,,,,,,,,,,,,
sample066_0120.00_0123.00,sample066.mp4,,120.0,123.0,3.0,,,,,,,,,,,,,,,,,
sample066_0123.00_0126.00,sample066.mp4,,123.0,126.0,3.0,,,,,,,,,,,,,,,,,
sample066_0126.00_0129.00,sample066.mp4,,126.0,129.0,3.0,,,,,,,,,,,,,,,,,
sample066_0129.00_0132.00,sample066.mp4,,129.0,132.0,3.0,,,,,,,,,,,,,,,,,
sample066_0132.00_0135.00,sample066.mp4,,132.0,135.0,3.0,,,,,,,,,,,,,,,,,
sample066_0135.00_0138.00,sample066.mp4,,135.0,138.0,3.0,,,,,,,,,,,,,,,,,
sample066_0138.00_0141.00,sample066.mp4,,138.0,141.0,3.0,,,,,,,,,,,,,,,,,
sample066_0141.00_0144.00,sample066.mp4,,141.0,144.0,3.0,,,,,,,,,,,,,,,,,
sample066_0144.00_0147.00,sample066.mp4,,144.0,147.0,3.0,,,,,,,,,,,,,,,,,
sample066_0147.00_0150.00,sample066.mp4,,147.0,150.0,3.0,,,,,,,,,,,,,,,,,
sample066_0150.00_0153.00,sample066.mp4,,150.0,153.0,3.0,,,,,,,,,,,,,,,,,
sample066_0153.00_0156.00,sample066.mp4,,153.0,156.0,3.0,,,,,,,,,,,,,,,,,
sample066_0156.00_0159.00,sample066.mp4,,156.0,159.0,3.0,,,,,,,,,,,,,,,,,
sample066_0159.00_0162.00,sample066.mp4,,159.0,162.0,3.0,,,,,,,,,,,,,,,,,
sample066_0162.00_0165.00,sample066.mp4,,162.0,165.0,3.0,,,,,,,,,,,,,,,,,
sample066_0165.00_0168.00,sample066.mp4,,165.0,168.0,3.0,,,,,,,,,,,,,,,,,
sample066_0168.00_0171.00,sample066.mp4,,168.0,171.0,3.0,,,,,,,,,,,,,,,,,
sample066_0171.00_0174.00,sample066.mp4,,171.0,174.0,3.0,,,,,,,,,,,,,,,,,
sample066_0174.00_0177.00,sample066.mp4,,174.0,177.0,3.0,,,,,,,,,,,,,,,,,
sample066_0177.00_0180.00,sample066.mp4,,177.0,180.0,3.0,,,,,,,,,,,,,,,,,
sample066_0180.00_0183.00,sample066.mp4,,180.0,183.0,3.0,,,,,,,,,,,,,,,,,
sample066_0183.00_0186.00,sample066.mp4,,183.0,186.0,3.0,,,,,,,,,,,,,,,,,
sample066_0186.00_0189.00,sample066.mp4,,186.0,189.0,3.0,,,,,,,,,,,,,,,,,
sample066_0189.00_0192.00,sample066.mp4,,189.0,192.0,3.0,,,,,,,,,,,,,,,,,
sample066_0192.00_0195.00,sample066.mp4,,192.0,195.0,3.0,,,,,,,,,,,,,,,,,
sample066_0195.00_0198.00,sample066.mp4,,195.0,198.0,3.0,,,,,,,,,,,,,,,,,
sample066_0198.00_0201.00,sample066.mp4,,198.0,201.0,3.0,,,,,,,,,,,,,,,,,
sample066_0201.00_0204.00,sample066.mp4,,201.0,204.0,3.0,,,,,,,,,,,,,,,,,
sample066_0204.00_0207.00,sample066.mp4,,204.0,207.0,3.0,,,,,,,,,,,,,,,,,
sample066_0207.00_0210.00,sample066.mp4,,207.0,210.0,3.0,,,,,,,,,,,,,,,,,
sample066_0210.00_0213.00,sample066.mp4,,210.0,213.0,3.0,,,,,,,,,,,,,,,,,
sample066_0213.00_0216.00,sample066.mp4,,213.0,216.0,3.0,,,,,,,,,,,,,,,,,
sample066_0216.00_0219.00,sample066.mp4,,216.0,219.0,3.0,,,,,,,,,,,,,,,,,
sample066_0219.00_0222.00,sample066.mp4,,219.0,222.0,3.0,,,,,,,,,,,,,,,,,
sample066_0222.00_0225.00,sample066.mp4,,222.0,225.0,3.0,,,,,,,,,,,,,,,,,
sample066_0225.00_0228.00,sample066.mp4,,225.0,228.0,3.0,,,,,,,,,,,,,,,,,
sample066_0228.00_0231.00,sample066.mp4,,228.0,231.0,3.0,,,,,,,,,,,,,,,,,
sample066_0231.00_0234.00,sample066.mp4,,231.0,234.0,3.0,,,,,,,,,,,,,,,,,
sample066_0234.00_0237.00,sample066.mp4,,234.0,237.0,3.0,,,,,,,,,,,,,,,,,
sample066_0237.00_0240.00,sample066.mp4,,237.0,240.0,3.0,,,,,,,,,,,,,,,,,
sample066_0240.00_0243.00,sample066.mp4,,240.0,243.0,3.0,,,,,,,,,,,,,,,,,
sample066_0243.00_0246.00,sample066.mp4,,243.0,246.0,3.0,,,,,,,,,,,,,,,,,
sample066_0246.00_0249.00,sample066.mp4,,246.0,249.0,3.0,,,,,,,,,,,,,,,,,
sample066_0249.00_0252.00,sample066.mp4,,249.0,252.0,3.0,,,,,,,,,,,,,,,,,
sample066_0252.00_0255.00,sample066.mp4,,252.0,255.0,3.0,,,,,,,,,,,,,,,,,
sample066_0255.00_0258.00,sample066.mp4,,255.0,258.0,3.0,,,,,,,,,,,,,,,,,
sample066_0258.00_0261.00,sample066.mp4,,258.0,261.0,3.0,,,,,,,,,,,,,,,,,
sample066_0261.00_0264.00,sample066.mp4,,261.0,264.0,3.0,,,,,,,,,,,,,,,,,
sample066_0264.00_0267.00,sample066.mp4,,264.0,267.0,3.0,,,,,,,,,,,,,,,,,
sample066_0267.00_0270.00,sample066.mp4,,267.0,270.0,3.0,,,,,,,,,,,,,,,,,
sample066_0270.00_0273.00,sample066.mp4,,270.0,273.0,3.0,,,,,,,,,,,,,,,,,
sample066_0273.00_0276.00,sample066.mp4,,273.0,276.0,3.0,,,,,,,,,,,,,,,,,
sample066_0276.00_0279.00,sample066.mp4,,276.0,279.0,3.0,,,,,,,,,,,,,,,,,
sample066_0279.00_0282.00,sample066.mp4,,279.0,282.0,3.0,,,,,,,,,,,,,,,,,
sample066_0282.00_0285.00,sample066.mp4,,282.0,285.0,3.0,,,,,,,,,,,,,,,,,
sample066_0285.00_0288.00,sample066.mp4,,285.0,288.0,3.0,,,,,,,,,,,,,,,,,
sample066_0288.00_0291.00,sample066.mp4,,288.0,291.0,3.0,,,,,,,,,,,,,,,,,
sample066_0291.00_0294.00,sample066.mp4,,291.0,294.0,3.0,,,,,,,,,,,,,,,,,
sample066_0294.00_0297.00,sample066.mp4,,294.0,297.0,3.0,,,,,,,,,,,,,,,,,
sample066_0297.00_0298.93,sample066.mp4,,297.0,298.93,1.93,,,,,,,,,,,,,,,,,
sample067_0000.00_0003.00,sample067.mp4,,0.0,3.0,3.0,,,,,,,,,,,,,,,,,
sample067_0003.00_0006.00,sample067.mp4,,3.0,6.0,3.0,,,,,,,,,,,,,,,,,
sample067_0006.00_0009.00,sample067.mp4,,6.0,9.0,3.0,,,,,,,,,,,,,,,,,
sample067_0009.00_0012.00,sample067.mp4,,9.0,12.0,3.0,,,,,,,,,,,,,,,,,
sample067_0012.00_0015.00,sample067.mp4,,12.0,15.0,3.0,,,,,,,,,,,,,,,,,
sample067_0015.00_0018.00,sample067.mp4,,15.0,18.0,3.0,,,,,,,,,,,,,,,,,
sample067_0018.00_0021.00,sample067.mp4,,18.0,21.0,3.0,,,,,,,,,,,,,,,,,
sample067_0021.00_0024.00,sample067.mp4,,21.0,24.0,3.0,,,,,,,,,,,,,,,,,
sample067_0024.00_0027.00,sample067.mp4,,24.0,27.0,3.0,,,,,,,,,,,,,,,,,
sample067_0027.00_0030.00,sample067.mp4,,27.0,30.0,3.0,,,,,,,,,,,,,,,,,
sample067_0030.00_0033.00,sample067.mp4,,30.0,33.0,3.0,,,,,,,,,,,,,,,,,
sample067_0033.00_0036.00,sample067.mp4,,33.0,36.0,3.0,,,,,,,,,,,,,,,,,
sample067_0036.00_0039.00,sample067.mp4,,36.0,39.0,3.0,,,,,,,,,,,,,,,,,
sample067_0039.00_0042.00,sample067.mp4,,39.0,42.0,3.0,,,,,,,,,,,,,,,,,
sample067_0042.00_0045.00,sample067.mp4,,42.0,45.0,3.0,,,,,,,,,,,,,,,,,
sample067_0045.00_0048.00,sample067.mp4,,45.0,48.0,3.0,,,,,,,,,,,,,,,,,
sample067_0048.00_0051.00,sample067.mp4,,48.0,51.0,3.0,,,,,,,,,,,,,,,,,
sample067_0051.00_0054.00,sample067.mp4,,51.0,54.0,3.0,,,,,,,,,,,,,,,,,
sample067_0054.00_0057.00,sample067.mp4,,54.0,57.0,3.0,,,,,,,,,,,,,,,,,
sample067_0057.00_0060.00,sample067.mp4,,57.0,60.0,3.0,,,,,,,,,,,,,,,,,
sample067_0060.00_0063.00,sample067.mp4,,60.0,63.0,3.0,,,,,,,,,,,,,,,,,
sample067_0063.00_0066.00,sample067.mp4,,63.0,66.0,3.0,,,,,,,,,,,,,,,,,
sample067_0066.00_0069.00,sample067.mp4,,66.0,69.0,3.0,,,,,,,,,,,,,,,,,
sample067_0069.00_0072.00,sample067.mp4,,69.0,72.0,3.0,,,,,,,,,,,,,,,,,
sample067_0072.00_0075.00,sample067.mp4,,72.0,75.0,3.0,,,,,,,,,,,,,,,,,
sample067_0075.00_0078.00,sample067.mp4,,75.0,78.0,3.0,,,,,,,,,,,,,,,,,
sample067_0078.00_0081.00,sample067.mp4,,78.0,81.0,3.0,,,,,,,,,,,,,,,,,
sample067_0081.00_0084.00,sample067.mp4,,81.0,84.0,3.0,,,,,,,,,,,,,,,,,
sample067_0084.00_0087.00,sample067.mp4,,84.0,87.0,3.0,,,,,,,,,,,,,,,,,
sample067_0087.00_0090.00,sample067.mp4,,87.0,90.0,3.0,,,,,,,,,,,,,,,,,
sample067_0090.00_0093.00,sample067.mp4,,90.0,93.0,3.0,,,,,,,,,,,,,,,,,
sample067_0093.00_0096.00,sample067.mp4,,93.0,96.0,3.0,,,,,,,,,,,,,,,,,
sample067_0096.00_0099.00,sample067.mp4,,96.0,99.0,3.0,,,,,,,,,,,,,,,,,
sample067_0099.00_0102.00,sample067.mp4,,99.0,102.0,3.0,,,,,,,,,,,,,,,,,
sample067_0102.00_0105.00,sample067.mp4,,102.0,105.0,3.0,,,,,,,,,,,,,,,,,
sample067_0105.00_0108.00,sample067.mp4,,105.0,108.0,3.0,,,,,,,,,,,,,,,,,
sample067_0108.00_0111.00,sample067.mp4,,108.0,111.0,3.0,,,,,,,,,,,,,,,,,
sample067_0111.00_0114.00,sample067.mp4,,111.0,114.0,3.0,,,,,,,,,,,,,,,,,
sample067_0114.00_0117.00,sample067.mp4,,114.0,117.0,3.0,,,,,,,,,,,,,,,,,
sample067_0117.00_0120.00,sample067.mp4,,117.0,120.0,3.0,,,,,,,,,,,,,,,,,
sample067_0120.00_0123.00,sample067.mp4,,120.0,123.0,3.0,,,,,,,,,,,,,,,,,
sample067_0123.00_0126.00,sample067.mp4,,123.0,126.0,3.0,,,,,,,,,,,,,,,,,
sample067_0126.00_0129.00,sample067.mp4,,126.0,129.0,3.0,,,,,,,,,,,,,,,,,
sample067_0129.00_0132.00,sample067.mp4,,129.0,132.0,3.0,,,,,,,,,,,,,,,,,
sample067_0132.00_0135.00,sample067.mp4,,132.0,135.0,3.0,,,,,,,,,,,,,,,,,
sample067_0135.00_0138.00,sample067.mp4,,135.0,138.0,3.0,,,,,,,,,,,,,,,,,
sample067_0138.00_0141.00,sample067.mp4,,138.0,141.0,3.0,,,,,,,,,,,,,,,,,
sample067_0141.00_0144.00,sample067.mp4,,141.0,144.0,3.0,,,,,,,,,,,,,,,,,
sample067_0144.00_0147.00,sample067.mp4,,144.0,147.0,3.0,,,,,,,,,,,,,,,,,
sample067_0147.00_0150.00,sample067.mp4,,147.0,150.0,3.0,,,,,,,,,,,,,,,,,
sample067_0150.00_0153.00,sample067.mp4,,150.0,153.0,3.0,,,,,,,,,,,,,,,,,
sample067_0153.00_0156.00,sample067.mp4,,153.0,156.0,3.0,,,,,,,,,,,,,,,,,
sample067_0156.00_0159.00,sample067.mp4,,156.0,159.0,3.0,,,,,,,,,,,,,,,,,
sample067_0159.00_0162.00,sample067.mp4,,159.0,162.0,3.0,,,,,,,,,,,,,,,,,
sample067_0162.00_0165.00,sample067.mp4,,162.0,165.0,3.0,,,,,,,,,,,,,,,,,
sample067_0165.00_0168.00,sample067.mp4,,165.0,168.0,3.0,,,,,,,,,,,,,,,,,
sample067_0168.00_0171.00,sample067.mp4,,168.0,171.0,3.0,,,,,,,,,,,,,,,,,
sample067_0171.00_0174.00,sample067.mp4,,171.0,174.0,3.0,,,,,,,,,,,,,,,,,
sample067_0174.00_0177.00,sample067.mp4,,174.0,177.0,3.0,,,,,,,,,,,,,,,,,
sample067_0177.00_0180.00,sample067.mp4,,177.0,180.0,3.0,,,,,,,,,,,,,,,,,
sample067_0180.00_0183.00,sample067.mp4,,180.0,183.0,3.0,,,,,,,,,,,,,,,,,
sample067_0183.00_0186.00,sample067.mp4,,183.0,186.0,3.0,,,,,,,,,,,,,,,,,
sample067_0186.00_0189.00,sample067.mp4,,186.0,189.0,3.0,,,,,,,,,,,,,,,,,
sample067_0189.00_0192.00,sample067.mp4,,189.0,192.0,3.0,,,,,,,,,,,,,,,,,
sample067_0192.00_0195.00,sample067.mp4,,192.0,195.0,3.0,,,,,,,,,,,,,,,,,
sample067_0195.00_0198.00,sample067.mp4,,195.0,198.0,3.0,,,,,,,,,,,,,,,,,
sample067_0198.00_0201.00,sample067.mp4,,198.0,201.0,3.0,,,,,,,,,,,,,,,,,
sample067_0201.00_0204.00,sample067.mp4,,201.0,204.0,3.0,,,,,,,,,,,,,,,,,
sample067_0204.00_0207.00,sample067.mp4,,204.0,207.0,3.0,,,,,,,,,,,,,,,,,
sample067_0207.00_0210.00,sample067.mp4,,207.0,210.0,3.0,,,,,,,,,,,,,,,,,
sample067_0210.00_0213.00,sample067.mp4,,210.0,213.0,3.0,,,,,,,,,,,,,,,,,
sample067_0213.00_0216.00,sample067.mp4,,213.0,216.0,3.0,,,,,,,,,,,,,,,,,
sample067_0216.00_0219.00,sample067.mp4,,216.0,219.0,3.0,,,,,,,,,,,,,,,,,
sample067_0219.00_0222.00,sample067.mp4,,219.0,222.0,3.0,,,,,,,,,,,,,,,,,
sample067_0222.00_0225.00,sample067.mp4,,222.0,225.0,3.0,,,,,,,,,,,,,,,,,
sample067_0225.00_0228.00,sample067.mp4,,225.0,228.0,3.0,,,,,,,,,,,,,,,,,
sample067_0228.00_0231.00,sample067.mp4,,228.0,231.0,3.0,,,,,,,,,,,,,,,,,
sample067_0231.00_0234.00,sample067.mp4,,231.0,234.0,3.0,,,,,,,,,,,,,,,,,
sample067_0234.00_0237.00,sample067.mp4,,234.0,237.0,3.0,,,,,,,,,,,,,,,,,
sample067_0237.00_0240.00,sample067.mp4,,237.0,240.0,3.0,,,,,,,,,,,,,,,,,
sample067_0240.00_0243.00,sample067.mp4,,240.0,243.0,3.0,,,,,,,,,,,,,,,,,
sample067_0243.00_0246.00,sample067.mp4,,243.0,246.0,3.0,,,,,,,,,,,,,,,,,
sample067_0246.00_0249.00,sample067.mp4,,246.0,249.0,3.0,,,,,,,,,,,,,,,,,
sample067_0249.00_0252.00,sample067.mp4,,249.0,252.0,3.0,,,,,,,,,,,,,,,,,
sample067_0252.00_0255.00,sample067.mp4,,252.0,255.0,3.0,,,,,,,,,,,,,,,,,
sample067_0255.00_0258.00,sample067.mp4,,255.0,258.0,3.0,,,,,,,,,,,,,,,,,
sample067_0258.00_0261.00,sample067.mp4,,258.0,261.0,3.0,,,,,,,,,,,,,,,,,
sample067_0261.00_0264.00,sample067.mp4,,261.0,264.0,3.0,,,,,,,,,,,,,,,,,
sample067_0264.00_0264.90,sample067.mp4,,264.0,264.9,0.9,,,,,,,,,,,,,,,,,
sample068_0000.00_0003.00,sample068.mp4,,0.0,3.0,3.0,,,,,,,,,,,,,,,,,
sample068_0003.00_0006.00,sample068.mp4,,3.0,6.0,3.0,,,,,,,,,,,,,,,,,
sample068_0006.00_0009.00,sample068.mp4,,6.0,9.0,3.0,,,,,,,,,,,,,,,,,
sample068_0009.00_0012.00,sample068.mp4,,9.0,12.0,3.0,,,,,,,,,,,,,,,,,
sample068_0012.00_0015.00,sample068.mp4,,12.0,15.0,3.0,,,,,,,,,,,,,,,,,
sample068_0015.00_0018.00,sample068.mp4,,15.0,18.0,3.0,,,,,,,,,,,,,,,,,
sample068_0018.00_0021.00,sample068.mp4,,18.0,21.0,3.0,,,,,,,,,,,,,,,,,
sample068_0021.00_0024.00,sample068.mp4,,21.0,24.0,3.0,,,,,,,,,,,,,,,,,
sample068_0024.00_0027.00,sample068.mp4,,24.0,27.0,3.0,,,,,,,,,,,,,,,,,
sample068_0027.00_0030.00,sample068.mp4,,27.0,30.0,3.0,,,,,,,,,,,,,,,,,
sample068_0030.00_0033.00,sample068.mp4,,30.0,33.0,3.0,,,,,,,,,,,,,,,,,
sample068_0033.00_0036.00,sample068.mp4,,33.0,36.0,3.0,,,,,,,,,,,,,,,,,
sample068_0036.00_0039.00,sample068.mp4,,36.0,39.0,3.0,,,,,,,,,,,,,,,,,
sample068_0039.00_0042.00,sample068.mp4,,39.0,42.0,3.0,,,,,,,,,,,,,,,,,
sample068_0042.00_0045.00,sample068.mp4,,42.0,45.0,3.0,,,,,,,,,,,,,,,,,
sample068_0045.00_0048.00,sample068.mp4,,45.0,48.0,3.0,,,,,,,,,,,,,,,,,
sample068_0048.00_0051.00,sample068.mp4,,48.0,51.0,3.0,,,,,,,,,,,,,,,,,
sample068_0051.00_0054.00,sample068.mp4,,51.0,54.0,3.0,,,,,,,,,,,,,,,,,
sample068_0054.00_0057.00,sample068.mp4,,54.0,57.0,3.0,,,,,,,,,,,,,,,,,
sample068_0057.00_0060.00,sample068.mp4,,57.0,60.0,3.0,,,,,,,,,,,,,,,,,
sample068_0060.00_0063.00,sample068.mp4,,60.0,63.0,3.0,,,,,,,,,,,,,,,,,
sample068_0063.00_0066.00,sample068.mp4,,63.0,66.0,3.0,,,,,,,,,,,,,,,,,
sample068_0066.00_0069.00,sample068.mp4,,66.0,69.0,3.0,,,,,,,,,,,,,,,,,
sample068_0069.00_0072.00,sample068.mp4,,69.0,72.0,3.0,,,,,,,,,,,,,,,,,
sample068_0072.00_0075.00,sample068.mp4,,72.0,75.0,3.0,,,,,,,,,,,,,,,,,
sample068_0075.00_0078.00,sample068.mp4,,75.0,78.0,3.0,,,,,,,,,,,,,,,,,
sample068_0078.00_0081.00,sample068.mp4,,78.0,81.0,3.0,,,,,,,,,,,,,,,,,
sample068_0081.00_0084.00,sample068.mp4,,81.0,84.0,3.0,,,,,,,,,,,,,,,,,
sample068_0084.00_0087.00,sample068.mp4,,84.0,87.0,3.0,,,,,,,,,,,,,,,,,
sample068_0087.00_0090.00,sample068.mp4,,87.0,90.0,3.0,,,,,,,,,,,,,,,,,
sample068_0090.00_0093.00,sample068.mp4,,90.0,93.0,3.0,,,,,,,,,,,,,,,,,
sample068_0093.00_0096.00,sample068.mp4,,93.0,96.0,3.0,,,,,,,,,,,,,,,,,
sample068_0096.00_0099.00,sample068.mp4,,96.0,99.0,3.0,,,,,,,,,,,,,,,,,
sample068_0099.00_0102.00,sample068.mp4,,99.0,102.0,3.0,,,,,,,,,,,,,,,,,
sample068_0102.00_0105.00,sample068.mp4,,102.0,105.0,3.0,,,,,,,,,,,,,,,,,
sample068_0105.00_0108.00,sample068.mp4,,105.0,108.0,3.0,,,,,,,,,,,,,,,,,
sample068_0108.00_0111.00,sample068.mp4,,108.0,111.0,3.0,,,,,,,,,,,,,,,,,
sample068_0111.00_0114.00,sample068.mp4,,111.0,114.0,3.0,,,,,,,,,,,,,,,,,
sample068_0114.00_0117.00,sample068.mp4,,114.0,117.0,3.0,,,,,,,,,,,,,,,,,
sample068_0117.00_0120.00,sample068.mp4,,117.0,120.0,3.0,,,,,,,,,,,,,,,,,
sample068_0120.00_0123.00,sample068.mp4,,120.0,123.0,3.0,,,,,,,,,,,,,,,,,
sample068_0123.00_0126.00,sample068.mp4,,123.0,126.0,3.0,,,,,,,,,,,,,,,,,
sample068_0126.00_0129.00,sample068.mp4,,126.0,129.0,3.0,,,,,,,,,,,,,,,,,
sample068_0129.00_0132.00,sample068.mp4,,129.0,132.0,3.0,,,,,,,,,,,,,,,,,
sample068_0132.00_0135.00,sample068.mp4,,132.0,135.0,3.0,,,,,,,,,,,,,,,,,
sample068_0135.00_0138.00,sample068.mp4,,135.0,138.0,3.0,,,,,,,,,,,,,,,,,
sample068_0138.00_0141.00,sample068.mp4,,138.0,141.0,3.0,,,,,,,,,,,,,,,,,
sample068_0141.00_0144.00,sample068.mp4,,141.0,144.0,3.0,,,,,,,,,,,,,,,,,
sample068_0144.00_0147.00,sample068.mp4,,144.0,147.0,3.0,,,,,,,,,,,,,,,,,
sample068_0147.00_0150.00,sample068.mp4,,147.0,150.0,3.0,,,,,,,,,,,,,,,,,
sample068_0150.00_0153.00,sample068.mp4,,150.0,153.0,3.0,,,,,,,,,,,,,,,,,
sample068_0153.00_0156.00,sample068.mp4,,153.0,156.0,3.0,,,,,,,,,,,,,,,,,
sample068_0156.00_0159.00,sample068.mp4,,156.0,159.0,3.0,,,,,,,,,,,,,,,,,
sample068_0159.00_0162.00,sample068.mp4,,159.0,162.0,3.0,,,,,,,,,,,,,,,,,
sample068_0162.00_0165.00,sample068.mp4,,162.0,165.0,3.0,,,,,,,,,,,,,,,,,
sample068_0165.00_0168.00,sample068.mp4,,165.0,168.0,3.0,,,,,,,,,,,,,,,,,
sample068_0168.00_0171.00,sample068.mp4,,168.0,171.0,3.0,,,,,,,,,,,,,,,,,
sample068_0171.00_0174.00,sample068.mp4,,171.0,174.0,3.0,,,,,,,,,,,,,,,,,
sample068_0174.00_0177.00,sample068.mp4,,174.0,177.0,3.0,,,,,,,,,,,,,,,,,
sample068_0177.00_0180.00,sample068.mp4,,177.0,180.0,3.0,,,,,,,,,,,,,,,,,
sample068_0180.00_0183.00,sample068.mp4,,180.0,183.0,3.0,,,,,,,,,,,,,,,,,
sample068_0183.00_0186.00,sample068.mp4,,183.0,186.0,3.0,,,,,,,,,,,,,,,,,
sample068_0186.00_0189.00,sample068.mp4,,186.0,189.0,3.0,,,,,,,,,,,,,,,,,
sample068_0189.00_0192.00,sample068.mp4,,189.0,192.0,3.0,,,,,,,,,,,,,,,,,
sample068_0192.00_0195.00,sample068.mp4,,192.0,195.0,3.0,,,,,,,,,,,,,,,,,
sample068_0195.00_0196.93,sample068.mp4,,195.0,196.93,1.93,,,,,,,,,,,,,,,,,
sample069_0000.00_0003.00,sample069.mp4,,0.0,3.0,3.0,,,,,,,,,,,,,,,,,
sample069_0003.00_0006.00,sample069.mp4,,3.0,6.0,3.0,,,,,,,,,,,,,,,,,
sample069_0006.00_0009.00,sample069.mp4,,6.0,9.0,3.0,,,,,,,,,,,,,,,,,
sample069_0009.00_0012.00,sample069.mp4,,9.0,12.0,3.0,,,,,,,,,,,,,,,,,
sample069_0012.00_0015.00,sample069.mp4,,12.0,15.0,3.0,,,,,,,,,,,,,,,,,
sample069_0015.00_0018.00,sample069.mp4,,15.0,18.0,3.0,,,,,,,,,,,,,,,,,
sample069_0018.00_0021.00,sample069.mp4,,18.0,21.0,3.0,,,,,,,,,,,,,,,,,
sample069_0021.00_0024.00,sample069.mp4,,21.0,24.0,3.0,,,,,,,,,,,,,,,,,
sample069_0024.00_0027.00,sample069.mp4,,24.0,27.0,3.0,,,,,,,,,,,,,,,,,
sample069_0027.00_0030.00,sample069.mp4,,27.0,30.0,3.0,,,,,,,,,,,,,,,,,
sample069_0030.00_0033.00,sample069.mp4,,30.0,33.0,3.0,,,,,,,,,,,,,,,,,
sample069_0033.00_0036.00,sample069.mp4,,33.0,36.0,3.0,,,,,,,,,,,,,,,,,
sample069_0036.00_0039.00,sample069.mp4,,36.0,39.0,3.0,,,,,,,,,,,,,,,,,
sample069_0039.00_0042.00,sample069.mp4,,39.0,42.0,3.0,,,,,,,,,,,,,,,,,
sample069_0042.00_0045.00,sample069.mp4,,42.0,45.0,3.0,,,,,,,,,,,,,,,,,
sample069_0045.00_0048.00,sample069.mp4,,45.0,48.0,3.0,,,,,,,,,,,,,,,,,
sample069_0048.00_0051.00,sample069.mp4,,48.0,51.0,3.0,,,,,,,,,,,,,,,,,
sample069_0051.00_0054.00,sample069.mp4,,51.0,54.0,3.0,,,,,,,,,,,,,,,,,
sample069_0054.00_0057.00,sample069.mp4,,54.0,57.0,3.0,,,,,,,,,,,,,,,,,
sample069_0057.00_0060.00,sample069.mp4,,57.0,60.0,3.0,,,,,,,,,,,,,,,,,
sample069_0060.00_0063.00,sample069.mp4,,60.0,63.0,3.0,,,,,,,,,,,,,,,,,
sample069_0063.00_0066.00,sample069.mp4,,63.0,66.0,3.0,,,,,,,,,,,,,,,,,
sample069_0066.00_0069.00,sample069.mp4,,66.0,69.0,3.0,,,,,,,,,,,,,,,,,
sample069_0069.00_0072.00,sample069.mp4,,69.0,72.0,3.0,,,,,,,,,,,,,,,,,
sample069_0072.00_0075.00,sample069.mp4,,72.0,75.0,3.0,,,,,,,,,,,,,,,,,
sample069_0075.00_0078.00,sample069.mp4,,75.0,78.0,3.0,,,,,,,,,,,,,,,,,
sample069_0078.00_0081.00,sample069.mp4,,78.0,81.0,3.0,,,,,,,,,,,,,,,,,
sample069_0081.00_0084.00,sample069.mp4,,81.0,84.0,3.0,,,,,,,,,,,,,,,,,
sample069_0084.00_0087.00,sample069.mp4,,84.0,87.0,3.0,,,,,,,,,,,,,,,,,
sample069_0087.00_0090.00,sample069.mp4,,87.0,90.0,3.0,,,,,,,,,,,,,,,,,
sample069_0090.00_0093.00,sample069.mp4,,90.0,93.0,3.0,,,,,,,,,,,,,,,,,
sample069_0093.00_0096.00,sample069.mp4,,93.0,96.0,3.0,,,,,,,,,,,,,,,,,
sample069_0096.00_0099.00,sample069.mp4,,96.0,99.0,3.0,,,,,,,,,,,,,,,,,
sample069_0099.00_0102.00,sample069.mp4,,99.0,102.0,3.0,,,,,,,,,,,,,,,,,
sample069_0102.00_0105.00,sample069.mp4,,102.0,105.0,3.0,,,,,,,,,,,,,,,,,
sample069_0105.00_0108.00,sample069.mp4,,105.0,108.0,3.0,,,,,,,,,,,,,,,,,
sample069_0108.00_0111.00,sample069.mp4,,108.0,111.0,3.0,,,,,,,,,,,,,,,,,
sample069_0111.00_0114.00,sample069.mp4,,111.0,114.0,3.0,,,,,,,,,,,,,,,,,
sample069_0114.00_0117.00,sample069.mp4,,114.0,117.0,3.0,,,,,,,,,,,,,,,,,
sample069_0117.00_0120.00,sample069.mp4,,117.0,120.0,3.0,,,,,,,,,,,,,,,,,
sample069_0120.00_0123.00,sample069.mp4,,120.0,123.0,3.0,,,,,,,,,,,,,,,,,
sample069_0123.00_0126.00,sample069.mp4,,123.0,126.0,3.0,,,,,,,,,,,,,,,,,
sample069_0126.00_0129.00,sample069.mp4,,126.0,129.0,3.0,,,,,,,,,,,,,,,,,
sample069_0129.00_0132.00,sample069.mp4,,129.0,132.0,3.0,,,,,,,,,,,,,,,,,
sample069_0132.00_0135.00,sample069.mp4,,132.0,135.0,3.0,,,,,,,,,,,,,,,,,
sample069_0135.00_0138.00,sample069.mp4,,135.0,138.0,3.0,,,,,,,,,,,,,,,,,
sample069_0138.00_0141.00,sample069.mp4,,138.0,141.0,3.0,,,,,,,,,,,,,,,,,
sample069_0141.00_0144.00,sample069.mp4,,141.0,144.0,3.0,,,,,,,,,,,,,,,,,
sample069_0144.00_0147.00,sample069.mp4,,144.0,147.0,3.0,,,,,,,,,,,,,,,,,
sample069_0147.00_0150.00,sample069.mp4,,147.0,150.0,3.0,,,,,,,,,,,,,,,,,
sample069_0150.00_0153.00,sample069.mp4,,150.0,153.0,3.0,,,,,,,,,,,,,,,,,
sample069_0153.00_0156.00,sample069.mp4,,153.0,156.0,3.0,,,,,,,,,,,,,,,,,
sample069_0156.00_0159.00,sample069.mp4,,156.0,159.0,3.0,,,,,,,,,,,,,,,,,
sample069_0159.00_0162.00,sample069.mp4,,159.0,162.0,3.0,,,,,,,,,,,,,,,,,
sample069_0162.00_0165.00,sample069.mp4,,162.0,165.0,3.0,,,,,,,,,,,,,,,,,
sample069_0165.00_0168.00,sample069.mp4,,165.0,168.0,3.0,,,,,,,,,,,,,,,,,
sample069_0168.00_0171.00,sample069.mp4,,168.0,171.0,3.0,,,,,,,,,,,,,,,,,
sample069_0171.00_0174.00,sample069.mp4,,171.0,174.0,3.0,,,,,,,,,,,,,,,,,
sample069_0174.00_0177.00,sample069.mp4,,174.0,177.0,3.0,,,,,,,,,,,,,,,,,
sample069_0177.00_0180.00,sample069.mp4,,177.0,180.0,3.0,,,,,,,,,,,,,,,,,
sample069_0180.00_0183.00,sample069.mp4,,180.0,183.0,3.0,,,,,,,,,,,,,,,,,
sample069_0183.00_0186.00,sample069.mp4,,183.0,186.0,3.0,,,,,,,,,,,,,,,,,
sample069_0186.00_0189.00,sample069.mp4,,186.0,189.0,3.0,,,,,,,,,,,,,,,,,
sample069_0189.00_0192.00,sample069.mp4,,189.0,192.0,3.0,,,,,,,,,,,,,,,,,
sample069_0192.00_0195.00,sample069.mp4,,192.0,195.0,3.0,,,,,,,,,,,,,,,,,
sample069_0195.00_0198.00,sample069.mp4,,195.0,198.0,3.0,,,,,,,,,,,,,,,,,
sample069_0198.00_0201.00,sample069.mp4,,198.0,201.0,3.0,,,,,,,,,,,,,,,,,
sample069_0201.00_0204.00,sample069.mp4,,201.0,204.0,3.0,,,,,,,,,,,,,,,,,
sample069_0204.00_0207.00,sample069.mp4,,204.0,207.0,3.0,,,,,,,,,,,,,,,,,
sample069_0207.00_0210.00,sample069.mp4,,207.0,210.0,3.0,,,,,,,,,,,,,,,,,
sample069_0210.00_0213.00,sample069.mp4,,210.0,213.0,3.0,,,,,,,,,,,,,,,,,
sample069_0213.00_0216.00,sample069.mp4,,213.0,216.0,3.0,,,,,,,,,,,,,,,,,
sample069_0216.00_0219.00,sample069.mp4,,216.0,219.0,3.0,,,,,,,,,,,,,,,,,
sample069_0219.00_0222.00,sample069.mp4,,219.0,222.0,3.0,,,,,,,,,,,,,,,,,
sample069_0222.00_0225.00,sample069.mp4,,222.0,225.0,3.0,,,,,,,,,,,,,,,,,
sample069_0225.00_0228.00,sample069.mp4,,225.0,228.0,3.0,,,,,,,,,,,,,,,,,
sample069_0228.00_0231.00,sample069.mp4,,228.0,231.0,3.0,,,,,,,,,,,,,,,,,
sample069_0231.00_0234.00,sample069.mp4,,231.0,234.0,3.0,,,,,,,,,,,,,,,,,
sample069_0234.00_0237.00,sample069.mp4,,234.0,237.0,3.0,,,,,,,,,,,,,,,,,
sample069_0237.00_0240.00,sample069.mp4,,237.0,240.0,3.0,,,,,,,,,,,,,,,,,
sample069_0240.00_0243.00,sample069.mp4,,240.0,243.0,3.0,,,,,,,,,,,,,,,,,
sample069_0243.00_0246.00,sample069.mp4,,243.0,246.0,3.0,,,,,,,,,,,,,,,,,
sample069_0246.00_0249.00,sample069.mp4,,246.0,249.0,3.0,,,,,,,,,,,,,,,,,
sample069_0249.00_0250.40,sample069.mp4,,249.0,250.4,1.4,,,,,,,,,,,,,,,,,
sample070_0000.00_0003.00,sample070.mp4,,0.0,3.0,3.0,,,,,,,,,,,,,,,,,
sample070_0003.00_0006.00,sample070.mp4,,3.0,6.0,3.0,,,,,,,,,,,,,,,,,
sample070_0006.00_0009.00,sample070.mp4,,6.0,9.0,3.0,,,,,,,,,,,,,,,,,
sample070_0009.00_0012.00,sample070.mp4,,9.0,12.0,3.0,,,,,,,,,,,,,,,,,
sample070_0012.00_0015.00,sample070.mp4,,12.0,15.0,3.0,,,,,,,,,,,,,,,,,
sample070_0015.00_0018.00,sample070.mp4,,15.0,18.0,3.0,,,,,,,,,,,,,,,,,
sample070_0018.00_0021.00,sample070.mp4,,18.0,21.0,3.0,,,,,,,,,,,,,,,,,
sample070_0021.00_0024.00,sample070.mp4,,21.0,24.0,3.0,,,,,,,,,,,,,,,,,
sample070_0024.00_0027.00,sample070.mp4,,24.0,27.0,3.0,,,,,,,,,,,,,,,,,
sample070_0027.00_0030.00,sample070.mp4,,27.0,30.0,3.0,,,,,,,,,,,,,,,,,
sample070_0030.00_0033.00,sample070.mp4,,30.0,33.0,3.0,,,,,,,,,,,,,,,,,
sample070_0033.00_0036.00,sample070.mp4,,33.0,36.0,3.0,,,,,,,,,,,,,,,,,
sample070_0036.00_0039.00,sample070.mp4,,36.0,39.0,3.0,,,,,,,,,,,,,,,,,
sample070_0039.00_0042.00,sample070.mp4,,39.0,42.0,3.0,,,,,,,,,,,,,,,,,
sample070_0042.00_0045.00,sample070.mp4,,42.0,45.0,3.0,,,,,,,,,,,,,,,,,
sample070_0045.00_0048.00,sample070.mp4,,45.0,48.0,3.0,,,,,,,,,,,,,,,,,
sample070_0048.00_0051.00,sample070.mp4,,48.0,51.0,3.0,,,,,,,,,,,,,,,,,
sample070_0051.00_0054.00,sample070.mp4,,51.0,54.0,3.0,,,,,,,,,,,,,,,,,
sample070_0054.00_0057.00,sample070.mp4,,54.0,57.0,3.0,,,,,,,,,,,,,,,,,
sample070_0057.00_0060.00,sample070.mp4,,57.0,60.0,3.0,,,,,,,,,,,,,,,,,
sample070_0060.00_0063.00,sample070.mp4,,60.0,63.0,3.0,,,,,,,,,,,,,,,,,
sample070_0063.00_0066.00,sample070.mp4,,63.0,66.0,3.0,,,,,,,,,,,,,,,,,
sample070_0066.00_0069.00,sample070.mp4,,66.0,69.0,3.0,,,,,,,,,,,,,,,,,
sample070_0069.00_0072.00,sample070.mp4,,69.0,72.0,3.0,,,,,,,,,,,,,,,,,
sample070_0072.00_0075.00,sample070.mp4,,72.0,75.0,3.0,,,,,,,,,,,,,,,,,
sample070_0075.00_0078.00,sample070.mp4,,75.0,78.0,3.0,,,,,,,,,,,,,,,,,
sample070_0078.00_0081.00,sample070.mp4,,78.0,81.0,3.0,,,,,,,,,,,,,,,,,
sample070_0081.00_0084.00,sample070.mp4,,81.0,84.0,3.0,,,,,,,,,,,,,,,,,
sample070_0084.00_0087.00,sample070.mp4,,84.0,87.0,3.0,,,,,,,,,,,,,,,,,
sample070_0087.00_0090.00,sample070.mp4,,87.0,90.0,3.0,,,,,,,,,,,,,,,,,
sample070_0090.00_0093.00,sample070.mp4,,90.0,93.0,3.0,,,,,,,,,,,,,,,,,
sample070_0093.00_0096.00,sample070.mp4,,93.0,96.0,3.0,,,,,,,,,,,,,,,,,
sample070_0096.00_0099.00,sample070.mp4,,96.0,99.0,3.0,,,,,,,,,,,,,,,,,
sample070_0099.00_0102.00,sample070.mp4,,99.0,102.0,3.0,,,,,,,,,,,,,,,,,
sample070_0102.00_0105.00,sample070.mp4,,102.0,105.0,3.0,,,,,,,,,,,,,,,,,
sample070_0105.00_0108.00,sample070.mp4,,105.0,108.0,3.0,,,,,,,,,,,,,,,,,
sample070_0108.00_0111.00,sample070.mp4,,108.0,111.0,3.0,,,,,,,,,,,,,,,,,
sample070_0111.00_0114.00,sample070.mp4,,111.0,114.0,3.0,,,,,,,,,,,,,,,,,
sample070_0114.00_0117.00,sample070.mp4,,114.0,117.0,3.0,,,,,,,,,,,,,,,,,
sample070_0117.00_0120.00,sample070.mp4,,117.0,120.0,3.0,,,,,,,,,,,,,,,,,
sample070_0120.00_0123.00,sample070.mp4,,120.0,123.0,3.0,,,,,,,,,,,,,,,,,
sample070_0123.00_0124.52,sample070.mp4,,123.0,124.52,1.52,,,,,,,,,,,,,,,,,
sample071_0000.00_0003.00,sample071.mp4,,0.0,3.0,3.0,,,,,,,,,,,,,,,,,
sample071_0003.00_0006.00,sample071.mp4,,3.0,6.0,3.0,,,,,,,,,,,,,,,,,
sample071_0006.00_0009.00,sample071.mp4,,6.0,9.0,3.0,,,,,,,,,,,,,,,,,
sample071_0009.00_0012.00,sample071.mp4,,9.0,12.0,3.0,,,,,,,,,,,,,,,,,
sample071_0012.00_0015.00,sample071.mp4,,12.0,15.0,3.0,,,,,,,,,,,,,,,,,
sample071_0015.00_0018.00,sample071.mp4,,15.0,18.0,3.0,,,,,,,,,,,,,,,,,
sample071_0018.00_0021.00,sample071.mp4,,18.0,21.0,3.0,,,,,,,,,,,,,,,,,
sample071_0021.00_0024.00,sample071.mp4,,21.0,24.0,3.0,,,,,,,,,,,,,,,,,
sample071_0024.00_0027.00,sample071.mp4,,24.0,27.0,3.0,,,,,,,,,,,,,,,,,
sample071_0027.00_0030.00,sample071.mp4,,27.0,30.0,3.0,,,,,,,,,,,,,,,,,
sample071_0030.00_0033.00,sample071.mp4,,30.0,33.0,3.0,,,,,,,,,,,,,,,,,
sample071_0033.00_0036.00,sample071.mp4,,33.0,36.0,3.0,,,,,,,,,,,,,,,,,
sample071_0036.00_0039.00,sample071.mp4,,36.0,39.0,3.0,,,,,,,,,,,,,,,,,
sample071_0039.00_0042.00,sample071.mp4,,39.0,42.0,3.0,,,,,,,,,,,,,,,,,
sample071_0042.00_0045.00,sample071.mp4,,42.0,45.0,3.0,,,,,,,,,,,,,,,,,
sample071_0045.00_0048.00,sample071.mp4,,45.0,48.0,3.0,,,,,,,,,,,,,,,,,
sample071_0048.00_0051.00,sample071.mp4,,48.0,51.0,3.0,,,,,,,,,,,,,,,,,
sample071_0051.00_0054.00,sample071.mp4,,51.0,54.0,3.0,,,,,,,,,,,,,,,,,
sample071_0054.00_0057.00,sample071.mp4,,54.0,57.0,3.0,,,,,,,,,,,,,,,,,
sample071_0057.00_0060.00,sample071.mp4,,57.0,60.0,3.0,,,,,,,,,,,,,,,,,
sample071_0060.00_0063.00,sample071.mp4,,60.0,63.0,3.0,,,,,,,,,,,,,,,,,
sample071_0063.00_0066.00,sample071.mp4,,63.0,66.0,3.0,,,,,,,,,,,,,,,,,
sample071_0066.00_0069.00,sample071.mp4,,66.0,69.0,3.0,,,,,,,,,,,,,,,,,
sample071_0069.00_0072.00,sample071.mp4,,69.0,72.0,3.0,,,,,,,,,,,,,,,,,
sample071_0072.00_0075.00,sample071.mp4,,72.0,75.0,3.0,,,,,,,,,,,,,,,,,
sample071_0075.00_0078.00,sample071.mp4,,75.0,78.0,3.0,,,,,,,,,,,,,,,,,
sample071_0078.00_0081.00,sample071.mp4,,78.0,81.0,3.0,,,,,,,,,,,,,,,,,
sample071_0081.00_0084.00,sample071.mp4,,81.0,84.0,3.0,,,,,,,,,,,,,,,,,
sample071_0084.00_0087.00,sample071.mp4,,84.0,87.0,3.0,,,,,,,,,,,,,,,,,
sample071_0087.00_0090.00,sample071.mp4,,87.0,90.0,3.0,,,,,,,,,,,,,,,,,
sample071_0090.00_0093.00,sample071.mp4,,90.0,93.0,3.0,,,,,,,,,,,,,,,,,
sample071_0093.00_0096.00,sample071.mp4,,93.0,96.0,3.0,,,,,,,,,,,,,,,,,
sample071_0096.00_0099.00,sample071.mp4,,96.0,99.0,3.0,,,,,,,,,,,,,,,,,
sample071_0099.00_0102.00,sample071.mp4,,99.0,102.0,3.0,,,,,,,,,,,,,,,,,
sample071_0102.00_0105.00,sample071.mp4,,102.0,105.0,3.0,,,,,,,,,,,,,,,,,
sample071_0105.00_0108.00,sample071.mp4,,105.0,108.0,3.0,,,,,,,,,,,,,,,,,
sample071_0108.00_0111.00,sample071.mp4,,108.0,111.0,3.0,,,,,,,,,,,,,,,,,
sample071_0111.00_0114.00,sample071.mp4,,111.0,114.0,3.0,,,,,,,,,,,,,,,,,
sample071_0114.00_0117.00,sample071.mp4,,114.0,117.0,3.0,,,,,,,,,,,,,,,,,
sample071_0117.00_0120.00,sample071.mp4,,117.0,120.0,3.0,,,,,,,,,,,,,,,,,
sample071_0120.00_0123.00,sample071.mp4,,120.0,123.0,3.0,,,,,,,,,,,,,,,,,
sample071_0123.00_0126.00,sample071.mp4,,123.0,126.0,3.0,,,,,,,,,,,,,,,,,
sample071_0126.00_0129.00,sample071.mp4,,126.0,129.0,3.0,,,,,,,,,,,,,,,,,
sample071_0129.00_0132.00,sample071.mp4,,129.0,132.0,3.0,,,,,,,,,,,,,,,,,
sample071_0132.00_0135.00,sample071.mp4,,132.0,135.0,3.0,,,,,,,,,,,,,,,,,
sample071_0135.00_0138.00,sample071.mp4,,135.0,138.0,3.0,,,,,,,,,,,,,,,,,
sample071_0138.00_0141.00,sample071.mp4,,138.0,141.0,3.0,,,,,,,,,,,,,,,,,
sample071_0141.00_0144.00,sample071.mp4,,141.0,144.0,3.0,,,,,,,,,,,,,,,,,
sample071_0144.00_0147.00,sample071.mp4,,144.0,147.0,3.0,,,,,,,,,,,,,,,,,
sample071_0147.00_0150.00,sample071.mp4,,147.0,150.0,3.0,,,,,,,,,,,,,,,,,
sample071_0150.00_0153.00,sample071.mp4,,150.0,153.0,3.0,,,,,,,,,,,,,,,,,
sample071_0153.00_0156.00,sample071.mp4,,153.0,156.0,3.0,,,,,,,,,,,,,,,,,
sample071_0156.00_0159.00,sample071.mp4,,156.0,159.0,3.0,,,,,,,,,,,,,,,,,
sample071_0159.00_0162.00,sample071.mp4,,159.0,162.0,3.0,,,,,,,,,,,,,,,,,
sample071_0162.00_0165.00,sample071.mp4,,162.0,165.0,3.0,,,,,,,,,,,,,,,,,
sample071_0165.00_0168.00,sample071.mp4,,165.0,168.0,3.0,,,,,,,,,,,,,,,,,
sample071_0168.00_0171.00,sample071.mp4,,168.0,171.0,3.0,,,,,,,,,,,,,,,,,
sample071_0171.00_0174.00,sample071.mp4,,171.0,174.0,3.0,,,,,,,,,,,,,,,,,
sample071_0174.00_0177.00,sample071.mp4,,174.0,177.0,3.0,,,,,,,,,,,,,,,,,
sample071_0177.00_0180.00,sample071.mp4,,177.0,180.0,3.0,,,,,,,,,,,,,,,,,
sample071_0180.00_0183.00,sample071.mp4,,180.0,183.0,3.0,,,,,,,,,,,,,,,,,
sample071_0183.00_0186.00,sample071.mp4,,183.0,186.0,3.0,,,,,,,,,,,,,,,,,
sample071_0186.00_0189.00,sample071.mp4,,186.0,189.0,3.0,,,,,,,,,,,,,,,,,
sample071_0189.00_0192.00,sample071.mp4,,189.0,192.0,3.0,,,,,,,,,,,,,,,,,
sample071_0192.00_0195.00,sample071.mp4,,192.0,195.0,3.0,,,,,,,,,,,,,,,,,
sample071_0195.00_0198.00,sample071.mp4,,195.0,198.0,3.0,,,,,,,,,,,,,,,,,
sample071_0198.00_0201.00,sample071.mp4,,198.0,201.0,3.0,,,,,,,,,,,,,,,,,
sample071_0201.00_0204.00,sample071.mp4,,201.0,204.0,3.0,,,,,,,,,,,,,,,,,
sample071_0204.00_0207.00,sample071.mp4,,204.0,207.0,3.0,,,,,,,,,,,,,,,,,
sample071_0207.00_0210.00,sample071.mp4,,207.0,210.0,3.0,,,,,,,,,,,,,,,,,
sample071_0210.00_0213.00,sample071.mp4,,210.0,213.0,3.0,,,,,,,,,,,,,,,,,
sample071_0213.00_0216.00,sample071.mp4,,213.0,216.0,3.0,,,,,,,,,,,,,,,,,
sample071_0216.00_0219.00,sample071.mp4,,216.0,219.0,3.0,,,,,,,,,,,,,,,,,
sample071_0219.00_0222.00,sample071.mp4,,219.0,222.0,3.0,,,,,,,,,,,,,,,,,
sample071_0222.00_0225.00,sample071.mp4,,222.0,225.0,3.0,,,,,,,,,,,,,,,,,
sample071_0225.00_0228.00,sample071.mp4,,225.0,228.0,3.0,,,,,,,,,,,,,,,,,
sample071_0228.00_0231.00,sample071.mp4,,228.0,231.0,3.0,,,,,,,,,,,,,,,,,
sample071_0231.00_0234.00,sample071.mp4,,231.0,234.0,3.0,,,,,,,,,,,,,,,,,
sample071_0234.00_0237.00,sample071.mp4,,234.0,237.0,3.0,,,,,,,,,,,,,,,,,
sample071_0237.00_0240.00,sample071.mp4,,237.0,240.0,3.0,,,,,,,,,,,,,,,,,
sample071_0240.00_0243.00,sample071.mp4,,240.0,243.0,3.0,,,,,,,,,,,,,,,,,
sample071_0243.00_0246.00,sample071.mp4,,243.0,246.0,3.0,,,,,,,,,,,,,,,,,
sample071_0246.00_0249.00,sample071.mp4,,246.0,249.0,3.0,,,,,,,,,,,,,,,,,
sample071_0249.00_0252.00,sample071.mp4,,249.0,252.0,3.0,,,,,,,,,,,,,,,,,
sample071_0252.00_0252.10,sample071.mp4,,252.0,252.1,0.1,,,,,,,,,,,,,,,,,
sample072_0000.00_0003.00,sample072.mp4,,0.0,3.0,3.0,,,,,,,,,,,,,,,,,
sample072_0003.00_0006.00,sample072.mp4,,3.0,6.0,3.0,,,,,,,,,,,,,,,,,
sample072_0006.00_0009.00,sample072.mp4,,6.0,9.0,3.0,,,,,,,,,,,,,,,,,
sample072_0009.00_0012.00,sample072.mp4,,9.0,12.0,3.0,,,,,,,,,,,,,,,,,
sample072_0012.00_0015.00,sample072.mp4,,12.0,15.0,3.0,,,,,,,,,,,,,,,,,
sample072_0015.00_0018.00,sample072.mp4,,15.0,18.0,3.0,,,,,,,,,,,,,,,,,
sample072_0018.00_0021.00,sample072.mp4,,18.0,21.0,3.0,,,,,,,,,,,,,,,,,
sample072_0021.00_0024.00,sample072.mp4,,21.0,24.0,3.0,,,,,,,,,,,,,,,,,
sample072_0024.00_0027.00,sample072.mp4,,24.0,27.0,3.0,,,,,,,,,,,,,,,,,
sample072_0027.00_0030.00,sample072.mp4,,27.0,30.0,3.0,,,,,,,,,,,,,,,,,
sample072_0030.00_0033.00,sample072.mp4,,30.0,33.0,3.0,,,,,,,,,,,,,,,,,
sample072_0033.00_0036.00,sample072.mp4,,33.0,36.0,3.0,,,,,,,,,,,,,,,,,
sample072_0036.00_0039.00,sample072.mp4,,36.0,39.0,3.0,,,,,,,,,,,,,,,,,
sample072_0039.00_0042.00,sample072.mp4,,39.0,42.0,3.0,,,,,,,,,,,,,,,,,
sample072_0042.00_0045.00,sample072.mp4,,42.0,45.0,3.0,,,,,,,,,,,,,,,,,
sample072_0045.00_0048.00,sample072.mp4,,45.0,48.0,3.0,,,,,,,,,,,,,,,,,
sample072_0048.00_0051.00,sample072.mp4,,48.0,51.0,3.0,,,,,,,,,,,,,,,,,
sample072_0051.00_0054.00,sample072.mp4,,51.0,54.0,3.0,,,,,,,,,,,,,,,,,
sample072_0054.00_0057.00,sample072.mp4,,54.0,57.0,3.0,,,,,,,,,,,,,,,,,
sample072_0057.00_0060.00,sample072.mp4,,57.0,60.0,3.0,,,,,,,,,,,,,,,,,
sample072_0060.00_0063.00,sample072.mp4,,60.0,63.0,3.0,,,,,,,,,,,,,,,,,
sample072_0063.00_0066.00,sample072.mp4,,63.0,66.0,3.0,,,,,,,,,,,,,,,,,
sample072_0066.00_0069.00,sample072.mp4,,66.0,69.0,3.0,,,,,,,,,,,,,,,,,
sample072_0069.00_0072.00,sample072.mp4,,69.0,72.0,3.0,,,,,,,,,,,,,,,,,
sample072_0072.00_0075.00,sample072.mp4,,72.0,75.0,3.0,,,,,,,,,,,,,,,,,
sample072_0075.00_0078.00,sample072.mp4,,75.0,78.0,3.0,,,,,,,,,,,,,,,,,
sample072_0078.00_0081.00,sample072.mp4,,78.0,81.0,3.0,,,,,,,,,,,,,,,,,
sample072_0081.00_0084.00,sample072.mp4,,81.0,84.0,3.0,,,,,,,,,,,,,,,,,
sample072_0084.00_0087.00,sample072.mp4,,84.0,87.0,3.0,,,,,,,,,,,,,,,,,
sample072_0087.00_0090.00,sample072.mp4,,87.0,90.0,3.0,,,,,,,,,,,,,,,,,
sample072_0090.00_0093.00,sample072.mp4,,90.0,93.0,3.0,,,,,,,,,,,,,,,,,
sample072_0093.00_0096.00,sample072.mp4,,93.0,96.0,3.0,,,,,,,,,,,,,,,,,
sample072_0096.00_0099.00,sample072.mp4,,96.0,99.0,3.0,,,,,,,,,,,,,,,,,
sample072_0099.00_0102.00,sample072.mp4,,99.0,102.0,3.0,,,,,,,,,,,,,,,,,
sample072_0102.00_0105.00,sample072.mp4,,102.0,105.0,3.0,,,,,,,,,,,,,,,,,
sample072_0105.00_0108.00,sample072.mp4,,105.0,108.0,3.0,,,,,,,,,,,,,,,,,
sample072_0108.00_0111.00,sample072.mp4,,108.0,111.0,3.0,,,,,,,,,,,,,,,,,
sample072_0111.00_0114.00,sample072.mp4,,111.0,114.0,3.0,,,,,,,,,,,,,,,,,
sample072_0114.00_0117.00,sample072.mp4,,114.0,117.0,3.0,,,,,,,,,,,,,,,,,
sample072_0117.00_0120.00,sample072.mp4,,117.0,120.0,3.0,,,,,,,,,,,,,,,,,
sample072_0120.00_0123.00,sample072.mp4,,120.0,123.0,3.0,,,,,,,,,,,,,,,,,
sample072_0123.00_0126.00,sample072.mp4,,123.0,126.0,3.0,,,,,,,,,,,,,,,,,
sample072_0126.00_0129.00,sample072.mp4,,126.0,129.0,3.0,,,,,,,,,,,,,,,,,
sample072_0129.00_0132.00,sample072.mp4,,129.0,132.0,3.0,,,,,,,,,,,,,,,,,
sample072_0132.00_0135.00,sample072.mp4,,132.0,135.0,3.0,,,,,,,,,,,,,,,,,
sample072_0135.00_0138.00,sample072.mp4,,135.0,138.0,3.0,,,,,,,,,,,,,,,,,
sample072_0138.00_0141.00,sample072.mp4,,138.0,141.0,3.0,,,,,,,,,,,,,,,,,
sample072_0141.00_0144.00,sample072.mp4,,141.0,144.0,3.0,,,,,,,,,,,,,,,,,
sample072_0144.00_0147.00,sample072.mp4,,144.0,147.0,3.0,,,,,,,,,,,,,,,,,
sample072_0147.00_0150.00,sample072.mp4,,147.0,150.0,3.0,,,,,,,,,,,,,,,,,
sample072_0150.00_0153.00,sample072.mp4,,150.0,153.0,3.0,,,,,,,,,,,,,,,,,
sample072_0153.00_0156.00,sample072.mp4,,153.0,156.0,3.0,,,,,,,,,,,,,,,,,
sample072_0156.00_0159.00,sample072.mp4,,156.0,159.0,3.0,,,,,,,,,,,,,,,,,
sample072_0159.00_0162.00,sample072.mp4,,159.0,162.0,3.0,,,,,,,,,,,,,,,,,
sample072_0162.00_0165.00,sample072.mp4,,162.0,165.0,3.0,,,,,,,,,,,,,,,,,
sample072_0165.00_0168.00,sample072.mp4,,165.0,168.0,3.0,,,,,,,,,,,,,,,,,
sample072_0168.00_0171.00,sample072.mp4,,168.0,171.0,3.0,,,,,,,,,,,,,,,,,
sample072_0171.00_0174.00,sample072.mp4,,171.0,174.0,3.0,,,,,,,,,,,,,,,,,
sample072_0174.00_0177.00,sample072.mp4,,174.0,177.0,3.0,,,,,,,,,,,,,,,,,
sample072_0177.00_0180.00,sample072.mp4,,177.0,180.0,3.0,,,,,,,,,,,,,,,,,
sample072_0180.00_0183.00,sample072.mp4,,180.0,183.0,3.0,,,,,,,,,,,,,,,,,
sample072_0183.00_0186.00,sample072.mp4,,183.0,186.0,3.0,,,,,,,,,,,,,,,,,
sample072_0186.00_0189.00,sample072.mp4,,186.0,189.0,3.0,,,,,,,,,,,,,,,,,
sample072_0189.00_0192.00,sample072.mp4,,189.0,192.0,3.0,,,,,,,,,,,,,,,,,
sample072_0192.00_0195.00,sample072.mp4,,192.0,195.0,3.0,,,,,,,,,,,,,,,,,
sample072_0195.00_0198.00,sample072.mp4,,195.0,198.0,3.0,,,,,,,,,,,,,,,,,
sample072_0198.00_0201.00,sample072.mp4,,198.0,201.0,3.0,,,,,,,,,,,,,,,,,
sample072_0201.00_0204.00,sample072.mp4,,201.0,204.0,3.0,,,,,,,,,,,,,,,,,
sample072_0204.00_0207.00,sample072.mp4,,204.0,207.0,3.0,,,,,,,,,,,,,,,,,
sample072_0207.00_0210.00,sample072.mp4,,207.0,210.0,3.0,,,,,,,,,,,,,,,,,
sample072_0210.00_0213.00,sample072.mp4,,210.0,213.0,3.0,,,,,,,,,,,,,,,,,
sample072_0213.00_0216.00,sample072.mp4,,213.0,216.0,3.0,,,,,,,,,,,,,,,,,
sample072_0216.00_0219.00,sample072.mp4,,216.0,219.0,3.0,,,,,,,,,,,,,,,,,
sample072_0219.00_0222.00,sample072.mp4,,219.0,222.0,3.0,,,,,,,,,,,,,,,,,
sample072_0222.00_0225.00,sample072.mp4,,222.0,225.0,3.0,,,,,,,,,,,,,,,,,
sample072_0225.00_0228.00,sample072.mp4,,225.0,228.0,3.0,,,,,,,,,,,,,,,,,
sample072_0228.00_0231.00,sample072.mp4,,228.0,231.0,3.0,,,,,,,,,,,,,,,,,
sample072_0231.00_0234.00,sample072.mp4,,231.0,234.0,3.0,,,,,,,,,,,,,,,,,
sample072_0234.00_0237.00,sample072.mp4,,234.0,237.0,3.0,,,,,,,,,,,,,,,,,
sample072_0237.00_0240.00,sample072.mp4,,237.0,240.0,3.0,,,,,,,,,,,,,,,,,
sample072_0240.00_0243.00,sample072.mp4,,240.0,243.0,3.0,,,,,,,,,,,,,,,,,
sample072_0243.00_0246.00,sample072.mp4,,243.0,246.0,3.0,,,,,,,,,,,,,,,,,
sample072_0246.00_0249.00,sample072.mp4,,246.0,249.0,3.0,,,,,,,,,,,,,,,,,
sample072_0249.00_0252.00,sample072.mp4,,249.0,252.0,3.0,,,,,,,,,,,,,,,,,
sample072_0252.00_0255.00,sample072.mp4,,252.0,255.0,3.0,,,,,,,,,,,,,,,,,
sample072_0255.00_0258.00,sample072.mp4,,255.0,258.0,3.0,,,,,,,,,,,,,,,,,
sample072_0258.00_0261.00,sample072.mp4,,258.0,261.0,3.0,,,,,,,,,,,,,,,,,
sample072_0261.00_0264.00,sample072.mp4,,261.0,264.0,3.0,,,,,,,,,,,,,,,,,
sample072_0264.00_0267.00,sample072.mp4,,264.0,267.0,3.0,,,,,,,,,,,,,,,,,
sample072_0267.00_0270.00,sample072.mp4,,267.0,270.0,3.0,,,,,,,,,,,,,,,,,
sample072_0270.00_0273.00,sample072.mp4,,270.0,273.0,3.0,,,,,,,,,,,,,,,,,
sample072_0273.00_0276.00,sample072.mp4,,273.0,276.0,3.0,,,,,,,,,,,,,,,,,
sample072_0276.00_0279.00,sample072.mp4,,276.0,279.0,3.0,,,,,,,,,,,,,,,,,
sample072_0279.00_0282.00,sample072.mp4,,279.0,282.0,3.0,,,,,,,,,,,,,,,,,
sample072_0282.00_0285.00,sample072.mp4,,282.0,285.0,3.0,,,,,,,,,,,,,,,,,
sample072_0285.00_0288.00,sample072.mp4,,285.0,288.0,3.0,,,,,,,,,,,,,,,,,
sample072_0288.00_0291.00,sample072.mp4,,288.0,291.0,3.0,,,,,,,,,,,,,,,,,
sample072_0291.00_0294.00,sample072.mp4,,291.0,294.0,3.0,,,,,,,,,,,,,,,,,
sample072_0294.00_0297.00,sample072.mp4,,294.0,297.0,3.0,,,,,,,,,,,,,,,,,
sample072_0297.00_0300.00,sample072.mp4,,297.0,300.0,3.0,,,,,,,,,,,,,,,,,
sample072_0300.00_0303.00,sample072.mp4,,300.0,303.0,3.0,,,,,,,,,,,,,,,,,
sample072_0303.00_0306.00,sample072.mp4,,303.0,306.0,3.0,,,,,,,,,,,,,,,,,
sample072_0306.00_0309.00,sample072.mp4,,306.0,309.0,3.0,,,,,,,,,,,,,,,,,
sample072_0309.00_0312.00,sample072.mp4,,309.0,312.0,3.0,,,,,,,,,,,,,,,,,
sample072_0312.00_0315.00,sample072.mp4,,312.0,315.0,3.0,,,,,,,,,,,,,,,,,
sample072_0315.00_0318.00,sample072.mp4,,315.0,318.0,3.0,,,,,,,,,,,,,,,,,
sample072_0318.00_0321.00,sample072.mp4,,318.0,321.0,3.0,,,,,,,,,,,,,,,,,
sample072_0321.00_0324.00,sample072.mp4,,321.0,324.0,3.0,,,,,,,,,,,,,,,,,
sample072_0324.00_0327.00,sample072.mp4,,324.0,327.0,3.0,,,,,,,,,,,,,,,,,
sample072_0327.00_0327.80,sample072.mp4,,327.0,327.8,0.8,,,,,,,,,,,,,,,,,
sample073_0000.00_0003.00,sample073.mp4,,0.0,3.0,3.0,,,,,,,,,,,,,,,,,
sample073_0003.00_0006.00,sample073.mp4,,3.0,6.0,3.0,,,,,,,,,,,,,,,,,
sample073_0006.00_0009.00,sample073.mp4,,6.0,9.0,3.0,,,,,,,,,,,,,,,,,
sample073_0009.00_0012.00,sample073.mp4,,9.0,12.0,3.0,,,,,,,,,,,,,,,,,
sample073_0012.00_0015.00,sample073.mp4,,12.0,15.0,3.0,,,,,,,,,,,,,,,,,
sample073_0015.00_0018.00,sample073.mp4,,15.0,18.0,3.0,,,,,,,,,,,,,,,,,
sample073_0018.00_0021.00,sample073.mp4,,18.0,21.0,3.0,,,,,,,,,,,,,,,,,
sample073_0021.00_0024.00,sample073.mp4,,21.0,24.0,3.0,,,,,,,,,,,,,,,,,
sample073_0024.00_0027.00,sample073.mp4,,24.0,27.0,3.0,,,,,,,,,,,,,,,,,
sample073_0027.00_0030.00,sample073.mp4,,27.0,30.0,3.0,,,,,,,,,,,,,,,,,
sample073_0030.00_0033.00,sample073.mp4,,30.0,33.0,3.0,,,,,,,,,,,,,,,,,
sample073_0033.00_0036.00,sample073.mp4,,33.0,36.0,3.0,,,,,,,,,,,,,,,,,
sample073_0036.00_0039.00,sample073.mp4,,36.0,39.0,3.0,,,,,,,,,,,,,,,,,
sample073_0039.00_0042.00,sample073.mp4,,39.0,42.0,3.0,,,,,,,,,,,,,,,,,
sample073_0042.00_0045.00,sample073.mp4,,42.0,45.0,3.0,,,,,,,,,,,,,,,,,
sample073_0045.00_0048.00,sample073.mp4,,45.0,48.0,3.0,,,,,,,,,,,,,,,,,
sample073_0048.00_0051.00,sample073.mp4,,48.0,51.0,3.0,,,,,,,,,,,,,,,,,
sample073_0051.00_0054.00,sample073.mp4,,51.0,54.0,3.0,,,,,,,,,,,,,,,,,
sample073_0054.00_0057.00,sample073.mp4,,54.0,57.0,3.0,,,,,,,,,,,,,,,,,
sample073_0057.00_0060.00,sample073.mp4,,57.0,60.0,3.0,,,,,,,,,,,,,,,,,
sample073_0060.00_0063.00,sample073.mp4,,60.0,63.0,3.0,,,,,,,,,,,,,,,,,
sample073_0063.00_0066.00,sample073.mp4,,63.0,66.0,3.0,,,,,,,,,,,,,,,,,
sample073_0066.00_0069.00,sample073.mp4,,66.0,69.0,3.0,,,,,,,,,,,,,,,,,
sample073_0069.00_0072.00,sample073.mp4,,69.0,72.0,3.0,,,,,,,,,,,,,,,,,
sample073_0072.00_0075.00,sample073.mp4,,72.0,75.0,3.0,,,,,,,,,,,,,,,,,
sample073_0075.00_0078.00,sample073.mp4,,75.0,78.0,3.0,,,,,,,,,,,,,,,,,
sample073_0078.00_0081.00,sample073.mp4,,78.0,81.0,3.0,,,,,,,,,,,,,,,,,
sample073_0081.00_0084.00,sample073.mp4,,81.0,84.0,3.0,,,,,,,,,,,,,,,,,
sample073_0084.00_0087.00,sample073.mp4,,84.0,87.0,3.0,,,,,,,,,,,,,,,,,
sample073_0087.00_0090.00,sample073.mp4,,87.0,90.0,3.0,,,,,,,,,,,,,,,,,
sample073_0090.00_0093.00,sample073.mp4,,90.0,93.0,3.0,,,,,,,,,,,,,,,,,
sample073_0093.00_0096.00,sample073.mp4,,93.0,96.0,3.0,,,,,,,,,,,,,,,,,
sample073_0096.00_0099.00,sample073.mp4,,96.0,99.0,3.0,,,,,,,,,,,,,,,,,
sample073_0099.00_0102.00,sample073.mp4,,99.0,102.0,3.0,,,,,,,,,,,,,,,,,
sample073_0102.00_0105.00,sample073.mp4,,102.0,105.0,3.0,,,,,,,,,,,,,,,,,
sample073_0105.00_0108.00,sample073.mp4,,105.0,108.0,3.0,,,,,,,,,,,,,,,,,
sample073_0108.00_0111.00,sample073.mp4,,108.0,111.0,3.0,,,,,,,,,,,,,,,,,
sample073_0111.00_0114.00,sample073.mp4,,111.0,114.0,3.0,,,,,,,,,,,,,,,,,
sample073_0114.00_0117.00,sample073.mp4,,114.0,117.0,3.0,,,,,,,,,,,,,,,,,
sample073_0117.00_0120.00,sample073.mp4,,117.0,120.0,3.0,,,,,,,,,,,,,,,,,
sample073_0120.00_0123.00,sample073.mp4,,120.0,123.0,3.0,,,,,,,,,,,,,,,,,
sample073_0123.00_0126.00,sample073.mp4,,123.0,126.0,3.0,,,,,,,,,,,,,,,,,
sample073_0126.00_0129.00,sample073.mp4,,126.0,129.0,3.0,,,,,,,,,,,,,,,,,
sample073_0129.00_0132.00,sample073.mp4,,129.0,132.0,3.0,,,,,,,,,,,,,,,,,
sample073_0132.00_0135.00,sample073.mp4,,132.0,135.0,3.0,,,,,,,,,,,,,,,,,
sample073_0135.00_0138.00,sample073.mp4,,135.0,138.0,3.0,,,,,,,,,,,,,,,,,
sample073_0138.00_0141.00,sample073.mp4,,138.0,141.0,3.0,,,,,,,,,,,,,,,,,
sample073_0141.00_0144.00,sample073.mp4,,141.0,144.0,3.0,,,,,,,,,,,,,,,,,
sample073_0144.00_0147.00,sample073.mp4,,144.0,147.0,3.0,,,,,,,,,,,,,,,,,
sample073_0147.00_0150.00,sample073.mp4,,147.0,150.0,3.0,,,,,,,,,,,,,,,,,
sample073_0150.00_0153.00,sample073.mp4,,150.0,153.0,3.0,,,,,,,,,,,,,,,,,
sample073_0153.00_0156.00,sample073.mp4,,153.0,156.0,3.0,,,,,,,,,,,,,,,,,
sample073_0156.00_0159.00,sample073.mp4,,156.0,159.0,3.0,,,,,,,,,,,,,,,,,
sample073_0159.00_0162.00,sample073.mp4,,159.0,162.0,3.0,,,,,,,,,,,,,,,,,
sample073_0162.00_0165.00,sample073.mp4,,162.0,165.0,3.0,,,,,,,,,,,,,,,,,
sample073_0165.00_0168.00,sample073.mp4,,165.0,168.0,3.0,,,,,,,,,,,,,,,,,
sample073_0168.00_0171.00,sample073.mp4,,168.0,171.0,3.0,,,,,,,,,,,,,,,,,
sample073_0171.00_0174.00,sample073.mp4,,171.0,174.0,3.0,,,,,,,,,,,,,,,,,
sample073_0174.00_0177.00,sample073.mp4,,174.0,177.0,3.0,,,,,,,,,,,,,,,,,
sample073_0177.00_0180.00,sample073.mp4,,177.0,180.0,3.0,,,,,,,,,,,,,,,,,
sample073_0180.00_0183.00,sample073.mp4,,180.0,183.0,3.0,,,,,,,,,,,,,,,,,
sample073_0183.00_0186.00,sample073.mp4,,183.0,186.0,3.0,,,,,,,,,,,,,,,,,
sample073_0186.00_0189.00,sample073.mp4,,186.0,189.0,3.0,,,,,,,,,,,,,,,,,
sample073_0189.00_0192.00,sample073.mp4,,189.0,192.0,3.0,,,,,,,,,,,,,,,,,
sample073_0192.00_0195.00,sample073.mp4,,192.0,195.0,3.0,,,,,,,,,,,,,,,,,
sample073_0195.00_0198.00,sample073.mp4,,195.0,198.0,3.0,,,,,,,,,,,,,,,,,
sample073_0198.00_0200.23,sample073.mp4,,198.0,200.23,2.23,,,,,,,,,,,,,,,,,
sample074_0000.00_0003.00,sample074.mp4,,0.0,3.0,3.0,,,,,,,,,,,,,,,,,
sample074_0003.00_0006.00,sample074.mp4,,3.0,6.0,3.0,,,,,,,,,,,,,,,,,
sample074_0006.00_0009.00,sample074.mp4,,6.0,9.0,3.0,,,,,,,,,,,,,,,,,
sample074_0009.00_0012.00,sample074.mp4,,9.0,12.0,3.0,,,,,,,,,,,,,,,,,
sample074_0012.00_0015.00,sample074.mp4,,12.0,15.0,3.0,,,,,,,,,,,,,,,,,
sample074_0015.00_0018.00,sample074.mp4,,15.0,18.0,3.0,,,,,,,,,,,,,,,,,
sample074_0018.00_0021.00,sample074.mp4,,18.0,21.0,3.0,,,,,,,,,,,,,,,,,
sample074_0021.00_0024.00,sample074.mp4,,21.0,24.0,3.0,,,,,,,,,,,,,,,,,
sample074_0024.00_0027.00,sample074.mp4,,24.0,27.0,3.0,,,,,,,,,,,,,,,,,
sample074_0027.00_0030.00,sample074.mp4,,27.0,30.0,3.0,,,,,,,,,,,,,,,,,
sample074_0030.00_0033.00,sample074.mp4,,30.0,33.0,3.0,,,,,,,,,,,,,,,,,
sample074_0033.00_0036.00,sample074.mp4,,33.0,36.0,3.0,,,,,,,,,,,,,,,,,
sample074_0036.00_0039.00,sample074.mp4,,36.0,39.0,3.0,,,,,,,,,,,,,,,,,
sample074_0039.00_0042.00,sample074.mp4,,39.0,42.0,3.0,,,,,,,,,,,,,,,,,
sample074_0042.00_0045.00,sample074.mp4,,42.0,45.0,3.0,,,,,,,,,,,,,,,,,
sample074_0045.00_0048.00,sample074.mp4,,45.0,48.0,3.0,,,,,,,,,,,,,,,,,
sample074_0048.00_0051.00,sample074.mp4,,48.0,51.0,3.0,,,,,,,,,,,,,,,,,
sample074_0051.00_0054.00,sample074.mp4,,51.0,54.0,3.0,,,,,,,,,,,,,,,,,
sample074_0054.00_0057.00,sample074.mp4,,54.0,57.0,3.0,,,,,,,,,,,,,,,,,
sample074_0057.00_0060.00,sample074.mp4,,57.0,60.0,3.0,,,,,,,,,,,,,,,,,
sample074_0060.00_0063.00,sample074.mp4,,60.0,63.0,3.0,,,,,,,,,,,,,,,,,
sample074_0063.00_0066.00,sample074.mp4,,63.0,66.0,3.0,,,,,,,,,,,,,,,,,
sample074_0066.00_0069.00,sample074.mp4,,66.0,69.0,3.0,,,,,,,,,,,,,,,,,
sample074_0069.00_0072.00,sample074.mp4,,69.0,72.0,3.0,,,,,,,,,,,,,,,,,
sample074_0072.00_0075.00,sample074.mp4,,72.0,75.0,3.0,,,,,,,,,,,,,,,,,
sample074_0075.00_0078.00,sample074.mp4,,75.0,78.0,3.0,,,,,,,,,,,,,,,,,
sample074_0078.00_0081.00,sample074.mp4,,78.0,81.0,3.0,,,,,,,,,,,,,,,,,
sample074_0081.00_0084.00,sample074.mp4,,81.0,84.0,3.0,,,,,,,,,,,,,,,,,
sample074_0084.00_0087.00,sample074.mp4,,84.0,87.0,3.0,,,,,,,,,,,,,,,,,
sample074_0087.00_0090.00,sample074.mp4,,87.0,90.0,3.0,,,,,,,,,,,,,,,,,
sample074_0090.00_0093.00,sample074.mp4,,90.0,93.0,3.0,,,,,,,,,,,,,,,,,
sample074_0093.00_0096.00,sample074.mp4,,93.0,96.0,3.0,,,,,,,,,,,,,,,,,
sample074_0096.00_0099.00,sample074.mp4,,96.0,99.0,3.0,,,,,,,,,,,,,,,,,
sample074_0099.00_0102.00,sample074.mp4,,99.0,102.0,3.0,,,,,,,,,,,,,,,,,
sample074_0102.00_0105.00,sample074.mp4,,102.0,105.0,3.0,,,,,,,,,,,,,,,,,
sample074_0105.00_0108.00,sample074.mp4,,105.0,108.0,3.0,,,,,,,,,,,,,,,,,
sample074_0108.00_0111.00,sample074.mp4,,108.0,111.0,3.0,,,,,,,,,,,,,,,,,
sample074_0111.00_0114.00,sample074.mp4,,111.0,114.0,3.0,,,,,,,,,,,,,,,,,
sample074_0114.00_0117.00,sample074.mp4,,114.0,117.0,3.0,,,,,,,,,,,,,,,,,
sample074_0117.00_0120.00,sample074.mp4,,117.0,120.0,3.0,,,,,,,,,,,,,,,,,
sample074_0120.00_0123.00,sample074.mp4,,120.0,123.0,3.0,,,,,,,,,,,,,,,,,
sample074_0123.00_0126.00,sample074.mp4,,123.0,126.0,3.0,,,,,,,,,,,,,,,,,
sample074_0126.00_0129.00,sample074.mp4,,126.0,129.0,3.0,,,,,,,,,,,,,,,,,
sample074_0129.00_0132.00,sample074.mp4,,129.0,132.0,3.0,,,,,,,,,,,,,,,,,
sample074_0132.00_0135.00,sample074.mp4,,132.0,135.0,3.0,,,,,,,,,,,,,,,,,
sample074_0135.00_0138.00,sample074.mp4,,135.0,138.0,3.0,,,,,,,,,,,,,,,,,
sample074_0138.00_0141.00,sample074.mp4,,138.0,141.0,3.0,,,,,,,,,,,,,,,,,
sample074_0141.00_0144.00,sample074.mp4,,141.0,144.0,3.0,,,,,,,,,,,,,,,,,
sample074_0144.00_0147.00,sample074.mp4,,144.0,147.0,3.0,,,,,,,,,,,,,,,,,
sample074_0147.00_0150.00,sample074.mp4,,147.0,150.0,3.0,,,,,,,,,,,,,,,,,
sample074_0150.00_0153.00,sample074.mp4,,150.0,153.0,3.0,,,,,,,,,,,,,,,,,
sample074_0153.00_0156.00,sample074.mp4,,153.0,156.0,3.0,,,,,,,,,,,,,,,,,
sample074_0156.00_0159.00,sample074.mp4,,156.0,159.0,3.0,,,,,,,,,,,,,,,,,
sample074_0159.00_0162.00,sample074.mp4,,159.0,162.0,3.0,,,,,,,,,,,,,,,,,
sample074_0162.00_0165.00,sample074.mp4,,162.0,165.0,3.0,,,,,,,,,,,,,,,,,
sample074_0165.00_0168.00,sample074.mp4,,165.0,168.0,3.0,,,,,,,,,,,,,,,,,
sample074_0168.00_0171.00,sample074.mp4,,168.0,171.0,3.0,,,,,,,,,,,,,,,,,
sample074_0171.00_0174.00,sample074.mp4,,171.0,174.0,3.0,,,,,,,,,,,,,,,,,
sample074_0174.00_0177.00,sample074.mp4,,174.0,177.0,3.0,,,,,,,,,,,,,,,,,
sample074_0177.00_0180.00,sample074.mp4,,177.0,180.0,3.0,,,,,,,,,,,,,,,,,
sample074_0180.00_0183.00,sample074.mp4,,180.0,183.0,3.0,,,,,,,,,,,,,,,,,
sample074_0183.00_0186.00,sample074.mp4,,183.0,186.0,3.0,,,,,,,,,,,,,,,,,
sample074_0186.00_0189.00,sample074.mp4,,186.0,189.0,3.0,,,,,,,,,,,,,,,,,
sample074_0189.00_0192.00,sample074.mp4,,189.0,192.0,3.0,,,,,,,,,,,,,,,,,
sample074_0192.00_0195.00,sample074.mp4,,192.0,195.0,3.0,,,,,,,,,,,,,,,,,
sample074_0195.00_0198.00,sample074.mp4,,195.0,198.0,3.0,,,,,,,,,,,,,,,,,
sample074_0198.00_0201.00,sample074.mp4,,198.0,201.0,3.0,,,,,,,,,,,,,,,,,
sample074_0201.00_0204.00,sample074.mp4,,201.0,204.0,3.0,,,,,,,,,,,,,,,,,
sample074_0204.00_0207.00,sample074.mp4,,204.0,207.0,3.0,,,,,,,,,,,,,,,,,
sample074_0207.00_0210.00,sample074.mp4,,207.0,210.0,3.0,,,,,,,,,,,,,,,,,
sample074_0210.00_0213.00,sample074.mp4,,210.0,213.0,3.0,,,,,,,,,,,,,,,,,
sample074_0213.00_0216.00,sample074.mp4,,213.0,216.0,3.0,,,,,,,,,,,,,,,,,
sample074_0216.00_0219.00,sample074.mp4,,216.0,219.0,3.0,,,,,,,,,,,,,,,,,
sample074_0219.00_0222.00,sample074.mp4,,219.0,222.0,3.0,,,,,,,,,,,,,,,,,
sample074_0222.00_0225.00,sample074.mp4,,222.0,225.0,3.0,,,,,,,,,,,,,,,,,
sample074_0225.00_0228.00,sample074.mp4,,225.0,228.0,3.0,,,,,,,,,,,,,,,,,
sample074_0228.00_0231.00,sample074.mp4,,228.0,231.0,3.0,,,,,,,,,,,,,,,,,
sample074_0231.00_0234.00,sample074.mp4,,231.0,234.0,3.0,,,,,,,,,,,,,,,,,
sample074_0234.00_0237.00,sample074.mp4,,234.0,237.0,3.0,,,,,,,,,,,,,,,,,
sample074_0237.00_0240.00,sample074.mp4,,237.0,240.0,3.0,,,,,,,,,,,,,,,,,
sample074_0240.00_0243.00,sample074.mp4,,240.0,243.0,3.0,,,,,,,,,,,,,,,,,
sample074_0243.00_0246.00,sample074.mp4,,243.0,246.0,3.0,,,,,,,,,,,,,,,,,
sample074_0246.00_0249.00,sample074.mp4,,246.0,249.0,3.0,,,,,,,,,,,,,,,,,
sample074_0249.00_0252.00,sample074.mp4,,249.0,252.0,3.0,,,,,,,,,,,,,,,,,
sample074_0252.00_0255.00,sample074.mp4,,252.0,255.0,3.0,,,,,,,,,,,,,,,,,
sample074_0255.00_0258.00,sample074.mp4,,255.0,258.0,3.0,,,,,,,,,,,,,,,,,
sample074_0258.00_0261.00,sample074.mp4,,258.0,261.0,3.0,,,,,,,,,,,,,,,,,
sample074_0261.00_0264.00,sample074.mp4,,261.0,264.0,3.0,,,,,,,,,,,,,,,,,
sample074_0264.00_0267.00,sample074.mp4,,264.0,267.0,3.0,,,,,,,,,,,,,,,,,
sample074_0267.00_0270.00,sample074.mp4,,267.0,270.0,3.0,,,,,,,,,,,,,,,,,
sample074_0270.00_0273.00,sample074.mp4,,270.0,273.0,3.0,,,,,,,,,,,,,,,,,
sample074_0273.00_0276.00,sample074.mp4,,273.0,276.0,3.0,,,,,,,,,,,,,,,,,
sample074_0276.00_0279.00,sample074.mp4,,276.0,279.0,3.0,,,,,,,,,,,,,,,,,
sample074_0279.00_0282.00,sample074.mp4,,279.0,282.0,3.0,,,,,,,,,,,,,,,,,
sample074_0282.00_0285.00,sample074.mp4,,282.0,285.0,3.0,,,,,,,,,,,,,,,,,
sample074_0285.00_0288.00,sample074.mp4,,285.0,288.0,3.0,,,,,,,,,,,,,,,,,
sample074_0288.00_0291.00,sample074.mp4,,288.0,291.0,3.0,,,,,,,,,,,,,,,,,
sample074_0291.00_0294.00,sample074.mp4,,291.0,294.0,3.0,,,,,,,,,,,,,,,,,
sample074_0294.00_0295.53,sample074.mp4,,294.0,295.53,1.53,,,,,,,,,,,,,,,,,
sample075_0000.00_0003.00,sample075.mp4,,0.0,3.0,3.0,,,,,,,,,,,,,,,,,
sample075_0003.00_0006.00,sample075.mp4,,3.0,6.0,3.0,,,,,,,,,,,,,,,,,
sample075_0006.00_0009.00,sample075.mp4,,6.0,9.0,3.0,,,,,,,,,,,,,,,,,
sample075_0009.00_0012.00,sample075.mp4,,9.0,12.0,3.0,,,,,,,,,,,,,,,,,
sample075_0012.00_0015.00,sample075.mp4,,12.0,15.0,3.0,,,,,,,,,,,,,,,,,
sample075_0015.00_0018.00,sample075.mp4,,15.0,18.0,3.0,,,,,,,,,,,,,,,,,
sample075_0018.00_0021.00,sample075.mp4,,18.0,21.0,3.0,,,,,,,,,,,,,,,,,
sample075_0021.00_0024.00,sample075.mp4,,21.0,24.0,3.0,,,,,,,,,,,,,,,,,
sample075_0024.00_0027.00,sample075.mp4,,24.0,27.0,3.0,,,,,,,,,,,,,,,,,
sample075_0027.00_0030.00,sample075.mp4,,27.0,30.0,3.0,,,,,,,,,,,,,,,,,
sample075_0030.00_0033.00,sample075.mp4,,30.0,33.0,3.0,,,,,,,,,,,,,,,,,
sample075_0033.00_0036.00,sample075.mp4,,33.0,36.0,3.0,,,,,,,,,,,,,,,,,
sample075_0036.00_0039.00,sample075.mp4,,36.0,39.0,3.0,,,,,,,,,,,,,,,,,
sample075_0039.00_0042.00,sample075.mp4,,39.0,42.0,3.0,,,,,,,,,,,,,,,,,
sample075_0042.00_0045.00,sample075.mp4,,42.0,45.0,3.0,,,,,,,,,,,,,,,,,
sample075_0045.00_0048.00,sample075.mp4,,45.0,48.0,3.0,,,,,,,,,,,,,,,,,
sample075_0048.00_0051.00,sample075.mp4,,48.0,51.0,3.0,,,,,,,,,,,,,,,,,
sample075_0051.00_0054.00,sample075.mp4,,51.0,54.0,3.0,,,,,,,,,,,,,,,,,
sample075_0054.00_0057.00,sample075.mp4,,54.0,57.0,3.0,,,,,,,,,,,,,,,,,
sample075_0057.00_0060.00,sample075.mp4,,57.0,60.0,3.0,,,,,,,,,,,,,,,,,
sample075_0060.00_0063.00,sample075.mp4,,60.0,63.0,3.0,,,,,,,,,,,,,,,,,
sample075_0063.00_0066.00,sample075.mp4,,63.0,66.0,3.0,,,,,,,,,,,,,,,,,
sample075_0066.00_0069.00,sample075.mp4,,66.0,69.0,3.0,,,,,,,,,,,,,,,,,
sample075_0069.00_0072.00,sample075.mp4,,69.0,72.0,3.0,,,,,,,,,,,,,,,,,
sample075_0072.00_0075.00,sample075.mp4,,72.0,75.0,3.0,,,,,,,,,,,,,,,,,
sample075_0075.00_0078.00,sample075.mp4,,75.0,78.0,3.0,,,,,,,,,,,,,,,,,
sample075_0078.00_0081.00,sample075.mp4,,78.0,81.0,3.0,,,,,,,,,,,,,,,,,
sample075_0081.00_0084.00,sample075.mp4,,81.0,84.0,3.0,,,,,,,,,,,,,,,,,
sample075_0084.00_0087.00,sample075.mp4,,84.0,87.0,3.0,,,,,,,,,,,,,,,,,
sample075_0087.00_0090.00,sample075.mp4,,87.0,90.0,3.0,,,,,,,,,,,,,,,,,
sample075_0090.00_0093.00,sample075.mp4,,90.0,93.0,3.0,,,,,,,,,,,,,,,,,
sample075_0093.00_0096.00,sample075.mp4,,93.0,96.0,3.0,,,,,,,,,,,,,,,,,
sample075_0096.00_0099.00,sample075.mp4,,96.0,99.0,3.0,,,,,,,,,,,,,,,,,
sample075_0099.00_0102.00,sample075.mp4,,99.0,102.0,3.0,,,,,,,,,,,,,,,,,
sample075_0102.00_0105.00,sample075.mp4,,102.0,105.0,3.0,,,,,,,,,,,,,,,,,
sample075_0105.00_0108.00,sample075.mp4,,105.0,108.0,3.0,,,,,,,,,,,,,,,,,
sample075_0108.00_0111.00,sample075.mp4,,108.0,111.0,3.0,,,,,,,,,,,,,,,,,
sample075_0111.00_0114.00,sample075.mp4,,111.0,114.0,3.0,,,,,,,,,,,,,,,,,
sample075_0114.00_0117.00,sample075.mp4,,114.0,117.0,3.0,,,,,,,,,,,,,,,,,
sample075_0117.00_0120.00,sample075.mp4,,117.0,120.0,3.0,,,,,,,,,,,,,,,,,
sample075_0120.00_0123.00,sample075.mp4,,120.0,123.0,3.0,,,,,,,,,,,,,,,,,
sample075_0123.00_0126.00,sample075.mp4,,123.0,126.0,3.0,,,,,,,,,,,,,,,,,
sample075_0126.00_0129.00,sample075.mp4,,126.0,129.0,3.0,,,,,,,,,,,,,,,,,
sample075_0129.00_0132.00,sample075.mp4,,129.0,132.0,3.0,,,,,,,,,,,,,,,,,
sample075_0132.00_0135.00,sample075.mp4,,132.0,135.0,3.0,,,,,,,,,,,,,,,,,
sample075_0135.00_0138.00,sample075.mp4,,135.0,138.0,3.0,,,,,,,,,,,,,,,,,
sample075_0138.00_0141.00,sample075.mp4,,138.0,141.0,3.0,,,,,,,,,,,,,,,,,
sample075_0141.00_0144.00,sample075.mp4,,141.0,144.0,3.0,,,,,,,,,,,,,,,,,
sample075_0144.00_0147.00,sample075.mp4,,144.0,147.0,3.0,,,,,,,,,,,,,,,,,
sample075_0147.00_0150.00,sample075.mp4,,147.0,150.0,3.0,,,,,,,,,,,,,,,,,
sample075_0150.00_0153.00,sample075.mp4,,150.0,153.0,3.0,,,,,,,,,,,,,,,,,
sample075_0153.00_0156.00,sample075.mp4,,153.0,156.0,3.0,,,,,,,,,,,,,,,,,
sample075_0156.00_0159.00,sample075.mp4,,156.0,159.0,3.0,,,,,,,,,,,,,,,,,
sample075_0159.00_0162.00,sample075.mp4,,159.0,162.0,3.0,,,,,,,,,,,,,,,,,
sample075_0162.00_0165.00,sample075.mp4,,162.0,165.0,3.0,,,,,,,,,,,,,,,,,
sample075_0165.00_0168.00,sample075.mp4,,165.0,168.0,3.0,,,,,,,,,,,,,,,,,
sample075_0168.00_0171.00,sample075.mp4,,168.0,171.0,3.0,,,,,,,,,,,,,,,,,
sample075_0171.00_0174.00,sample075.mp4,,171.0,174.0,3.0,,,,,,,,,,,,,,,,,
sample075_0174.00_0177.00,sample075.mp4,,174.0,177.0,3.0,,,,,,,,,,,,,,,,,
sample075_0177.00_0180.00,sample075.mp4,,177.0,180.0,3.0,,,,,,,,,,,,,,,,,
sample075_0180.00_0183.00,sample075.mp4,,180.0,183.0,3.0,,,,,,,,,,,,,,,,,
sample075_0183.00_0186.00,sample075.mp4,,183.0,186.0,3.0,,,,,,,,,,,,,,,,,
sample075_0186.00_0189.00,sample075.mp4,,186.0,189.0,3.0,,,,,,,,,,,,,,,,,
sample075_0189.00_0192.00,sample075.mp4,,189.0,192.0,3.0,,,,,,,,,,,,,,,,,
sample075_0192.00_0195.00,sample075.mp4,,192.0,195.0,3.0,,,,,,,,,,,,,,,,,
sample075_0195.00_0198.00,sample075.mp4,,195.0,198.0,3.0,,,,,,,,,,,,,,,,,
sample075_0198.00_0201.00,sample075.mp4,,198.0,201.0,3.0,,,,,,,,,,,,,,,,,
sample075_0201.00_0204.00,sample075.mp4,,201.0,204.0,3.0,,,,,,,,,,,,,,,,,
sample075_0204.00_0207.00,sample075.mp4,,204.0,207.0,3.0,,,,,,,,,,,,,,,,,
sample075_0207.00_0210.00,sample075.mp4,,207.0,210.0,3.0,,,,,,,,,,,,,,,,,
sample075_0210.00_0213.00,sample075.mp4,,210.0,213.0,3.0,,,,,,,,,,,,,,,,,
sample075_0213.00_0216.00,sample075.mp4,,213.0,216.0,3.0,,,,,,,,,,,,,,,,,
sample075_0216.00_0219.00,sample075.mp4,,216.0,219.0,3.0,,,,,,,,,,,,,,,,,
sample075_0219.00_0222.00,sample075.mp4,,219.0,222.0,3.0,,,,,,,,,,,,,,,,,
sample075_0222.00_0225.00,sample075.mp4,,222.0,225.0,3.0,,,,,,,,,,,,,,,,,
sample075_0225.00_0228.00,sample075.mp4,,225.0,228.0,3.0,,,,,,,,,,,,,,,,,
sample075_0228.00_0231.00,sample075.mp4,,228.0,231.0,3.0,,,,,,,,,,,,,,,,,
sample075_0231.00_0234.00,sample075.mp4,,231.0,234.0,3.0,,,,,,,,,,,,,,,,,
sample075_0234.00_0237.00,sample075.mp4,,234.0,237.0,3.0,,,,,,,,,,,,,,,,,
sample075_0237.00_0240.00,sample075.mp4,,237.0,240.0,3.0,,,,,,,,,,,,,,,,,
sample075_0240.00_0243.00,sample075.mp4,,240.0,243.0,3.0,,,,,,,,,,,,,,,,,
sample075_0243.00_0246.00,sample075.mp4,,243.0,246.0,3.0,,,,,,,,,,,,,,,,,
sample075_0246.00_0249.00,sample075.mp4,,246.0,249.0,3.0,,,,,,,,,,,,,,,,,
sample075_0249.00_0252.00,sample075.mp4,,249.0,252.0,3.0,,,,,,,,,,,,,,,,,
sample075_0252.00_0255.00,sample075.mp4,,252.0,255.0,3.0,,,,,,,,,,,,,,,,,
sample075_0255.00_0258.00,sample075.mp4,,255.0,258.0,3.0,,,,,,,,,,,,,,,,,
sample075_0258.00_0261.00,sample075.mp4,,258.0,261.0,3.0,,,,,,,,,,,,,,,,,
sample075_0261.00_0264.00,sample075.mp4,,261.0,264.0,3.0,,,,,,,,,,,,,,,,,
sample075_0264.00_0267.00,sample075.mp4,,264.0,267.0,3.0,,,,,,,,,,,,,,,,,
sample075_0267.00_0270.00,sample075.mp4,,267.0,270.0,3.0,,,,,,,,,,,,,,,,,
sample075_0270.00_0273.00,sample075.mp4,,270.0,273.0,3.0,,,,,,,,,,,,,,,,,
sample075_0273.00_0276.00,sample075.mp4,,273.0,276.0,3.0,,,,,,,,,,,,,,,,,
sample075_0276.00_0279.00,sample075.mp4,,276.0,279.0,3.0,,,,,,,,,,,,,,,,,
sample075_0279.00_0282.00,sample075.mp4,,279.0,282.0,3.0,,,,,,,,,,,,,,,,,
sample075_0282.00_0285.00,sample075.mp4,,282.0,285.0,3.0,,,,,,,,,,,,,,,,,
sample075_0285.00_0288.00,sample075.mp4,,285.0,288.0,3.0,,,,,,,,,,,,,,,,,
sample075_0288.00_0291.00,sample075.mp4,,288.0,291.0,3.0,,,,,,,,,,,,,,,,,
sample075_0291.00_0294.00,sample075.mp4,,291.0,294.0,3.0,,,,,,,,,,,,,,,,,
sample075_0294.00_0297.00,sample075.mp4,,294.0,297.0,3.0,,,,,,,,,,,,,,,,,
sample075_0297.00_0300.00,sample075.mp4,,297.0,300.0,3.0,,,,,,,,,,,,,,,,,
sample075_0300.00_0303.00,sample075.mp4,,300.0,303.0,3.0,,,,,,,,,,,,,,,,,
sample075_0303.00_0306.00,sample075.mp4,,303.0,306.0,3.0,,,,,,,,,,,,,,,,,
sample075_0306.00_0309.00,sample075.mp4,,306.0,309.0,3.0,,,,,,,,,,,,,,,,,
sample075_0309.00_0310.10,sample075.mp4,,309.0,310.1,1.1,,,,,,,,,,,,,,,,,
sample076_0000.00_0003.00,sample076.mp4,,0.0,3.0,3.0,,,,,,,,,,,,,,,,,
sample076_0003.00_0006.00,sample076.mp4,,3.0,6.0,3.0,,,,,,,,,,,,,,,,,
sample076_0006.00_0009.00,sample076.mp4,,6.0,9.0,3.0,,,,,,,,,,,,,,,,,
sample076_0009.00_0012.00,sample076.mp4,,9.0,12.0,3.0,,,,,,,,,,,,,,,,,
sample076_0012.00_0015.00,sample076.mp4,,12.0,15.0,3.0,,,,,,,,,,,,,,,,,
sample076_0015.00_0018.00,sample076.mp4,,15.0,18.0,3.0,,,,,,,,,,,,,,,,,
sample076_0018.00_0021.00,sample076.mp4,,18.0,21.0,3.0,,,,,,,,,,,,,,,,,
sample076_0021.00_0024.00,sample076.mp4,,21.0,24.0,3.0,,,,,,,,,,,,,,,,,
sample076_0024.00_0027.00,sample076.mp4,,24.0,27.0,3.0,,,,,,,,,,,,,,,,,
sample076_0027.00_0030.00,sample076.mp4,,27.0,30.0,3.0,,,,,,,,,,,,,,,,,
sample076_0030.00_0033.00,sample076.mp4,,30.0,33.0,3.0,,,,,,,,,,,,,,,,,
sample076_0033.00_0036.00,sample076.mp4,,33.0,36.0,3.0,,,,,,,,,,,,,,,,,
sample076_0036.00_0039.00,sample076.mp4,,36.0,39.0,3.0,,,,,,,,,,,,,,,,,
sample076_0039.00_0042.00,sample076.mp4,,39.0,42.0,3.0,,,,,,,,,,,,,,,,,
sample076_0042.00_0045.00,sample076.mp4,,42.0,45.0,3.0,,,,,,,,,,,,,,,,,
sample076_0045.00_0048.00,sample076.mp4,,45.0,48.0,3.0,,,,,,,,,,,,,,,,,
sample076_0048.00_0051.00,sample076.mp4,,48.0,51.0,3.0,,,,,,,,,,,,,,,,,
sample076_0051.00_0054.00,sample076.mp4,,51.0,54.0,3.0,,,,,,,,,,,,,,,,,
sample076_0054.00_0057.00,sample076.mp4,,54.0,57.0,3.0,,,,,,,,,,,,,,,,,
sample076_0057.00_0060.00,sample076.mp4,,57.0,60.0,3.0,,,,,,,,,,,,,,,,,
sample076_0060.00_0063.00,sample076.mp4,,60.0,63.0,3.0,,,,,,,,,,,,,,,,,
sample076_0063.00_0066.00,sample076.mp4,,63.0,66.0,3.0,,,,,,,,,,,,,,,,,
sample076_0066.00_0069.00,sample076.mp4,,66.0,69.0,3.0,,,,,,,,,,,,,,,,,
sample076_0069.00_0072.00,sample076.mp4,,69.0,72.0,3.0,,,,,,,,,,,,,,,,,
sample076_0072.00_0075.00,sample076.mp4,,72.0,75.0,3.0,,,,,,,,,,,,,,,,,
sample076_0075.00_0078.00,sample076.mp4,,75.0,78.0,3.0,,,,,,,,,,,,,,,,,
sample076_0078.00_0081.00,sample076.mp4,,78.0,81.0,3.0,,,,,,,,,,,,,,,,,
sample076_0081.00_0084.00,sample076.mp4,,81.0,84.0,3.0,,,,,,,,,,,,,,,,,
sample076_0084.00_0087.00,sample076.mp4,,84.0,87.0,3.0,,,,,,,,,,,,,,,,,
sample076_0087.00_0090.00,sample076.mp4,,87.0,90.0,3.0,,,,,,,,,,,,,,,,,
sample076_0090.00_0093.00,sample076.mp4,,90.0,93.0,3.0,,,,,,,,,,,,,,,,,
sample076_0093.00_0096.00,sample076.mp4,,93.0,96.0,3.0,,,,,,,,,,,,,,,,,
sample076_0096.00_0099.00,sample076.mp4,,96.0,99.0,3.0,,,,,,,,,,,,,,,,,
sample076_0099.00_0102.00,sample076.mp4,,99.0,102.0,3.0,,,,,,,,,,,,,,,,,
sample076_0102.00_0105.00,sample076.mp4,,102.0,105.0,3.0,,,,,,,,,,,,,,,,,
sample076_0105.00_0108.00,sample076.mp4,,105.0,108.0,3.0,,,,,,,,,,,,,,,,,
sample076_0108.00_0111.00,sample076.mp4,,108.0,111.0,3.0,,,,,,,,,,,,,,,,,
sample076_0111.00_0114.00,sample076.mp4,,111.0,114.0,3.0,,,,,,,,,,,,,,,,,
sample076_0114.00_0117.00,sample076.mp4,,114.0,117.0,3.0,,,,,,,,,,,,,,,,,
sample076_0117.00_0120.00,sample076.mp4,,117.0,120.0,3.0,,,,,,,,,,,,,,,,,
sample076_0120.00_0123.00,sample076.mp4,,120.0,123.0,3.0,,,,,,,,,,,,,,,,,
sample076_0123.00_0126.00,sample076.mp4,,123.0,126.0,3.0,,,,,,,,,,,,,,,,,
sample076_0126.00_0129.00,sample076.mp4,,126.0,129.0,3.0,,,,,,,,,,,,,,,,,
sample076_0129.00_0132.00,sample076.mp4,,129.0,132.0,3.0,,,,,,,,,,,,,,,,,
sample076_0132.00_0135.00,sample076.mp4,,132.0,135.0,3.0,,,,,,,,,,,,,,,,,
sample076_0135.00_0138.00,sample076.mp4,,135.0,138.0,3.0,,,,,,,,,,,,,,,,,
sample076_0138.00_0141.00,sample076.mp4,,138.0,141.0,3.0,,,,,,,,,,,,,,,,,
sample076_0141.00_0144.00,sample076.mp4,,141.0,144.0,3.0,,,,,,,,,,,,,,,,,
sample076_0144.00_0147.00,sample076.mp4,,144.0,147.0,3.0,,,,,,,,,,,,,,,,,
sample076_0147.00_0150.00,sample076.mp4,,147.0,150.0,3.0,,,,,,,,,,,,,,,,,
sample076_0150.00_0153.00,sample076.mp4,,150.0,153.0,3.0,,,,,,,,,,,,,,,,,
sample076_0153.00_0156.00,sample076.mp4,,153.0,156.0,3.0,,,,,,,,,,,,,,,,,
sample076_0156.00_0159.00,sample076.mp4,,156.0,159.0,3.0,,,,,,,,,,,,,,,,,
sample076_0159.00_0162.00,sample076.mp4,,159.0,162.0,3.0,,,,,,,,,,,,,,,,,
sample076_0162.00_0165.00,sample076.mp4,,162.0,165.0,3.0,,,,,,,,,,,,,,,,,
sample076_0165.00_0168.00,sample076.mp4,,165.0,168.0,3.0,,,,,,,,,,,,,,,,,
sample076_0168.00_0171.00,sample076.mp4,,168.0,171.0,3.0,,,,,,,,,,,,,,,,,
sample076_0171.00_0173.10,sample076.mp4,,171.0,173.1,2.1,,,,,,,,,,,,,,,,,
sample077_0000.00_0003.00,sample077.mp4,,0.0,3.0,3.0,,,,,,,,,,,,,,,,,
sample077_0003.00_0006.00,sample077.mp4,,3.0,6.0,3.0,,,,,,,,,,,,,,,,,
sample077_0006.00_0009.00,sample077.mp4,,6.0,9.0,3.0,,,,,,,,,,,,,,,,,
sample077_0009.00_0012.00,sample077.mp4,,9.0,12.0,3.0,,,,,,,,,,,,,,,,,
sample077_0012.00_0015.00,sample077.mp4,,12.0,15.0,3.0,,,,,,,,,,,,,,,,,
sample077_0015.00_0018.00,sample077.mp4,,15.0,18.0,3.0,,,,,,,,,,,,,,,,,
sample077_0018.00_0021.00,sample077.mp4,,18.0,21.0,3.0,,,,,,,,,,,,,,,,,
sample077_0021.00_0024.00,sample077.mp4,,21.0,24.0,3.0,,,,,,,,,,,,,,,,,
sample077_0024.00_0027.00,sample077.mp4,,24.0,27.0,3.0,,,,,,,,,,,,,,,,,
sample077_0027.00_0030.00,sample077.mp4,,27.0,30.0,3.0,,,,,,,,,,,,,,,,,
sample077_0030.00_0033.00,sample077.mp4,,30.0,33.0,3.0,,,,,,,,,,,,,,,,,
sample077_0033.00_0036.00,sample077.mp4,,33.0,36.0,3.0,,,,,,,,,,,,,,,,,
sample077_0036.00_0039.00,sample077.mp4,,36.0,39.0,3.0,,,,,,,,,,,,,,,,,
sample077_0039.00_0042.00,sample077.mp4,,39.0,42.0,3.0,,,,,,,,,,,,,,,,,
sample077_0042.00_0045.00,sample077.mp4,,42.0,45.0,3.0,,,,,,,,,,,,,,,,,
sample077_0045.00_0048.00,sample077.mp4,,45.0,48.0,3.0,,,,,,,,,,,,,,,,,
sample077_0048.00_0051.00,sample077.mp4,,48.0,51.0,3.0,,,,,,,,,,,,,,,,,
sample077_0051.00_0054.00,sample077.mp4,,51.0,54.0,3.0,,,,,,,,,,,,,,,,,
sample077_0054.00_0057.00,sample077.mp4,,54.0,57.0,3.0,,,,,,,,,,,,,,,,,
sample077_0057.00_0060.00,sample077.mp4,,57.0,60.0,3.0,,,,,,,,,,,,,,,,,
sample077_0060.00_0063.00,sample077.mp4,,60.0,63.0,3.0,,,,,,,,,,,,,,,,,
sample077_0063.00_0066.00,sample077.mp4,,63.0,66.0,3.0,,,,,,,,,,,,,,,,,
sample077_0066.00_0069.00,sample077.mp4,,66.0,69.0,3.0,,,,,,,,,,,,,,,,,
sample077_0069.00_0072.00,sample077.mp4,,69.0,72.0,3.0,,,,,,,,,,,,,,,,,
sample077_0072.00_0075.00,sample077.mp4,,72.0,75.0,3.0,,,,,,,,,,,,,,,,,
sample077_0075.00_0078.00,sample077.mp4,,75.0,78.0,3.0,,,,,,,,,,,,,,,,,
sample077_0078.00_0081.00,sample077.mp4,,78.0,81.0,3.0,,,,,,,,,,,,,,,,,
sample077_0081.00_0084.00,sample077.mp4,,81.0,84.0,3.0,,,,,,,,,,,,,,,,,
sample077_0084.00_0087.00,sample077.mp4,,84.0,87.0,3.0,,,,,,,,,,,,,,,,,
sample077_0087.00_0090.00,sample077.mp4,,87.0,90.0,3.0,,,,,,,,,,,,,,,,,
sample077_0090.00_0093.00,sample077.mp4,,90.0,93.0,3.0,,,,,,,,,,,,,,,,,
sample077_0093.00_0096.00,sample077.mp4,,93.0,96.0,3.0,,,,,,,,,,,,,,,,,
sample077_0096.00_0099.00,sample077.mp4,,96.0,99.0,3.0,,,,,,,,,,,,,,,,,
sample077_0099.00_0102.00,sample077.mp4,,99.0,102.0,3.0,,,,,,,,,,,,,,,,,
sample077_0102.00_0105.00,sample077.mp4,,102.0,105.0,3.0,,,,,,,,,,,,,,,,,
sample077_0105.00_0108.00,sample077.mp4,,105.0,108.0,3.0,,,,,,,,,,,,,,,,,
sample077_0108.00_0111.00,sample077.mp4,,108.0,111.0,3.0,,,,,,,,,,,,,,,,,
sample077_0111.00_0114.00,sample077.mp4,,111.0,114.0,3.0,,,,,,,,,,,,,,,,,
sample077_0114.00_0117.00,sample077.mp4,,114.0,117.0,3.0,,,,,,,,,,,,,,,,,
sample077_0117.00_0120.00,sample077.mp4,,117.0,120.0,3.0,,,,,,,,,,,,,,,,,
sample077_0120.00_0123.00,sample077.mp4,,120.0,123.0,3.0,,,,,,,,,,,,,,,,,
sample077_0123.00_0126.00,sample077.mp4,,123.0,126.0,3.0,,,,,,,,,,,,,,,,,
sample077_0126.00_0129.00,sample077.mp4,,126.0,129.0,3.0,,,,,,,,,,,,,,,,,
sample077_0129.00_0132.00,sample077.mp4,,129.0,132.0,3.0,,,,,,,,,,,,,,,,,
sample077_0132.00_0135.00,sample077.mp4,,132.0,135.0,3.0,,,,,,,,,,,,,,,,,
sample077_0135.00_0138.00,sample077.mp4,,135.0,138.0,3.0,,,,,,,,,,,,,,,,,
sample077_0138.00_0141.00,sample077.mp4,,138.0,141.0,3.0,,,,,,,,,,,,,,,,,
sample077_0141.00_0144.00,sample077.mp4,,141.0,144.0,3.0,,,,,,,,,,,,,,,,,
sample077_0144.00_0147.00,sample077.mp4,,144.0,147.0,3.0,,,,,,,,,,,,,,,,,
sample077_0147.00_0150.00,sample077.mp4,,147.0,150.0,3.0,,,,,,,,,,,,,,,,,
sample077_0150.00_0153.00,sample077.mp4,,150.0,153.0,3.0,,,,,,,,,,,,,,,,,
sample077_0153.00_0156.00,sample077.mp4,,153.0,156.0,3.0,,,,,,,,,,,,,,,,,
sample077_0156.00_0159.00,sample077.mp4,,156.0,159.0,3.0,,,,,,,,,,,,,,,,,
sample077_0159.00_0162.00,sample077.mp4,,159.0,162.0,3.0,,,,,,,,,,,,,,,,,
sample077_0162.00_0165.00,sample077.mp4,,162.0,165.0,3.0,,,,,,,,,,,,,,,,,
sample077_0165.00_0168.00,sample077.mp4,,165.0,168.0,3.0,,,,,,,,,,,,,,,,,
sample077_0168.00_0171.00,sample077.mp4,,168.0,171.0,3.0,,,,,,,,,,,,,,,,,
sample077_0171.00_0174.00,sample077.mp4,,171.0,174.0,3.0,,,,,,,,,,,,,,,,,
sample077_0174.00_0177.00,sample077.mp4,,174.0,177.0,3.0,,,,,,,,,,,,,,,,,
sample077_0177.00_0180.00,sample077.mp4,,177.0,180.0,3.0,,,,,,,,,,,,,,,,,
sample077_0180.00_0183.00,sample077.mp4,,180.0,183.0,3.0,,,,,,,,,,,,,,,,,
sample077_0183.00_0186.00,sample077.mp4,,183.0,186.0,3.0,,,,,,,,,,,,,,,,,
sample077_0186.00_0189.00,sample077.mp4,,186.0,189.0,3.0,,,,,,,,,,,,,,,,,
sample077_0189.00_0192.00,sample077.mp4,,189.0,192.0,3.0,,,,,,,,,,,,,,,,,
sample077_0192.00_0195.00,sample077.mp4,,192.0,195.0,3.0,,,,,,,,,,,,,,,,,
sample077_0195.00_0198.00,sample077.mp4,,195.0,198.0,3.0,,,,,,,,,,,,,,,,,
sample077_0198.00_0201.00,sample077.mp4,,198.0,201.0,3.0,,,,,,,,,,,,,,,,,
sample077_0201.00_0204.00,sample077.mp4,,201.0,204.0,3.0,,,,,,,,,,,,,,,,,
sample077_0204.00_0207.00,sample077.mp4,,204.0,207.0,3.0,,,,,,,,,,,,,,,,,
sample077_0207.00_0210.00,sample077.mp4,,207.0,210.0,3.0,,,,,,,,,,,,,,,,,
sample077_0210.00_0213.00,sample077.mp4,,210.0,213.0,3.0,,,,,,,,,,,,,,,,,
sample077_0213.00_0216.00,sample077.mp4,,213.0,216.0,3.0,,,,,,,,,,,,,,,,,
sample077_0216.00_0219.00,sample077.mp4,,216.0,219.0,3.0,,,,,,,,,,,,,,,,,
sample077_0219.00_0222.00,sample077.mp4,,219.0,222.0,3.0,,,,,,,,,,,,,,,,,
sample077_0222.00_0225.00,sample077.mp4,,222.0,225.0,3.0,,,,,,,,,,,,,,,,,
sample077_0225.00_0228.00,sample077.mp4,,225.0,228.0,3.0,,,,,,,,,,,,,,,,,
sample077_0228.00_0231.00,sample077.mp4,,228.0,231.0,3.0,,,,,,,,,,,,,,,,,
sample077_0231.00_0234.00,sample077.mp4,,231.0,234.0,3.0,,,,,,,,,,,,,,,,,
sample077_0234.00_0237.00,sample077.mp4,,234.0,237.0,3.0,,,,,,,,,,,,,,,,,
sample077_0237.00_0240.00,sample077.mp4,,237.0,240.0,3.0,,,,,,,,,,,,,,,,,
sample077_0240.00_0243.00,sample077.mp4,,240.0,243.0,3.0,,,,,,,,,,,,,,,,,
sample077_0243.00_0246.00,sample077.mp4,,243.0,246.0,3.0,,,,,,,,,,,,,,,,,
sample077_0246.00_0249.00,sample077.mp4,,246.0,249.0,3.0,,,,,,,,,,,,,,,,,
sample077_0249.00_0252.00,sample077.mp4,,249.0,252.0,3.0,,,,,,,,,,,,,,,,,
sample077_0252.00_0255.00,sample077.mp4,,252.0,255.0,3.0,,,,,,,,,,,,,,,,,
sample077_0255.00_0258.00,sample077.mp4,,255.0,258.0,3.0,,,,,,,,,,,,,,,,,
sample077_0258.00_0261.00,sample077.mp4,,258.0,261.0,3.0,,,,,,,,,,,,,,,,,
sample077_0261.00_0264.00,sample077.mp4,,261.0,264.0,3.0,,,,,,,,,,,,,,,,,
sample077_0264.00_0267.00,sample077.mp4,,264.0,267.0,3.0,,,,,,,,,,,,,,,,,
sample077_0267.00_0270.00,sample077.mp4,,267.0,270.0,3.0,,,,,,,,,,,,,,,,,
sample077_0270.00_0273.00,sample077.mp4,,270.0,273.0,3.0,,,,,,,,,,,,,,,,,
sample077_0273.00_0276.00,sample077.mp4,,273.0,276.0,3.0,,,,,,,,,,,,,,,,,
sample077_0276.00_0279.00,sample077.mp4,,276.0,279.0,3.0,,,,,,,,,,,,,,,,,
sample077_0279.00_0282.00,sample077.mp4,,279.0,282.0,3.0,,,,,,,,,,,,,,,,,
sample077_0282.00_0285.00,sample077.mp4,,282.0,285.0,3.0,,,,,,,,,,,,,,,,,
sample077_0285.00_0288.00,sample077.mp4,,285.0,288.0,3.0,,,,,,,,,,,,,,,,,
sample077_0288.00_0291.00,sample077.mp4,,288.0,291.0,3.0,,,,,,,,,,,,,,,,,
sample077_0291.00_0294.00,sample077.mp4,,291.0,294.0,3.0,,,,,,,,,,,,,,,,,
sample077_0294.00_0297.00,sample077.mp4,,294.0,297.0,3.0,,,,,,,,,,,,,,,,,
sample077_0297.00_0300.00,sample077.mp4,,297.0,300.0,3.0,,,,,,,,,,,,,,,,,
sample077_0300.00_0303.00,sample077.mp4,,300.0,303.0,3.0,,,,,,,,,,,,,,,,,
sample077_0303.00_0305.47,sample077.mp4,,303.0,305.47,2.47,,,,,,,,,,,,,,,,,
sample078_0000.00_0003.00,sample078.mp4,,0.0,3.0,3.0,,,,,,,,,,,,,,,,,
sample078_0003.00_0006.00,sample078.mp4,,3.0,6.0,3.0,,,,,,,,,,,,,,,,,
sample078_0006.00_0009.00,sample078.mp4,,6.0,9.0,3.0,,,,,,,,,,,,,,,,,
sample078_0009.00_0012.00,sample078.mp4,,9.0,12.0,3.0,,,,,,,,,,,,,,,,,
sample078_0012.00_0015.00,sample078.mp4,,12.0,15.0,3.0,,,,,,,,,,,,,,,,,
sample078_0015.00_0018.00,sample078.mp4,,15.0,18.0,3.0,,,,,,,,,,,,,,,,,
sample078_0018.00_0021.00,sample078.mp4,,18.0,21.0,3.0,,,,,,,,,,,,,,,,,
sample078_0021.00_0024.00,sample078.mp4,,21.0,24.0,3.0,,,,,,,,,,,,,,,,,
sample078_0024.00_0027.00,sample078.mp4,,24.0,27.0,3.0,,,,,,,,,,,,,,,,,
sample078_0027.00_0030.00,sample078.mp4,,27.0,30.0,3.0,,,,,,,,,,,,,,,,,
sample078_0030.00_0033.00,sample078.mp4,,30.0,33.0,3.0,,,,,,,,,,,,,,,,,
sample078_0033.00_0036.00,sample078.mp4,,33.0,36.0,3.0,,,,,,,,,,,,,,,,,
sample078_0036.00_0039.00,sample078.mp4,,36.0,39.0,3.0,,,,,,,,,,,,,,,,,
sample078_0039.00_0042.00,sample078.mp4,,39.0,42.0,3.0,,,,,,,,,,,,,,,,,
sample078_0042.00_0045.00,sample078.mp4,,42.0,45.0,3.0,,,,,,,,,,,,,,,,,
sample078_0045.00_0048.00,sample078.mp4,,45.0,48.0,3.0,,,,,,,,,,,,,,,,,
sample078_0048.00_0051.00,sample078.mp4,,48.0,51.0,3.0,,,,,,,,,,,,,,,,,
sample078_0051.00_0054.00,sample078.mp4,,51.0,54.0,3.0,,,,,,,,,,,,,,,,,
sample078_0054.00_0057.00,sample078.mp4,,54.0,57.0,3.0,,,,,,,,,,,,,,,,,
sample078_0057.00_0060.00,sample078.mp4,,57.0,60.0,3.0,,,,,,,,,,,,,,,,,
sample078_0060.00_0063.00,sample078.mp4,,60.0,63.0,3.0,,,,,,,,,,,,,,,,,
sample078_0063.00_0066.00,sample078.mp4,,63.0,66.0,3.0,,,,,,,,,,,,,,,,,
sample078_0066.00_0069.00,sample078.mp4,,66.0,69.0,3.0,,,,,,,,,,,,,,,,,
sample078_0069.00_0072.00,sample078.mp4,,69.0,72.0,3.0,,,,,,,,,,,,,,,,,
sample078_0072.00_0075.00,sample078.mp4,,72.0,75.0,3.0,,,,,,,,,,,,,,,,,
sample078_0075.00_0078.00,sample078.mp4,,75.0,78.0,3.0,,,,,,,,,,,,,,,,,
sample078_0078.00_0081.00,sample078.mp4,,78.0,81.0,3.0,,,,,,,,,,,,,,,,,
sample078_0081.00_0084.00,sample078.mp4,,81.0,84.0,3.0,,,,,,,,,,,,,,,,,
sample078_0084.00_0087.00,sample078.mp4,,84.0,87.0,3.0,,,,,,,,,,,,,,,,,
sample078_0087.00_0090.00,sample078.mp4,,87.0,90.0,3.0,,,,,,,,,,,,,,,,,
sample078_0090.00_0093.00,sample078.mp4,,90.0,93.0,3.0,,,,,,,,,,,,,,,,,
sample078_0093.00_0096.00,sample078.mp4,,93.0,96.0,3.0,,,,,,,,,,,,,,,,,
sample078_0096.00_0099.00,sample078.mp4,,96.0,99.0,3.0,,,,,,,,,,,,,,,,,
sample078_0099.00_0102.00,sample078.mp4,,99.0,102.0,3.0,,,,,,,,,,,,,,,,,
sample078_0102.00_0105.00,sample078.mp4,,102.0,105.0,3.0,,,,,,,,,,,,,,,,,
sample078_0105.00_0108.00,sample078.mp4,,105.0,108.0,3.0,,,,,,,,,,,,,,,,,
sample078_0108.00_0111.00,sample078.mp4,,108.0,111.0,3.0,,,,,,,,,,,,,,,,,
sample078_0111.00_0114.00,sample078.mp4,,111.0,114.0,3.0,,,,,,,,,,,,,,,,,
sample078_0114.00_0117.00,sample078.mp4,,114.0,117.0,3.0,,,,,,,,,,,,,,,,,
sample078_0117.00_0120.00,sample078.mp4,,117.0,120.0,3.0,,,,,,,,,,,,,,,,,
sample078_0120.00_0123.00,sample078.mp4,,120.0,123.0,3.0,,,,,,,,,,,,,,,,,
sample078_0123.00_0126.00,sample078.mp4,,123.0,126.0,3.0,,,,,,,,,,,,,,,,,
sample078_0126.00_0129.00,sample078.mp4,,126.0,129.0,3.0,,,,,,,,,,,,,,,,,
sample078_0129.00_0132.00,sample078.mp4,,129.0,132.0,3.0,,,,,,,,,,,,,,,,,
sample078_0132.00_0135.00,sample078.mp4,,132.0,135.0,3.0,,,,,,,,,,,,,,,,,
sample078_0135.00_0138.00,sample078.mp4,,135.0,138.0,3.0,,,,,,,,,,,,,,,,,
sample078_0138.00_0141.00,sample078.mp4,,138.0,141.0,3.0,,,,,,,,,,,,,,,,,
sample078_0141.00_0144.00,sample078.mp4,,141.0,144.0,3.0,,,,,,,,,,,,,,,,,
sample078_0144.00_0147.00,sample078.mp4,,144.0,147.0,3.0,,,,,,,,,,,,,,,,,
sample078_0147.00_0150.00,sample078.mp4,,147.0,150.0,3.0,,,,,,,,,,,,,,,,,
sample078_0150.00_0153.00,sample078.mp4,,150.0,153.0,3.0,,,,,,,,,,,,,,,,,
sample078_0153.00_0156.00,sample078.mp4,,153.0,156.0,3.0,,,,,,,,,,,,,,,,,
sample078_0156.00_0159.00,sample078.mp4,,156.0,159.0,3.0,,,,,,,,,,,,,,,,,
sample078_0159.00_0162.00,sample078.mp4,,159.0,162.0,3.0,,,,,,,,,,,,,,,,,
sample078_0162.00_0165.00,sample078.mp4,,162.0,165.0,3.0,,,,,,,,,,,,,,,,,
sample078_0165.00_0168.00,sample078.mp4,,165.0,168.0,3.0,,,,,,,,,,,,,,,,,
sample078_0168.00_0171.00,sample078.mp4,,168.0,171.0,3.0,,,,,,,,,,,,,,,,,
sample078_0171.00_0174.00,sample078.mp4,,171.0,174.0,3.0,,,,,,,,,,,,,,,,,
sample078_0174.00_0177.00,sample078.mp4,,174.0,177.0,3.0,,,,,,,,,,,,,,,,,
sample078_0177.00_0180.00,sample078.mp4,,177.0,180.0,3.0,,,,,,,,,,,,,,,,,
sample078_0180.00_0183.00,sample078.mp4,,180.0,183.0,3.0,,,,,,,,,,,,,,,,,
sample078_0183.00_0186.00,sample078.mp4,,183.0,186.0,3.0,,,,,,,,,,,,,,,,,
sample078_0186.00_0189.00,sample078.mp4,,186.0,189.0,3.0,,,,,,,,,,,,,,,,,
sample078_0189.00_0192.00,sample078.mp4,,189.0,192.0,3.0,,,,,,,,,,,,,,,,,
sample078_0192.00_0195.00,sample078.mp4,,192.0,195.0,3.0,,,,,,,,,,,,,,,,,
sample078_0195.00_0198.00,sample078.mp4,,195.0,198.0,3.0,,,,,,,,,,,,,,,,,
sample078_0198.00_0201.00,sample078.mp4,,198.0,201.0,3.0,,,,,,,,,,,,,,,,,
sample078_0201.00_0204.00,sample078.mp4,,201.0,204.0,3.0,,,,,,,,,,,,,,,,,
sample078_0204.00_0207.00,sample078.mp4,,204.0,207.0,3.0,,,,,,,,,,,,,,,,,
sample078_0207.00_0210.00,sample078.mp4,,207.0,210.0,3.0,,,,,,,,,,,,,,,,,
sample078_0210.00_0212.44,sample078.mp4,,210.0,212.44,2.44,,,,,,,,,,,,,,,,,
sample079_0000.00_0003.00,sample079.mp4,,0.0,3.0,3.0,,,,,,,,,,,,,,,,,
sample079_0003.00_0006.00,sample079.mp4,,3.0,6.0,3.0,,,,,,,,,,,,,,,,,
sample079_0006.00_0009.00,sample079.mp4,,6.0,9.0,3.0,,,,,,,,,,,,,,,,,
sample079_0009.00_0012.00,sample079.mp4,,9.0,12.0,3.0,,,,,,,,,,,,,,,,,
sample079_0012.00_0015.00,sample079.mp4,,12.0,15.0,3.0,,,,,,,,,,,,,,,,,
sample079_0015.00_0018.00,sample079.mp4,,15.0,18.0,3.0,,,,,,,,,,,,,,,,,
sample079_0018.00_0021.00,sample079.mp4,,18.0,21.0,3.0,,,,,,,,,,,,,,,,,
sample079_0021.00_0024.00,sample079.mp4,,21.0,24.0,3.0,,,,,,,,,,,,,,,,,
sample079_0024.00_0027.00,sample079.mp4,,24.0,27.0,3.0,,,,,,,,,,,,,,,,,
sample079_0027.00_0030.00,sample079.mp4,,27.0,30.0,3.0,,,,,,,,,,,,,,,,,
sample079_0030.00_0033.00,sample079.mp4,,30.0,33.0,3.0,,,,,,,,,,,,,,,,,
sample079_0033.00_0036.00,sample079.mp4,,33.0,36.0,3.0,,,,,,,,,,,,,,,,,
sample079_0036.00_0039.00,sample079.mp4,,36.0,39.0,3.0,,,,,,,,,,,,,,,,,
sample079_0039.00_0042.00,sample079.mp4,,39.0,42.0,3.0,,,,,,,,,,,,,,,,,
sample079_0042.00_0045.00,sample079.mp4,,42.0,45.0,3.0,,,,,,,,,,,,,,,,,
sample079_0045.00_0048.00,sample079.mp4,,45.0,48.0,3.0,,,,,,,,,,,,,,,,,
sample079_0048.00_0051.00,sample079.mp4,,48.0,51.0,3.0,,,,,,,,,,,,,,,,,
sample079_0051.00_0054.00,sample079.mp4,,51.0,54.0,3.0,,,,,,,,,,,,,,,,,
sample079_0054.00_0057.00,sample079.mp4,,54.0,57.0,3.0,,,,,,,,,,,,,,,,,
sample079_0057.00_0060.00,sample079.mp4,,57.0,60.0,3.0,,,,,,,,,,,,,,,,,
sample079_0060.00_0063.00,sample079.mp4,,60.0,63.0,3.0,,,,,,,,,,,,,,,,,
sample079_0063.00_0066.00,sample079.mp4,,63.0,66.0,3.0,,,,,,,,,,,,,,,,,
sample079_0066.00_0069.00,sample079.mp4,,66.0,69.0,3.0,,,,,,,,,,,,,,,,,
sample079_0069.00_0072.00,sample079.mp4,,69.0,72.0,3.0,,,,,,,,,,,,,,,,,
sample079_0072.00_0075.00,sample079.mp4,,72.0,75.0,3.0,,,,,,,,,,,,,,,,,
sample079_0075.00_0078.00,sample079.mp4,,75.0,78.0,3.0,,,,,,,,,,,,,,,,,
sample079_0078.00_0081.00,sample079.mp4,,78.0,81.0,3.0,,,,,,,,,,,,,,,,,
sample079_0081.00_0084.00,sample079.mp4,,81.0,84.0,3.0,,,,,,,,,,,,,,,,,
sample079_0084.00_0087.00,sample079.mp4,,84.0,87.0,3.0,,,,,,,,,,,,,,,,,
sample079_0087.00_0090.00,sample079.mp4,,87.0,90.0,3.0,,,,,,,,,,,,,,,,,
sample079_0090.00_0093.00,sample079.mp4,,90.0,93.0,3.0,,,,,,,,,,,,,,,,,
sample079_0093.00_0096.00,sample079.mp4,,93.0,96.0,3.0,,,,,,,,,,,,,,,,,
sample079_0096.00_0099.00,sample079.mp4,,96.0,99.0,3.0,,,,,,,,,,,,,,,,,
sample079_0099.00_0102.00,sample079.mp4,,99.0,102.0,3.0,,,,,,,,,,,,,,,,,
sample079_0102.00_0105.00,sample079.mp4,,102.0,105.0,3.0,,,,,,,,,,,,,,,,,
sample079_0105.00_0108.00,sample079.mp4,,105.0,108.0,3.0,,,,,,,,,,,,,,,,,
sample079_0108.00_0111.00,sample079.mp4,,108.0,111.0,3.0,,,,,,,,,,,,,,,,,
sample079_0111.00_0114.00,sample079.mp4,,111.0,114.0,3.0,,,,,,,,,,,,,,,,,
sample079_0114.00_0117.00,sample079.mp4,,114.0,117.0,3.0,,,,,,,,,,,,,,,,,
sample079_0117.00_0120.00,sample079.mp4,,117.0,120.0,3.0,,,,,,,,,,,,,,,,,
sample079_0120.00_0123.00,sample079.mp4,,120.0,123.0,3.0,,,,,,,,,,,,,,,,,
sample079_0123.00_0126.00,sample079.mp4,,123.0,126.0,3.0,,,,,,,,,,,,,,,,,
sample079_0126.00_0129.00,sample079.mp4,,126.0,129.0,3.0,,,,,,,,,,,,,,,,,
sample079_0129.00_0132.00,sample079.mp4,,129.0,132.0,3.0,,,,,,,,,,,,,,,,,
sample079_0132.00_0135.00,sample079.mp4,,132.0,135.0,3.0,,,,,,,,,,,,,,,,,
sample079_0135.00_0138.00,sample079.mp4,,135.0,138.0,3.0,,,,,,,,,,,,,,,,,
sample079_0138.00_0141.00,sample079.mp4,,138.0,141.0,3.0,,,,,,,,,,,,,,,,,
sample079_0141.00_0144.00,sample079.mp4,,141.0,144.0,3.0,,,,,,,,,,,,,,,,,
sample079_0144.00_0147.00,sample079.mp4,,144.0,147.0,3.0,,,,,,,,,,,,,,,,,
sample079_0147.00_0150.00,sample079.mp4,,147.0,150.0,3.0,,,,,,,,,,,,,,,,,
sample079_0150.00_0153.00,sample079.mp4,,150.0,153.0,3.0,,,,,,,,,,,,,,,,,
sample079_0153.00_0156.00,sample079.mp4,,153.0,156.0,3.0,,,,,,,,,,,,,,,,,
sample079_0156.00_0159.00,sample079.mp4,,156.0,159.0,3.0,,,,,,,,,,,,,,,,,
sample079_0159.00_0162.00,sample079.mp4,,159.0,162.0,3.0,,,,,,,,,,,,,,,,,
sample079_0162.00_0165.00,sample079.mp4,,162.0,165.0,3.0,,,,,,,,,,,,,,,,,
sample079_0165.00_0168.00,sample079.mp4,,165.0,168.0,3.0,,,,,,,,,,,,,,,,,
sample079_0168.00_0171.00,sample079.mp4,,168.0,171.0,3.0,,,,,,,,,,,,,,,,,
sample079_0171.00_0174.00,sample079.mp4,,171.0,174.0,3.0,,,,,,,,,,,,,,,,,
sample079_0174.00_0177.00,sample079.mp4,,174.0,177.0,3.0,,,,,,,,,,,,,,,,,
sample079_0177.00_0180.00,sample079.mp4,,177.0,180.0,3.0,,,,,,,,,,,,,,,,,
sample079_0180.00_0183.00,sample079.mp4,,180.0,183.0,3.0,,,,,,,,,,,,,,,,,
sample079_0183.00_0186.00,sample079.mp4,,183.0,186.0,3.0,,,,,,,,,,,,,,,,,
sample079_0186.00_0189.00,sample079.mp4,,186.0,189.0,3.0,,,,,,,,,,,,,,,,,
sample079_0189.00_0192.00,sample079.mp4,,189.0,192.0,3.0,,,,,,,,,,,,,,,,,
sample079_0192.00_0195.00,sample079.mp4,,192.0,195.0,3.0,,,,,,,,,,,,,,,,,
sample079_0195.00_0198.00,sample079.mp4,,195.0,198.0,3.0,,,,,,,,,,,,,,,,,
sample079_0198.00_0201.00,sample079.mp4,,198.0,201.0,3.0,,,,,,,,,,,,,,,,,
sample079_0201.00_0204.00,sample079.mp4,,201.0,204.0,3.0,,,,,,,,,,,,,,,,,
sample079_0204.00_0207.00,sample079.mp4,,204.0,207.0,3.0,,,,,,,,,,,,,,,,,
sample079_0207.00_0210.00,sample079.mp4,,207.0,210.0,3.0,,,,,,,,,,,,,,,,,
sample079_0210.00_0213.00,sample079.mp4,,210.0,213.0,3.0,,,,,,,,,,,,,,,,,
sample079_0213.00_0216.00,sample079.mp4,,213.0,216.0,3.0,,,,,,,,,,,,,,,,,
sample079_0216.00_0219.00,sample079.mp4,,216.0,219.0,3.0,,,,,,,,,,,,,,,,,
sample079_0219.00_0222.00,sample079.mp4,,219.0,222.0,3.0,,,,,,,,,,,,,,,,,
sample079_0222.00_0225.00,sample079.mp4,,222.0,225.0,3.0,,,,,,,,,,,,,,,,,
sample079_0225.00_0228.00,sample079.mp4,,225.0,228.0,3.0,,,,,,,,,,,,,,,,,
sample079_0228.00_0231.00,sample079.mp4,,228.0,231.0,3.0,,,,,,,,,,,,,,,,,
sample079_0231.00_0234.00,sample079.mp4,,231.0,234.0,3.0,,,,,,,,,,,,,,,,,
sample079_0234.00_0237.00,sample079.mp4,,234.0,237.0,3.0,,,,,,,,,,,,,,,,,
sample079_0237.00_0240.00,sample079.mp4,,237.0,240.0,3.0,,,,,,,,,,,,,,,,,
sample079_0240.00_0243.00,sample079.mp4,,240.0,243.0,3.0,,,,,,,,,,,,,,,,,
sample079_0243.00_0246.00,sample079.mp4,,243.0,246.0,3.0,,,,,,,,,,,,,,,,,
sample079_0246.00_0249.00,sample079.mp4,,246.0,249.0,3.0,,,,,,,,,,,,,,,,,
sample079_0249.00_0252.00,sample079.mp4,,249.0,252.0,3.0,,,,,,,,,,,,,,,,,
sample079_0252.00_0255.00,sample079.mp4,,252.0,255.0,3.0,,,,,,,,,,,,,,,,,
sample079_0255.00_0258.00,sample079.mp4,,255.0,258.0,3.0,,,,,,,,,,,,,,,,,
sample079_0258.00_0261.00,sample079.mp4,,258.0,261.0,3.0,,,,,,,,,,,,,,,,,
sample079_0261.00_0264.00,sample079.mp4,,261.0,264.0,3.0,,,,,,,,,,,,,,,,,
sample079_0264.00_0267.00,sample079.mp4,,264.0,267.0,3.0,,,,,,,,,,,,,,,,,
sample079_0267.00_0270.00,sample079.mp4,,267.0,270.0,3.0,,,,,,,,,,,,,,,,,
sample079_0270.00_0273.00,sample079.mp4,,270.0,273.0,3.0,,,,,,,,,,,,,,,,,
sample079_0273.00_0276.00,sample079.mp4,,273.0,276.0,3.0,,,,,,,,,,,,,,,,,
sample079_0276.00_0279.00,sample079.mp4,,276.0,279.0,3.0,,,,,,,,,,,,,,,,,
sample079_0279.00_0282.00,sample079.mp4,,279.0,282.0,3.0,,,,,,,,,,,,,,,,,
sample079_0282.00_0285.00,sample079.mp4,,282.0,285.0,3.0,,,,,,,,,,,,,,,,,
sample079_0285.00_0288.00,sample079.mp4,,285.0,288.0,3.0,,,,,,,,,,,,,,,,,
sample079_0288.00_0289.40,sample079.mp4,,288.0,289.4,1.4,,,,,,,,,,,,,,,,,
sample080_0000.00_0003.00,sample080.mp4,,0.0,3.0,3.0,,,,,,,,,,,,,,,,,
sample080_0003.00_0006.00,sample080.mp4,,3.0,6.0,3.0,,,,,,,,,,,,,,,,,
sample080_0006.00_0009.00,sample080.mp4,,6.0,9.0,3.0,,,,,,,,,,,,,,,,,
sample080_0009.00_0012.00,sample080.mp4,,9.0,12.0,3.0,,,,,,,,,,,,,,,,,
sample080_0012.00_0015.00,sample080.mp4,,12.0,15.0,3.0,,,,,,,,,,,,,,,,,
sample080_0015.00_0018.00,sample080.mp4,,15.0,18.0,3.0,,,,,,,,,,,,,,,,,
sample080_0018.00_0021.00,sample080.mp4,,18.0,21.0,3.0,,,,,,,,,,,,,,,,,
sample080_0021.00_0024.00,sample080.mp4,,21.0,24.0,3.0,,,,,,,,,,,,,,,,,
sample080_0024.00_0027.00,sample080.mp4,,24.0,27.0,3.0,,,,,,,,,,,,,,,,,
sample080_0027.00_0030.00,sample080.mp4,,27.0,30.0,3.0,,,,,,,,,,,,,,,,,
sample080_0030.00_0033.00,sample080.mp4,,30.0,33.0,3.0,,,,,,,,,,,,,,,,,
sample080_0033.00_0036.00,sample080.mp4,,33.0,36.0,3.0,,,,,,,,,,,,,,,,,
sample080_0036.00_0039.00,sample080.mp4,,36.0,39.0,3.0,,,,,,,,,,,,,,,,,
sample080_0039.00_0042.00,sample080.mp4,,39.0,42.0,3.0,,,,,,,,,,,,,,,,,
sample080_0042.00_0045.00,sample080.mp4,,42.0,45.0,3.0,,,,,,,,,,,,,,,,,
sample080_0045.00_0048.00,sample080.mp4,,45.0,48.0,3.0,,,,,,,,,,,,,,,,,
sample080_0048.00_0051.00,sample080.mp4,,48.0,51.0,3.0,,,,,,,,,,,,,,,,,
sample080_0051.00_0054.00,sample080.mp4,,51.0,54.0,3.0,,,,,,,,,,,,,,,,,
sample080_0054.00_0057.00,sample080.mp4,,54.0,57.0,3.0,,,,,,,,,,,,,,,,,
sample080_0057.00_0060.00,sample080.mp4,,57.0,60.0,3.0,,,,,,,,,,,,,,,,,
sample080_0060.00_0063.00,sample080.mp4,,60.0,63.0,3.0,,,,,,,,,,,,,,,,,
sample080_0063.00_0066.00,sample080.mp4,,63.0,66.0,3.0,,,,,,,,,,,,,,,,,
sample080_0066.00_0069.00,sample080.mp4,,66.0,69.0,3.0,,,,,,,,,,,,,,,,,
sample080_0069.00_0072.00,sample080.mp4,,69.0,72.0,3.0,,,,,,,,,,,,,,,,,
sample080_0072.00_0075.00,sample080.mp4,,72.0,75.0,3.0,,,,,,,,,,,,,,,,,
sample080_0075.00_0078.00,sample080.mp4,,75.0,78.0,3.0,,,,,,,,,,,,,,,,,
sample080_0078.00_0081.00,sample080.mp4,,78.0,81.0,3.0,,,,,,,,,,,,,,,,,
sample080_0081.00_0084.00,sample080.mp4,,81.0,84.0,3.0,,,,,,,,,,,,,,,,,
sample080_0084.00_0087.00,sample080.mp4,,84.0,87.0,3.0,,,,,,,,,,,,,,,,,
sample080_0087.00_0090.00,sample080.mp4,,87.0,90.0,3.0,,,,,,,,,,,,,,,,,
sample080_0090.00_0093.00,sample080.mp4,,90.0,93.0,3.0,,,,,,,,,,,,,,,,,
sample080_0093.00_0096.00,sample080.mp4,,93.0,96.0,3.0,,,,,,,,,,,,,,,,,
sample080_0096.00_0099.00,sample080.mp4,,96.0,99.0,3.0,,,,,,,,,,,,,,,,,
sample080_0099.00_0102.00,sample080.mp4,,99.0,102.0,3.0,,,,,,,,,,,,,,,,,
sample080_0102.00_0105.00,sample080.mp4,,102.0,105.0,3.0,,,,,,,,,,,,,,,,,
sample080_0105.00_0108.00,sample080.mp4,,105.0,108.0,3.0,,,,,,,,,,,,,,,,,
sample080_0108.00_0111.00,sample080.mp4,,108.0,111.0,3.0,,,,,,,,,,,,,,,,,
sample080_0111.00_0114.00,sample080.mp4,,111.0,114.0,3.0,,,,,,,,,,,,,,,,,
sample080_0114.00_0117.00,sample080.mp4,,114.0,117.0,3.0,,,,,,,,,,,,,,,,,
sample080_0117.00_0120.00,sample080.mp4,,117.0,120.0,3.0,,,,,,,,,,,,,,,,,
sample080_0120.00_0123.00,sample080.mp4,,120.0,123.0,3.0,,,,,,,,,,,,,,,,,
sample080_0123.00_0126.00,sample080.mp4,,123.0,126.0,3.0,,,,,,,,,,,,,,,,,
sample080_0126.00_0129.00,sample080.mp4,,126.0,129.0,3.0,,,,,,,,,,,,,,,,,
sample080_0129.00_0132.00,sample080.mp4,,129.0,132.0,3.0,,,,,,,,,,,,,,,,,
sample080_0132.00_0135.00,sample080.mp4,,132.0,135.0,3.0,,,,,,,,,,,,,,,,,
sample080_0135.00_0138.00,sample080.mp4,,135.0,138.0,3.0,,,,,,,,,,,,,,,,,
sample080_0138.00_0141.00,sample080.mp4,,138.0,141.0,3.0,,,,,,,,,,,,,,,,,
sample080_0141.00_0144.00,sample080.mp4,,141.0,144.0,3.0,,,,,,,,,,,,,,,,,
sample080_0144.00_0147.00,sample080.mp4,,144.0,147.0,3.0,,,,,,,,,,,,,,,,,
sample080_0147.00_0150.00,sample080.mp4,,147.0,150.0,3.0,,,,,,,,,,,,,,,,,
sample080_0150.00_0153.00,sample080.mp4,,150.0,153.0,3.0,,,,,,,,,,,,,,,,,
sample080_0153.00_0156.00,sample080.mp4,,153.0,156.0,3.0,,,,,,,,,,,,,,,,,
sample080_0156.00_0159.00,sample080.mp4,,156.0,159.0,3.0,,,,,,,,,,,,,,,,,
sample080_0159.00_0162.00,sample080.mp4,,159.0,162.0,3.0,,,,,,,,,,,,,,,,,
sample080_0162.00_0165.00,sample080.mp4,,162.0,165.0,3.0,,,,,,,,,,,,,,,,,
sample080_0165.00_0168.00,sample080.mp4,,165.0,168.0,3.0,,,,,,,,,,,,,,,,,
sample080_0168.00_0171.00,sample080.mp4,,168.0,171.0,3.0,,,,,,,,,,,,,,,,,
sample080_0171.00_0174.00,sample080.mp4,,171.0,174.0,3.0,,,,,,,,,,,,,,,,,
sample080_0174.00_0177.00,sample080.mp4,,174.0,177.0,3.0,,,,,,,,,,,,,,,,,
sample080_0177.00_0180.00,sample080.mp4,,177.0,180.0,3.0,,,,,,,,,,,,,,,,,
sample080_0180.00_0183.00,sample080.mp4,,180.0,183.0,3.0,,,,,,,,,,,,,,,,,
sample080_0183.00_0186.00,sample080.mp4,,183.0,186.0,3.0,,,,,,,,,,,,,,,,,
sample080_0186.00_0189.00,sample080.mp4,,186.0,189.0,3.0,,,,,,,,,,,,,,,,,
sample080_0189.00_0192.00,sample080.mp4,,189.0,192.0,3.0,,,,,,,,,,,,,,,,,
sample080_0192.00_0195.00,sample080.mp4,,192.0,195.0,3.0,,,,,,,,,,,,,,,,,
sample080_0195.00_0198.00,sample080.mp4,,195.0,198.0,3.0,,,,,,,,,,,,,,,,,
sample080_0198.00_0201.00,sample080.mp4,,198.0,201.0,3.0,,,,,,,,,,,,,,,,,
sample080_0201.00_0204.00,sample080.mp4,,201.0,204.0,3.0,,,,,,,,,,,,,,,,,
sample080_0204.00_0207.00,sample080.mp4,,204.0,207.0,3.0,,,,,,,,,,,,,,,,,
sample080_0207.00_0210.00,sample080.mp4,,207.0,210.0,3.0,,,,,,,,,,,,,,,,,
sample080_0210.00_0213.00,sample080.mp4,,210.0,213.0,3.0,,,,,,,,,,,,,,,,,
sample080_0213.00_0216.00,sample080.mp4,,213.0,216.0,3.0,,,,,,,,,,,,,,,,,
sample080_0216.00_0219.00,sample080.mp4,,216.0,219.0,3.0,,,,,,,,,,,,,,,,,
sample080_0219.00_0222.00,sample080.mp4,,219.0,222.0,3.0,,,,,,,,,,,,,,,,,
sample080_0222.00_0225.00,sample080.mp4,,222.0,225.0,3.0,,,,,,,,,,,,,,,,,
sample080_0225.00_0228.00,sample080.mp4,,225.0,228.0,3.0,,,,,,,,,,,,,,,,,
sample080_0228.00_0231.00,sample080.mp4,,228.0,231.0,3.0,,,,,,,,,,,,,,,,,
sample080_0231.00_0234.00,sample080.mp4,,231.0,234.0,3.0,,,,,,,,,,,,,,,,,
sample080_0234.00_0237.00,sample080.mp4,,234.0,237.0,3.0,,,,,,,,,,,,,,,,,
sample080_0237.00_0240.00,sample080.mp4,,237.0,240.0,3.0,,,,,,,,,,,,,,,,,
sample080_0240.00_0243.00,sample080.mp4,,240.0,243.0,3.0,,,,,,,,,,,,,,,,,
sample080_0243.00_0246.00,sample080.mp4,,243.0,246.0,3.0,,,,,,,,,,,,,,,,,
sample080_0246.00_0249.00,sample080.mp4,,246.0,249.0,3.0,,,,,,,,,,,,,,,,,
sample080_0249.00_0252.00,sample080.mp4,,249.0,252.0,3.0,,,,,,,,,,,,,,,,,
sample080_0252.00_0255.00,sample080.mp4,,252.0,255.0,3.0,,,,,,,,,,,,,,,,,
sample080_0255.00_0258.00,sample080.mp4,,255.0,258.0,3.0,,,,,,,,,,,,,,,,,
sample080_0258.00_0261.00,sample080.mp4,,258.0,261.0,3.0,,,,,,,,,,,,,,,,,
sample080_0261.00_0264.00,sample080.mp4,,261.0,264.0,3.0,,,,,,,,,,,,,,,,,
sample080_0264.00_0267.00,sample080.mp4,,264.0,267.0,3.0,,,,,,,,,,,,,,,,,
sample080_0267.00_0270.00,sample080.mp4,,267.0,270.0,3.0,,,,,,,,,,,,,,,,,
sample080_0270.00_0273.00,sample080.mp4,,270.0,273.0,3.0,,,,,,,,,,,,,,,,,
sample080_0273.00_0276.00,sample080.mp4,,273.0,276.0,3.0,,,,,,,,,,,,,,,,,
sample080_0276.00_0279.00,sample080.mp4,,276.0,279.0,3.0,,,,,,,,,,,,,,,,,
sample080_0279.00_0282.00,sample080.mp4,,279.0,282.0,3.0,,,,,,,,,,,,,,,,,
sample080_0282.00_0285.00,sample080.mp4,,282.0,285.0,3.0,,,,,,,,,,,,,,,,,
sample080_0285.00_0288.00,sample080.mp4,,285.0,288.0,3.0,,,,,,,,,,,,,,,,,
sample080_0288.00_0291.00,sample080.mp4,,288.0,291.0,3.0,,,,,,,,,,,,,,,,,
sample080_0291.00_0294.00,sample080.mp4,,291.0,294.0,3.0,,,,,,,,,,,,,,,,,
sample080_0294.00_0297.00,sample080.mp4,,294.0,297.0,3.0,,,,,,,,,,,,,,,,,
sample080_0297.00_0300.00,sample080.mp4,,297.0,300.0,3.0,,,,,,,,,,,,,,,,,
sample080_0300.00_0300.30,sample080.mp4,,300.0,300.3,0.3,,,,,,,,,,,,,,,,,
sample081_0000.00_0003.00,sample081.mp4,,0.0,3.0,3.0,,,,,,,,,,,,,,,,,
sample081_0003.00_0006.00,sample081.mp4,,3.0,6.0,3.0,,,,,,,,,,,,,,,,,
sample081_0006.00_0009.00,sample081.mp4,,6.0,9.0,3.0,,,,,,,,,,,,,,,,,
sample081_0009.00_0012.00,sample081.mp4,,9.0,12.0,3.0,,,,,,,,,,,,,,,,,
sample081_0012.00_0015.00,sample081.mp4,,12.0,15.0,3.0,,,,,,,,,,,,,,,,,
sample081_0015.00_0018.00,sample081.mp4,,15.0,18.0,3.0,,,,,,,,,,,,,,,,,
sample081_0018.00_0021.00,sample081.mp4,,18.0,21.0,3.0,,,,,,,,,,,,,,,,,
sample081_0021.00_0024.00,sample081.mp4,,21.0,24.0,3.0,,,,,,,,,,,,,,,,,
sample081_0024.00_0027.00,sample081.mp4,,24.0,27.0,3.0,,,,,,,,,,,,,,,,,
sample081_0027.00_0030.00,sample081.mp4,,27.0,30.0,3.0,,,,,,,,,,,,,,,,,
sample081_0030.00_0033.00,sample081.mp4,,30.0,33.0,3.0,,,,,,,,,,,,,,,,,
sample081_0033.00_0036.00,sample081.mp4,,33.0,36.0,3.0,,,,,,,,,,,,,,,,,
sample081_0036.00_0039.00,sample081.mp4,,36.0,39.0,3.0,,,,,,,,,,,,,,,,,
sample081_0039.00_0042.00,sample081.mp4,,39.0,42.0,3.0,,,,,,,,,,,,,,,,,
sample081_0042.00_0045.00,sample081.mp4,,42.0,45.0,3.0,,,,,,,,,,,,,,,,,
sample081_0045.00_0048.00,sample081.mp4,,45.0,48.0,3.0,,,,,,,,,,,,,,,,,
sample081_0048.00_0051.00,sample081.mp4,,48.0,51.0,3.0,,,,,,,,,,,,,,,,,
sample081_0051.00_0054.00,sample081.mp4,,51.0,54.0,3.0,,,,,,,,,,,,,,,,,
sample081_0054.00_0057.00,sample081.mp4,,54.0,57.0,3.0,,,,,,,,,,,,,,,,,
sample081_0057.00_0060.00,sample081.mp4,,57.0,60.0,3.0,,,,,,,,,,,,,,,,,
sample081_0060.00_0063.00,sample081.mp4,,60.0,63.0,3.0,,,,,,,,,,,,,,,,,
sample081_0063.00_0066.00,sample081.mp4,,63.0,66.0,3.0,,,,,,,,,,,,,,,,,
sample081_0066.00_0069.00,sample081.mp4,,66.0,69.0,3.0,,,,,,,,,,,,,,,,,
sample081_0069.00_0072.00,sample081.mp4,,69.0,72.0,3.0,,,,,,,,,,,,,,,,,
sample081_0072.00_0075.00,sample081.mp4,,72.0,75.0,3.0,,,,,,,,,,,,,,,,,
sample081_0075.00_0078.00,sample081.mp4,,75.0,78.0,3.0,,,,,,,,,,,,,,,,,
sample081_0078.00_0081.00,sample081.mp4,,78.0,81.0,3.0,,,,,,,,,,,,,,,,,
sample081_0081.00_0084.00,sample081.mp4,,81.0,84.0,3.0,,,,,,,,,,,,,,,,,
sample081_0084.00_0087.00,sample081.mp4,,84.0,87.0,3.0,,,,,,,,,,,,,,,,,
sample081_0087.00_0090.00,sample081.mp4,,87.0,90.0,3.0,,,,,,,,,,,,,,,,,
sample081_0090.00_0093.00,sample081.mp4,,90.0,93.0,3.0,,,,,,,,,,,,,,,,,
sample081_0093.00_0096.00,sample081.mp4,,93.0,96.0,3.0,,,,,,,,,,,,,,,,,
sample081_0096.00_0099.00,sample081.mp4,,96.0,99.0,3.0,,,,,,,,,,,,,,,,,
sample081_0099.00_0102.00,sample081.mp4,,99.0,102.0,3.0,,,,,,,,,,,,,,,,,
sample081_0102.00_0105.00,sample081.mp4,,102.0,105.0,3.0,,,,,,,,,,,,,,,,,
sample081_0105.00_0108.00,sample081.mp4,,105.0,108.0,3.0,,,,,,,,,,,,,,,,,
sample081_0108.00_0111.00,sample081.mp4,,108.0,111.0,3.0,,,,,,,,,,,,,,,,,
sample081_0111.00_0114.00,sample081.mp4,,111.0,114.0,3.0,,,,,,,,,,,,,,,,,
sample081_0114.00_0117.00,sample081.mp4,,114.0,117.0,3.0,,,,,,,,,,,,,,,,,
sample081_0117.00_0120.00,sample081.mp4,,117.0,120.0,3.0,,,,,,,,,,,,,,,,,
sample081_0120.00_0123.00,sample081.mp4,,120.0,123.0,3.0,,,,,,,,,,,,,,,,,
sample081_0123.00_0126.00,sample081.mp4,,123.0,126.0,3.0,,,,,,,,,,,,,,,,,
sample081_0126.00_0129.00,sample081.mp4,,126.0,129.0,3.0,,,,,,,,,,,,,,,,,
sample081_0129.00_0132.00,sample081.mp4,,129.0,132.0,3.0,,,,,,,,,,,,,,,,,
sample081_0132.00_0135.00,sample081.mp4,,132.0,135.0,3.0,,,,,,,,,,,,,,,,,
sample081_0135.00_0138.00,sample081.mp4,,135.0,138.0,3.0,,,,,,,,,,,,,,,,,
sample081_0138.00_0141.00,sample081.mp4,,138.0,141.0,3.0,,,,,,,,,,,,,,,,,
sample081_0141.00_0144.00,sample081.mp4,,141.0,144.0,3.0,,,,,,,,,,,,,,,,,
sample081_0144.00_0147.00,sample081.mp4,,144.0,147.0,3.0,,,,,,,,,,,,,,,,,
sample081_0147.00_0150.00,sample081.mp4,,147.0,150.0,3.0,,,,,,,,,,,,,,,,,
sample081_0150.00_0153.00,sample081.mp4,,150.0,153.0,3.0,,,,,,,,,,,,,,,,,
sample081_0153.00_0156.00,sample081.mp4,,153.0,156.0,3.0,,,,,,,,,,,,,,,,,
sample081_0156.00_0159.00,sample081.mp4,,156.0,159.0,3.0,,,,,,,,,,,,,,,,,
sample081_0159.00_0162.00,sample081.mp4,,159.0,162.0,3.0,,,,,,,,,,,,,,,,,
sample081_0162.00_0165.00,sample081.mp4,,162.0,165.0,3.0,,,,,,,,,,,,,,,,,
sample081_0165.00_0168.00,sample081.mp4,,165.0,168.0,3.0,,,,,,,,,,,,,,,,,
sample081_0168.00_0171.00,sample081.mp4,,168.0,171.0,3.0,,,,,,,,,,,,,,,,,
sample081_0171.00_0174.00,sample081.mp4,,171.0,174.0,3.0,,,,,,,,,,,,,,,,,
sample081_0174.00_0177.00,sample081.mp4,,174.0,177.0,3.0,,,,,,,,,,,,,,,,,
sample081_0177.00_0180.00,sample081.mp4,,177.0,180.0,3.0,,,,,,,,,,,,,,,,,
sample081_0180.00_0183.00,sample081.mp4,,180.0,183.0,3.0,,,,,,,,,,,,,,,,,
sample081_0183.00_0186.00,sample081.mp4,,183.0,186.0,3.0,,,,,,,,,,,,,,,,,
sample081_0186.00_0189.00,sample081.mp4,,186.0,189.0,3.0,,,,,,,,,,,,,,,,,
sample081_0189.00_0192.00,sample081.mp4,,189.0,192.0,3.0,,,,,,,,,,,,,,,,,
sample081_0192.00_0195.00,sample081.mp4,,192.0,195.0,3.0,,,,,,,,,,,,,,,,,
sample081_0195.00_0198.00,sample081.mp4,,195.0,198.0,3.0,,,,,,,,,,,,,,,,,
sample081_0198.00_0201.00,sample081.mp4,,198.0,201.0,3.0,,,,,,,,,,,,,,,,,
sample081_0201.00_0204.00,sample081.mp4,,201.0,204.0,3.0,,,,,,,,,,,,,,,,,
sample081_0204.00_0207.00,sample081.mp4,,204.0,207.0,3.0,,,,,,,,,,,,,,,,,
sample081_0207.00_0210.00,sample081.mp4,,207.0,210.0,3.0,,,,,,,,,,,,,,,,,
sample081_0210.00_0213.00,sample081.mp4,,210.0,213.0,3.0,,,,,,,,,,,,,,,,,
sample081_0213.00_0216.00,sample081.mp4,,213.0,216.0,3.0,,,,,,,,,,,,,,,,,
sample081_0216.00_0218.40,sample081.mp4,,216.0,218.4,2.4,,,,,,,,,,,,,,,,,
sample082_0000.00_0003.00,sample082.mp4,,0.0,3.0,3.0,,,,,,,,,,,,,,,,,
sample082_0003.00_0006.00,sample082.mp4,,3.0,6.0,3.0,,,,,,,,,,,,,,,,,
sample082_0006.00_0009.00,sample082.mp4,,6.0,9.0,3.0,,,,,,,,,,,,,,,,,
sample082_0009.00_0012.00,sample082.mp4,,9.0,12.0,3.0,,,,,,,,,,,,,,,,,
sample082_0012.00_0015.00,sample082.mp4,,12.0,15.0,3.0,,,,,,,,,,,,,,,,,
sample082_0015.00_0018.00,sample082.mp4,,15.0,18.0,3.0,,,,,,,,,,,,,,,,,
sample082_0018.00_0021.00,sample082.mp4,,18.0,21.0,3.0,,,,,,,,,,,,,,,,,
sample082_0021.00_0024.00,sample082.mp4,,21.0,24.0,3.0,,,,,,,,,,,,,,,,,
sample082_0024.00_0027.00,sample082.mp4,,24.0,27.0,3.0,,,,,,,,,,,,,,,,,
sample082_0027.00_0030.00,sample082.mp4,,27.0,30.0,3.0,,,,,,,,,,,,,,,,,
sample082_0030.00_0033.00,sample082.mp4,,30.0,33.0,3.0,,,,,,,,,,,,,,,,,
sample082_0033.00_0036.00,sample082.mp4,,33.0,36.0,3.0,,,,,,,,,,,,,,,,,
sample082_0036.00_0039.00,sample082.mp4,,36.0,39.0,3.0,,,,,,,,,,,,,,,,,
sample082_0039.00_0042.00,sample082.mp4,,39.0,42.0,3.0,,,,,,,,,,,,,,,,,
sample082_0042.00_0045.00,sample082.mp4,,42.0,45.0,3.0,,,,,,,,,,,,,,,,,
sample082_0045.00_0048.00,sample082.mp4,,45.0,48.0,3.0,,,,,,,,,,,,,,,,,
sample082_0048.00_0051.00,sample082.mp4,,48.0,51.0,3.0,,,,,,,,,,,,,,,,,
sample082_0051.00_0054.00,sample082.mp4,,51.0,54.0,3.0,,,,,,,,,,,,,,,,,
sample082_0054.00_0057.00,sample082.mp4,,54.0,57.0,3.0,,,,,,,,,,,,,,,,,
sample082_0057.00_0060.00,sample082.mp4,,57.0,60.0,3.0,,,,,,,,,,,,,,,,,
sample082_0060.00_0063.00,sample082.mp4,,60.0,63.0,3.0,,,,,,,,,,,,,,,,,
sample082_0063.00_0066.00,sample082.mp4,,63.0,66.0,3.0,,,,,,,,,,,,,,,,,
sample082_0066.00_0069.00,sample082.mp4,,66.0,69.0,3.0,,,,,,,,,,,,,,,,,
sample082_0069.00_0072.00,sample082.mp4,,69.0,72.0,3.0,,,,,,,,,,,,,,,,,
sample082_0072.00_0075.00,sample082.mp4,,72.0,75.0,3.0,,,,,,,,,,,,,,,,,
sample082_0075.00_0078.00,sample082.mp4,,75.0,78.0,3.0,,,,,,,,,,,,,,,,,
sample082_0078.00_0081.00,sample082.mp4,,78.0,81.0,3.0,,,,,,,,,,,,,,,,,
sample082_0081.00_0084.00,sample082.mp4,,81.0,84.0,3.0,,,,,,,,,,,,,,,,,
sample082_0084.00_0087.00,sample082.mp4,,84.0,87.0,3.0,,,,,,,,,,,,,,,,,
sample082_0087.00_0090.00,sample082.mp4,,87.0,90.0,3.0,,,,,,,,,,,,,,,,,
sample082_0090.00_0093.00,sample082.mp4,,90.0,93.0,3.0,,,,,,,,,,,,,,,,,
sample082_0093.00_0096.00,sample082.mp4,,93.0,96.0,3.0,,,,,,,,,,,,,,,,,
sample082_0096.00_0099.00,sample082.mp4,,96.0,99.0,3.0,,,,,,,,,,,,,,,,,
sample082_0099.00_0102.00,sample082.mp4,,99.0,102.0,3.0,,,,,,,,,,,,,,,,,
sample082_0102.00_0105.00,sample082.mp4,,102.0,105.0,3.0,,,,,,,,,,,,,,,,,
sample082_0105.00_0108.00,sample082.mp4,,105.0,108.0,3.0,,,,,,,,,,,,,,,,,
sample082_0108.00_0111.00,sample082.mp4,,108.0,111.0,3.0,,,,,,,,,,,,,,,,,
sample082_0111.00_0114.00,sample082.mp4,,111.0,114.0,3.0,,,,,,,,,,,,,,,,,
sample082_0114.00_0117.00,sample082.mp4,,114.0,117.0,3.0,,,,,,,,,,,,,,,,,
sample082_0117.00_0120.00,sample082.mp4,,117.0,120.0,3.0,,,,,,,,,,,,,,,,,
sample082_0120.00_0123.00,sample082.mp4,,120.0,123.0,3.0,,,,,,,,,,,,,,,,,
sample082_0123.00_0126.00,sample082.mp4,,123.0,126.0,3.0,,,,,,,,,,,,,,,,,
sample082_0126.00_0129.00,sample082.mp4,,126.0,129.0,3.0,,,,,,,,,,,,,,,,,
sample082_0129.00_0132.00,sample082.mp4,,129.0,132.0,3.0,,,,,,,,,,,,,,,,,
sample082_0132.00_0135.00,sample082.mp4,,132.0,135.0,3.0,,,,,,,,,,,,,,,,,
sample082_0135.00_0138.00,sample082.mp4,,135.0,138.0,3.0,,,,,,,,,,,,,,,,,
sample082_0138.00_0141.00,sample082.mp4,,138.0,141.0,3.0,,,,,,,,,,,,,,,,,
sample082_0141.00_0144.00,sample082.mp4,,141.0,144.0,3.0,,,,,,,,,,,,,,,,,
sample082_0144.00_0147.00,sample082.mp4,,144.0,147.0,3.0,,,,,,,,,,,,,,,,,
sample082_0147.00_0150.00,sample082.mp4,,147.0,150.0,3.0,,,,,,,,,,,,,,,,,
sample082_0150.00_0153.00,sample082.mp4,,150.0,153.0,3.0,,,,,,,,,,,,,,,,,
sample082_0153.00_0156.00,sample082.mp4,,153.0,156.0,3.0,,,,,,,,,,,,,,,,,
sample082_0156.00_0159.00,sample082.mp4,,156.0,159.0,3.0,,,,,,,,,,,,,,,,,
sample082_0159.00_0162.00,sample082.mp4,,159.0,162.0,3.0,,,,,,,,,,,,,,,,,
sample082_0162.00_0165.00,sample082.mp4,,162.0,165.0,3.0,,,,,,,,,,,,,,,,,
sample082_0165.00_0168.00,sample082.mp4,,165.0,168.0,3.0,,,,,,,,,,,,,,,,,
sample082_0168.00_0171.00,sample082.mp4,,168.0,171.0,3.0,,,,,,,,,,,,,,,,,
sample082_0171.00_0174.00,sample082.mp4,,171.0,174.0,3.0,,,,,,,,,,,,,,,,,
sample082_0174.00_0177.00,sample082.mp4,,174.0,177.0,3.0,,,,,,,,,,,,,,,,,
sample082_0177.00_0180.00,sample082.mp4,,177.0,180.0,3.0,,,,,,,,,,,,,,,,,
sample082_0180.00_0183.00,sample082.mp4,,180.0,183.0,3.0,,,,,,,,,,,,,,,,,
sample082_0183.00_0186.00,sample082.mp4,,183.0,186.0,3.0,,,,,,,,,,,,,,,,,
sample082_0186.00_0189.00,sample082.mp4,,186.0,189.0,3.0,,,,,,,,,,,,,,,,,
sample082_0189.00_0192.00,sample082.mp4,,189.0,192.0,3.0,,,,,,,,,,,,,,,,,
sample082_0192.00_0195.00,sample082.mp4,,192.0,195.0,3.0,,,,,,,,,,,,,,,,,
sample082_0195.00_0198.00,sample082.mp4,,195.0,198.0,3.0,,,,,,,,,,,,,,,,,
sample082_0198.00_0201.00,sample082.mp4,,198.0,201.0,3.0,,,,,,,,,,,,,,,,,
sample082_0201.00_0204.00,sample082.mp4,,201.0,204.0,3.0,,,,,,,,,,,,,,,,,
sample082_0204.00_0207.00,sample082.mp4,,204.0,207.0,3.0,,,,,,,,,,,,,,,,,
sample082_0207.00_0210.00,sample082.mp4,,207.0,210.0,3.0,,,,,,,,,,,,,,,,,
sample082_0210.00_0213.00,sample082.mp4,,210.0,213.0,3.0,,,,,,,,,,,,,,,,,
sample082_0213.00_0216.00,sample082.mp4,,213.0,216.0,3.0,,,,,,,,,,,,,,,,,
sample082_0216.00_0219.00,sample082.mp4,,216.0,219.0,3.0,,,,,,,,,,,,,,,,,
sample082_0219.00_0222.00,sample082.mp4,,219.0,222.0,3.0,,,,,,,,,,,,,,,,,
sample082_0222.00_0225.00,sample082.mp4,,222.0,225.0,3.0,,,,,,,,,,,,,,,,,
sample082_0225.00_0228.00,sample082.mp4,,225.0,228.0,3.0,,,,,,,,,,,,,,,,,
sample082_0228.00_0231.00,sample082.mp4,,228.0,231.0,3.0,,,,,,,,,,,,,,,,,
sample082_0231.00_0234.00,sample082.mp4,,231.0,234.0,3.0,,,,,,,,,,,,,,,,,
sample082_0234.00_0237.00,sample082.mp4,,234.0,237.0,3.0,,,,,,,,,,,,,,,,,
sample082_0237.00_0240.00,sample082.mp4,,237.0,240.0,3.0,,,,,,,,,,,,,,,,,
sample082_0240.00_0243.00,sample082.mp4,,240.0,243.0,3.0,,,,,,,,,,,,,,,,,
sample082_0243.00_0246.00,sample082.mp4,,243.0,246.0,3.0,,,,,,,,,,,,,,,,,
sample082_0246.00_0247.58,sample082.mp4,,246.0,247.58,1.58,,,,,,,,,,,,,,,,,
sample083_0000.00_0003.00,sample083.mp4,,0.0,3.0,3.0,,,,,,,,,,,,,,,,,
sample083_0003.00_0006.00,sample083.mp4,,3.0,6.0,3.0,,,,,,,,,,,,,,,,,
sample083_0006.00_0009.00,sample083.mp4,,6.0,9.0,3.0,,,,,,,,,,,,,,,,,
sample083_0009.00_0012.00,sample083.mp4,,9.0,12.0,3.0,,,,,,,,,,,,,,,,,
sample083_0012.00_0015.00,sample083.mp4,,12.0,15.0,3.0,,,,,,,,,,,,,,,,,
sample083_0015.00_0018.00,sample083.mp4,,15.0,18.0,3.0,,,,,,,,,,,,,,,,,
sample083_0018.00_0021.00,sample083.mp4,,18.0,21.0,3.0,,,,,,,,,,,,,,,,,
sample083_0021.00_0024.00,sample083.mp4,,21.0,24.0,3.0,,,,,,,,,,,,,,,,,
sample083_0024.00_0027.00,sample083.mp4,,24.0,27.0,3.0,,,,,,,,,,,,,,,,,
sample083_0027.00_0030.00,sample083.mp4,,27.0,30.0,3.0,,,,,,,,,,,,,,,,,
sample083_0030.00_0033.00,sample083.mp4,,30.0,33.0,3.0,,,,,,,,,,,,,,,,,
sample083_0033.00_0036.00,sample083.mp4,,33.0,36.0,3.0,,,,,,,,,,,,,,,,,
sample083_0036.00_0039.00,sample083.mp4,,36.0,39.0,3.0,,,,,,,,,,,,,,,,,
sample083_0039.00_0042.00,sample083.mp4,,39.0,42.0,3.0,,,,,,,,,,,,,,,,,
sample083_0042.00_0045.00,sample083.mp4,,42.0,45.0,3.0,,,,,,,,,,,,,,,,,
sample083_0045.00_0048.00,sample083.mp4,,45.0,48.0,3.0,,,,,,,,,,,,,,,,,
sample083_0048.00_0051.00,sample083.mp4,,48.0,51.0,3.0,,,,,,,,,,,,,,,,,
sample083_0051.00_0054.00,sample083.mp4,,51.0,54.0,3.0,,,,,,,,,,,,,,,,,
sample083_0054.00_0057.00,sample083.mp4,,54.0,57.0,3.0,,,,,,,,,,,,,,,,,
sample083_0057.00_0060.00,sample083.mp4,,57.0,60.0,3.0,,,,,,,,,,,,,,,,,
sample083_0060.00_0063.00,sample083.mp4,,60.0,63.0,3.0,,,,,,,,,,,,,,,,,
sample083_0063.00_0066.00,sample083.mp4,,63.0,66.0,3.0,,,,,,,,,,,,,,,,,
sample083_0066.00_0069.00,sample083.mp4,,66.0,69.0,3.0,,,,,,,,,,,,,,,,,
sample083_0069.00_0072.00,sample083.mp4,,69.0,72.0,3.0,,,,,,,,,,,,,,,,,
sample083_0072.00_0075.00,sample083.mp4,,72.0,75.0,3.0,,,,,,,,,,,,,,,,,
sample083_0075.00_0078.00,sample083.mp4,,75.0,78.0,3.0,,,,,,,,,,,,,,,,,
sample083_0078.00_0081.00,sample083.mp4,,78.0,81.0,3.0,,,,,,,,,,,,,,,,,
sample083_0081.00_0084.00,sample083.mp4,,81.0,84.0,3.0,,,,,,,,,,,,,,,,,
sample083_0084.00_0087.00,sample083.mp4,,84.0,87.0,3.0,,,,,,,,,,,,,,,,,
sample083_0087.00_0090.00,sample083.mp4,,87.0,90.0,3.0,,,,,,,,,,,,,,,,,
sample083_0090.00_0093.00,sample083.mp4,,90.0,93.0,3.0,,,,,,,,,,,,,,,,,
sample083_0093.00_0096.00,sample083.mp4,,93.0,96.0,3.0,,,,,,,,,,,,,,,,,
sample083_0096.00_0099.00,sample083.mp4,,96.0,99.0,3.0,,,,,,,,,,,,,,,,,
sample083_0099.00_0102.00,sample083.mp4,,99.0,102.0,3.0,,,,,,,,,,,,,,,,,
sample083_0102.00_0105.00,sample083.mp4,,102.0,105.0,3.0,,,,,,,,,,,,,,,,,
sample083_0105.00_0108.00,sample083.mp4,,105.0,108.0,3.0,,,,,,,,,,,,,,,,,
sample083_0108.00_0111.00,sample083.mp4,,108.0,111.0,3.0,,,,,,,,,,,,,,,,,
sample083_0111.00_0114.00,sample083.mp4,,111.0,114.0,3.0,,,,,,,,,,,,,,,,,
sample083_0114.00_0117.00,sample083.mp4,,114.0,117.0,3.0,,,,,,,,,,,,,,,,,
sample083_0117.00_0120.00,sample083.mp4,,117.0,120.0,3.0,,,,,,,,,,,,,,,,,
sample083_0120.00_0123.00,sample083.mp4,,120.0,123.0,3.0,,,,,,,,,,,,,,,,,
sample083_0123.00_0126.00,sample083.mp4,,123.0,126.0,3.0,,,,,,,,,,,,,,,,,
sample083_0126.00_0129.00,sample083.mp4,,126.0,129.0,3.0,,,,,,,,,,,,,,,,,
sample083_0129.00_0132.00,sample083.mp4,,129.0,132.0,3.0,,,,,,,,,,,,,,,,,
sample083_0132.00_0135.00,sample083.mp4,,132.0,135.0,3.0,,,,,,,,,,,,,,,,,
sample083_0135.00_0138.00,sample083.mp4,,135.0,138.0,3.0,,,,,,,,,,,,,,,,,
sample083_0138.00_0141.00,sample083.mp4,,138.0,141.0,3.0,,,,,,,,,,,,,,,,,
sample083_0141.00_0144.00,sample083.mp4,,141.0,144.0,3.0,,,,,,,,,,,,,,,,,
sample083_0144.00_0147.00,sample083.mp4,,144.0,147.0,3.0,,,,,,,,,,,,,,,,,
sample083_0147.00_0150.00,sample083.mp4,,147.0,150.0,3.0,,,,,,,,,,,,,,,,,
sample083_0150.00_0153.00,sample083.mp4,,150.0,153.0,3.0,,,,,,,,,,,,,,,,,
sample083_0153.00_0156.00,sample083.mp4,,153.0,156.0,3.0,,,,,,,,,,,,,,,,,
sample083_0156.00_0159.00,sample083.mp4,,156.0,159.0,3.0,,,,,,,,,,,,,,,,,
sample083_0159.00_0162.00,sample083.mp4,,159.0,162.0,3.0,,,,,,,,,,,,,,,,,
sample083_0162.00_0165.00,sample083.mp4,,162.0,165.0,3.0,,,,,,,,,,,,,,,,,
sample083_0165.00_0168.00,sample083.mp4,,165.0,168.0,3.0,,,,,,,,,,,,,,,,,
sample083_0168.00_0171.00,sample083.mp4,,168.0,171.0,3.0,,,,,,,,,,,,,,,,,
sample083_0171.00_0174.00,sample083.mp4,,171.0,174.0,3.0,,,,,,,,,,,,,,,,,
sample083_0174.00_0177.00,sample083.mp4,,174.0,177.0,3.0,,,,,,,,,,,,,,,,,
sample083_0177.00_0180.00,sample083.mp4,,177.0,180.0,3.0,,,,,,,,,,,,,,,,,
sample083_0180.00_0183.00,sample083.mp4,,180.0,183.0,3.0,,,,,,,,,,,,,,,,,
sample083_0183.00_0186.00,sample083.mp4,,183.0,186.0,3.0,,,,,,,,,,,,,,,,,
sample083_0186.00_0189.00,sample083.mp4,,186.0,189.0,3.0,,,,,,,,,,,,,,,,,
sample083_0189.00_0192.00,sample083.mp4,,189.0,192.0,3.0,,,,,,,,,,,,,,,,,
sample083_0192.00_0195.00,sample083.mp4,,192.0,195.0,3.0,,,,,,,,,,,,,,,,,
sample083_0195.00_0198.00,sample083.mp4,,195.0,198.0,3.0,,,,,,,,,,,,,,,,,
sample083_0198.00_0201.00,sample083.mp4,,198.0,201.0,3.0,,,,,,,,,,,,,,,,,
sample083_0201.00_0204.00,sample083.mp4,,201.0,204.0,3.0,,,,,,,,,,,,,,,,,
sample083_0204.00_0207.00,sample083.mp4,,204.0,207.0,3.0,,,,,,,,,,,,,,,,,
sample083_0207.00_0210.00,sample083.mp4,,207.0,210.0,3.0,,,,,,,,,,,,,,,,,
sample083_0210.00_0213.00,sample083.mp4,,210.0,213.0,3.0,,,,,,,,,,,,,,,,,
sample083_0213.00_0216.00,sample083.mp4,,213.0,216.0,3.0,,,,,,,,,,,,,,,,,
sample083_0216.00_0219.00,sample083.mp4,,216.0,219.0,3.0,,,,,,,,,,,,,,,,,
sample083_0219.00_0222.00,sample083.mp4,,219.0,222.0,3.0,,,,,,,,,,,,,,,,,
sample083_0222.00_0225.00,sample083.mp4,,222.0,225.0,3.0,,,,,,,,,,,,,,,,,
sample083_0225.00_0228.00,sample083.mp4,,225.0,228.0,3.0,,,,,,,,,,,,,,,,,
sample083_0228.00_0231.00,sample083.mp4,,228.0,231.0,3.0,,,,,,,,,,,,,,,,,
sample083_0231.00_0234.00,sample083.mp4,,231.0,234.0,3.0,,,,,,,,,,,,,,,,,
sample083_0234.00_0237.00,sample083.mp4,,234.0,237.0,3.0,,,,,,,,,,,,,,,,,
sample083_0237.00_0240.00,sample083.mp4,,237.0,240.0,3.0,,,,,,,,,,,,,,,,,
sample083_0240.00_0243.00,sample083.mp4,,240.0,243.0,3.0,,,,,,,,,,,,,,,,,
sample083_0243.00_0246.00,sample083.mp4,,243.0,246.0,3.0,,,,,,,,,,,,,,,,,
sample083_0246.00_0249.00,sample083.mp4,,246.0,249.0,3.0,,,,,,,,,,,,,,,,,
sample083_0249.00_0252.00,sample083.mp4,,249.0,252.0,3.0,,,,,,,,,,,,,,,,,
sample083_0252.00_0255.00,sample083.mp4,,252.0,255.0,3.0,,,,,,,,,,,,,,,,,
sample083_0255.00_0258.00,sample083.mp4,,255.0,258.0,3.0,,,,,,,,,,,,,,,,,
sample083_0258.00_0261.00,sample083.mp4,,258.0,261.0,3.0,,,,,,,,,,,,,,,,,
sample083_0261.00_0264.00,sample083.mp4,,261.0,264.0,3.0,,,,,,,,,,,,,,,,,
sample083_0264.00_0267.00,sample083.mp4,,264.0,267.0,3.0,,,,,,,,,,,,,,,,,
sample083_0267.00_0270.00,sample083.mp4,,267.0,270.0,3.0,,,,,,,,,,,,,,,,,
sample083_0270.00_0273.00,sample083.mp4,,270.0,273.0,3.0,,,,,,,,,,,,,,,,,
sample083_0273.00_0276.00,sample083.mp4,,273.0,276.0,3.0,,,,,,,,,,,,,,,,,
sample083_0276.00_0279.00,sample083.mp4,,276.0,279.0,3.0,,,,,,,,,,,,,,,,,
sample083_0279.00_0282.00,sample083.mp4,,279.0,282.0,3.0,,,,,,,,,,,,,,,,,
sample083_0282.00_0285.00,sample083.mp4,,282.0,285.0,3.0,,,,,,,,,,,,,,,,,
sample083_0285.00_0288.00,sample083.mp4,,285.0,288.0,3.0,,,,,,,,,,,,,,,,,
sample083_0288.00_0288.57,sample083.mp4,,288.0,288.57,0.57,,,,,,,,,,,,,,,,,
sample084_0000.00_0003.00,sample084.mp4,,0.0,3.0,3.0,,,,,,,,,,,,,,,,,
sample084_0003.00_0006.00,sample084.mp4,,3.0,6.0,3.0,,,,,,,,,,,,,,,,,
sample084_0006.00_0009.00,sample084.mp4,,6.0,9.0,3.0,,,,,,,,,,,,,,,,,
sample084_0009.00_0012.00,sample084.mp4,,9.0,12.0,3.0,,,,,,,,,,,,,,,,,
sample084_0012.00_0015.00,sample084.mp4,,12.0,15.0,3.0,,,,,,,,,,,,,,,,,
sample084_0015.00_0018.00,sample084.mp4,,15.0,18.0,3.0,,,,,,,,,,,,,,,,,
sample084_0018.00_0021.00,sample084.mp4,,18.0,21.0,3.0,,,,,,,,,,,,,,,,,
sample084_0021.00_0024.00,sample084.mp4,,21.0,24.0,3.0,,,,,,,,,,,,,,,,,
sample084_0024.00_0027.00,sample084.mp4,,24.0,27.0,3.0,,,,,,,,,,,,,,,,,
sample084_0027.00_0030.00,sample084.mp4,,27.0,30.0,3.0,,,,,,,,,,,,,,,,,
sample084_0030.00_0033.00,sample084.mp4,,30.0,33.0,3.0,,,,,,,,,,,,,,,,,
sample084_0033.00_0036.00,sample084.mp4,,33.0,36.0,3.0,,,,,,,,,,,,,,,,,
sample084_0036.00_0039.00,sample084.mp4,,36.0,39.0,3.0,,,,,,,,,,,,,,,,,
sample084_0039.00_0042.00,sample084.mp4,,39.0,42.0,3.0,,,,,,,,,,,,,,,,,
sample084_0042.00_0045.00,sample084.mp4,,42.0,45.0,3.0,,,,,,,,,,,,,,,,,
sample084_0045.00_0048.00,sample084.mp4,,45.0,48.0,3.0,,,,,,,,,,,,,,,,,
sample084_0048.00_0051.00,sample084.mp4,,48.0,51.0,3.0,,,,,,,,,,,,,,,,,
sample084_0051.00_0054.00,sample084.mp4,,51.0,54.0,3.0,,,,,,,,,,,,,,,,,
sample084_0054.00_0057.00,sample084.mp4,,54.0,57.0,3.0,,,,,,,,,,,,,,,,,
sample084_0057.00_0060.00,sample084.mp4,,57.0,60.0,3.0,,,,,,,,,,,,,,,,,
sample084_0060.00_0063.00,sample084.mp4,,60.0,63.0,3.0,,,,,,,,,,,,,,,,,
sample084_0063.00_0066.00,sample084.mp4,,63.0,66.0,3.0,,,,,,,,,,,,,,,,,
sample084_0066.00_0069.00,sample084.mp4,,66.0,69.0,3.0,,,,,,,,,,,,,,,,,
sample084_0069.00_0072.00,sample084.mp4,,69.0,72.0,3.0,,,,,,,,,,,,,,,,,
sample084_0072.00_0075.00,sample084.mp4,,72.0,75.0,3.0,,,,,,,,,,,,,,,,,
sample084_0075.00_0078.00,sample084.mp4,,75.0,78.0,3.0,,,,,,,,,,,,,,,,,
sample084_0078.00_0081.00,sample084.mp4,,78.0,81.0,3.0,,,,,,,,,,,,,,,,,
sample084_0081.00_0084.00,sample084.mp4,,81.0,84.0,3.0,,,,,,,,,,,,,,,,,
sample084_0084.00_0087.00,sample084.mp4,,84.0,87.0,3.0,,,,,,,,,,,,,,,,,
sample084_0087.00_0090.00,sample084.mp4,,87.0,90.0,3.0,,,,,,,,,,,,,,,,,
sample084_0090.00_0093.00,sample084.mp4,,90.0,93.0,3.0,,,,,,,,,,,,,,,,,
sample084_0093.00_0096.00,sample084.mp4,,93.0,96.0,3.0,,,,,,,,,,,,,,,,,
sample084_0096.00_0099.00,sample084.mp4,,96.0,99.0,3.0,,,,,,,,,,,,,,,,,
sample084_0099.00_0102.00,sample084.mp4,,99.0,102.0,3.0,,,,,,,,,,,,,,,,,
sample084_0102.00_0105.00,sample084.mp4,,102.0,105.0,3.0,,,,,,,,,,,,,,,,,
sample084_0105.00_0108.00,sample084.mp4,,105.0,108.0,3.0,,,,,,,,,,,,,,,,,
sample084_0108.00_0111.00,sample084.mp4,,108.0,111.0,3.0,,,,,,,,,,,,,,,,,
sample084_0111.00_0114.00,sample084.mp4,,111.0,114.0,3.0,,,,,,,,,,,,,,,,,
sample084_0114.00_0117.00,sample084.mp4,,114.0,117.0,3.0,,,,,,,,,,,,,,,,,
sample084_0117.00_0120.00,sample084.mp4,,117.0,120.0,3.0,,,,,,,,,,,,,,,,,
sample084_0120.00_0123.00,sample084.mp4,,120.0,123.0,3.0,,,,,,,,,,,,,,,,,
sample084_0123.00_0126.00,sample084.mp4,,123.0,126.0,3.0,,,,,,,,,,,,,,,,,
sample084_0126.00_0129.00,sample084.mp4,,126.0,129.0,3.0,,,,,,,,,,,,,,,,,
sample084_0129.00_0132.00,sample084.mp4,,129.0,132.0,3.0,,,,,,,,,,,,,,,,,
sample084_0132.00_0135.00,sample084.mp4,,132.0,135.0,3.0,,,,,,,,,,,,,,,,,
sample084_0135.00_0138.00,sample084.mp4,,135.0,138.0,3.0,,,,,,,,,,,,,,,,,
sample084_0138.00_0141.00,sample084.mp4,,138.0,141.0,3.0,,,,,,,,,,,,,,,,,
sample084_0141.00_0144.00,sample084.mp4,,141.0,144.0,3.0,,,,,,,,,,,,,,,,,
sample084_0144.00_0147.00,sample084.mp4,,144.0,147.0,3.0,,,,,,,,,,,,,,,,,
sample084_0147.00_0150.00,sample084.mp4,,147.0,150.0,3.0,,,,,,,,,,,,,,,,,
sample084_0150.00_0153.00,sample084.mp4,,150.0,153.0,3.0,,,,,,,,,,,,,,,,,
sample084_0153.00_0156.00,sample084.mp4,,153.0,156.0,3.0,,,,,,,,,,,,,,,,,
sample084_0156.00_0159.00,sample084.mp4,,156.0,159.0,3.0,,,,,,,,,,,,,,,,,
sample084_0159.00_0162.00,sample084.mp4,,159.0,162.0,3.0,,,,,,,,,,,,,,,,,
sample084_0162.00_0165.00,sample084.mp4,,162.0,165.0,3.0,,,,,,,,,,,,,,,,,
sample084_0165.00_0168.00,sample084.mp4,,165.0,168.0,3.0,,,,,,,,,,,,,,,,,
sample084_0168.00_0171.00,sample084.mp4,,168.0,171.0,3.0,,,,,,,,,,,,,,,,,
sample084_0171.00_0174.00,sample084.mp4,,171.0,174.0,3.0,,,,,,,,,,,,,,,,,
sample084_0174.00_0177.00,sample084.mp4,,174.0,177.0,3.0,,,,,,,,,,,,,,,,,
sample084_0177.00_0180.00,sample084.mp4,,177.0,180.0,3.0,,,,,,,,,,,,,,,,,
sample084_0180.00_0183.00,sample084.mp4,,180.0,183.0,3.0,,,,,,,,,,,,,,,,,
sample084_0183.00_0186.00,sample084.mp4,,183.0,186.0,3.0,,,,,,,,,,,,,,,,,
sample084_0186.00_0189.00,sample084.mp4,,186.0,189.0,3.0,,,,,,,,,,,,,,,,,
sample084_0189.00_0192.00,sample084.mp4,,189.0,192.0,3.0,,,,,,,,,,,,,,,,,
sample084_0192.00_0195.00,sample084.mp4,,192.0,195.0,3.0,,,,,,,,,,,,,,,,,
sample084_0195.00_0198.00,sample084.mp4,,195.0,198.0,3.0,,,,,,,,,,,,,,,,,
sample084_0198.00_0201.00,sample084.mp4,,198.0,201.0,3.0,,,,,,,,,,,,,,,,,
sample084_0201.00_0204.00,sample084.mp4,,201.0,204.0,3.0,,,,,,,,,,,,,,,,,
sample084_0204.00_0207.00,sample084.mp4,,204.0,207.0,3.0,,,,,,,,,,,,,,,,,
sample084_0207.00_0210.00,sample084.mp4,,207.0,210.0,3.0,,,,,,,,,,,,,,,,,
sample084_0210.00_0213.00,sample084.mp4,,210.0,213.0,3.0,,,,,,,,,,,,,,,,,
sample084_0213.00_0216.00,sample084.mp4,,213.0,216.0,3.0,,,,,,,,,,,,,,,,,
sample084_0216.00_0219.00,sample084.mp4,,216.0,219.0,3.0,,,,,,,,,,,,,,,,,
sample084_0219.00_0222.00,sample084.mp4,,219.0,222.0,3.0,,,,,,,,,,,,,,,,,
sample084_0222.00_0225.00,sample084.mp4,,222.0,225.0,3.0,,,,,,,,,,,,,,,,,
sample084_0225.00_0228.00,sample084.mp4,,225.0,228.0,3.0,,,,,,,,,,,,,,,,,
sample084_0228.00_0231.00,sample084.mp4,,228.0,231.0,3.0,,,,,,,,,,,,,,,,,
sample084_0231.00_0234.00,sample084.mp4,,231.0,234.0,3.0,,,,,,,,,,,,,,,,,
sample084_0234.00_0237.00,sample084.mp4,,234.0,237.0,3.0,,,,,,,,,,,,,,,,,
sample084_0237.00_0240.00,sample084.mp4,,237.0,240.0,3.0,,,,,,,,,,,,,,,,,
sample084_0240.00_0243.00,sample084.mp4,,240.0,243.0,3.0,,,,,,,,,,,,,,,,,
sample084_0243.00_0246.00,sample084.mp4,,243.0,246.0,3.0,,,,,,,,,,,,,,,,,
sample084_0246.00_0249.00,sample084.mp4,,246.0,249.0,3.0,,,,,,,,,,,,,,,,,
sample084_0249.00_0252.00,sample084.mp4,,249.0,252.0,3.0,,,,,,,,,,,,,,,,,
sample084_0252.00_0255.00,sample084.mp4,,252.0,255.0,3.0,,,,,,,,,,,,,,,,,
sample084_0255.00_0258.00,sample084.mp4,,255.0,258.0,3.0,,,,,,,,,,,,,,,,,
sample084_0258.00_0261.00,sample084.mp4,,258.0,261.0,3.0,,,,,,,,,,,,,,,,,
sample084_0261.00_0264.00,sample084.mp4,,261.0,264.0,3.0,,,,,,,,,,,,,,,,,
sample084_0264.00_0267.00,sample084.mp4,,264.0,267.0,3.0,,,,,,,,,,,,,,,,,
sample084_0267.00_0270.00,sample084.mp4,,267.0,270.0,3.0,,,,,,,,,,,,,,,,,
sample084_0270.00_0273.00,sample084.mp4,,270.0,273.0,3.0,,,,,,,,,,,,,,,,,
sample084_0273.00_0276.00,sample084.mp4,,273.0,276.0,3.0,,,,,,,,,,,,,,,,,
sample084_0276.00_0279.00,sample084.mp4,,276.0,279.0,3.0,,,,,,,,,,,,,,,,,
sample084_0279.00_0282.00,sample084.mp4,,279.0,282.0,3.0,,,,,,,,,,,,,,,,,
sample084_0282.00_0285.00,sample084.mp4,,282.0,285.0,3.0,,,,,,,,,,,,,,,,,
sample084_0285.00_0288.00,sample084.mp4,,285.0,288.0,3.0,,,,,,,,,,,,,,,,,
sample084_0288.00_0291.00,sample084.mp4,,288.0,291.0,3.0,,,,,,,,,,,,,,,,,
sample084_0291.00_0294.00,sample084.mp4,,291.0,294.0,3.0,,,,,,,,,,,,,,,,,
sample084_0294.00_0297.00,sample084.mp4,,294.0,297.0,3.0,,,,,,,,,,,,,,,,,
sample084_0297.00_0299.37,sample084.mp4,,297.0,299.37,2.37,,,,,,,,,,,,,,,,,
sample085_0000.00_0003.00,sample085.mp4,,0.0,3.0,3.0,,,,,,,,,,,,,,,,,
sample085_0003.00_0006.00,sample085.mp4,,3.0,6.0,3.0,,,,,,,,,,,,,,,,,
sample085_0006.00_0009.00,sample085.mp4,,6.0,9.0,3.0,,,,,,,,,,,,,,,,,
sample085_0009.00_0012.00,sample085.mp4,,9.0,12.0,3.0,,,,,,,,,,,,,,,,,
sample085_0012.00_0015.00,sample085.mp4,,12.0,15.0,3.0,,,,,,,,,,,,,,,,,
sample085_0015.00_0018.00,sample085.mp4,,15.0,18.0,3.0,,,,,,,,,,,,,,,,,
sample085_0018.00_0021.00,sample085.mp4,,18.0,21.0,3.0,,,,,,,,,,,,,,,,,
sample085_0021.00_0024.00,sample085.mp4,,21.0,24.0,3.0,,,,,,,,,,,,,,,,,
sample085_0024.00_0027.00,sample085.mp4,,24.0,27.0,3.0,,,,,,,,,,,,,,,,,
sample085_0027.00_0030.00,sample085.mp4,,27.0,30.0,3.0,,,,,,,,,,,,,,,,,
sample085_0030.00_0033.00,sample085.mp4,,30.0,33.0,3.0,,,,,,,,,,,,,,,,,
sample085_0033.00_0036.00,sample085.mp4,,33.0,36.0,3.0,,,,,,,,,,,,,,,,,
sample085_0036.00_0039.00,sample085.mp4,,36.0,39.0,3.0,,,,,,,,,,,,,,,,,
sample085_0039.00_0042.00,sample085.mp4,,39.0,42.0,3.0,,,,,,,,,,,,,,,,,
sample085_0042.00_0045.00,sample085.mp4,,42.0,45.0,3.0,,,,,,,,,,,,,,,,,
sample085_0045.00_0048.00,sample085.mp4,,45.0,48.0,3.0,,,,,,,,,,,,,,,,,
sample085_0048.00_0051.00,sample085.mp4,,48.0,51.0,3.0,,,,,,,,,,,,,,,,,
sample085_0051.00_0054.00,sample085.mp4,,51.0,54.0,3.0,,,,,,,,,,,,,,,,,
sample085_0054.00_0057.00,sample085.mp4,,54.0,57.0,3.0,,,,,,,,,,,,,,,,,
sample085_0057.00_0060.00,sample085.mp4,,57.0,60.0,3.0,,,,,,,,,,,,,,,,,
sample085_0060.00_0063.00,sample085.mp4,,60.0,63.0,3.0,,,,,,,,,,,,,,,,,
sample085_0063.00_0066.00,sample085.mp4,,63.0,66.0,3.0,,,,,,,,,,,,,,,,,
sample085_0066.00_0069.00,sample085.mp4,,66.0,69.0,3.0,,,,,,,,,,,,,,,,,
sample085_0069.00_0072.00,sample085.mp4,,69.0,72.0,3.0,,,,,,,,,,,,,,,,,
sample085_0072.00_0075.00,sample085.mp4,,72.0,75.0,3.0,,,,,,,,,,,,,,,,,
sample085_0075.00_0078.00,sample085.mp4,,75.0,78.0,3.0,,,,,,,,,,,,,,,,,
sample085_0078.00_0081.00,sample085.mp4,,78.0,81.0,3.0,,,,,,,,,,,,,,,,,
sample085_0081.00_0084.00,sample085.mp4,,81.0,84.0,3.0,,,,,,,,,,,,,,,,,
sample085_0084.00_0087.00,sample085.mp4,,84.0,87.0,3.0,,,,,,,,,,,,,,,,,
sample085_0087.00_0090.00,sample085.mp4,,87.0,90.0,3.0,,,,,,,,,,,,,,,,,
sample085_0090.00_0093.00,sample085.mp4,,90.0,93.0,3.0,,,,,,,,,,,,,,,,,
sample085_0093.00_0096.00,sample085.mp4,,93.0,96.0,3.0,,,,,,,,,,,,,,,,,
sample085_0096.00_0099.00,sample085.mp4,,96.0,99.0,3.0,,,,,,,,,,,,,,,,,
sample085_0099.00_0102.00,sample085.mp4,,99.0,102.0,3.0,,,,,,,,,,,,,,,,,
sample085_0102.00_0105.00,sample085.mp4,,102.0,105.0,3.0,,,,,,,,,,,,,,,,,
sample085_0105.00_0108.00,sample085.mp4,,105.0,108.0,3.0,,,,,,,,,,,,,,,,,
sample085_0108.00_0111.00,sample085.mp4,,108.0,111.0,3.0,,,,,,,,,,,,,,,,,
sample085_0111.00_0114.00,sample085.mp4,,111.0,114.0,3.0,,,,,,,,,,,,,,,,,
sample085_0114.00_0117.00,sample085.mp4,,114.0,117.0,3.0,,,,,,,,,,,,,,,,,
sample085_0117.00_0120.00,sample085.mp4,,117.0,120.0,3.0,,,,,,,,,,,,,,,,,
sample085_0120.00_0123.00,sample085.mp4,,120.0,123.0,3.0,,,,,,,,,,,,,,,,,
sample085_0123.00_0126.00,sample085.mp4,,123.0,126.0,3.0,,,,,,,,,,,,,,,,,
sample085_0126.00_0129.00,sample085.mp4,,126.0,129.0,3.0,,,,,,,,,,,,,,,,,
sample085_0129.00_0132.00,sample085.mp4,,129.0,132.0,3.0,,,,,,,,,,,,,,,,,
sample085_0132.00_0135.00,sample085.mp4,,132.0,135.0,3.0,,,,,,,,,,,,,,,,,
sample085_0135.00_0138.00,sample085.mp4,,135.0,138.0,3.0,,,,,,,,,,,,,,,,,
sample085_0138.00_0141.00,sample085.mp4,,138.0,141.0,3.0,,,,,,,,,,,,,,,,,
sample085_0141.00_0144.00,sample085.mp4,,141.0,144.0,3.0,,,,,,,,,,,,,,,,,
sample085_0144.00_0147.00,sample085.mp4,,144.0,147.0,3.0,,,,,,,,,,,,,,,,,
sample085_0147.00_0150.00,sample085.mp4,,147.0,150.0,3.0,,,,,,,,,,,,,,,,,
sample085_0150.00_0153.00,sample085.mp4,,150.0,153.0,3.0,,,,,,,,,,,,,,,,,
sample085_0153.00_0156.00,sample085.mp4,,153.0,156.0,3.0,,,,,,,,,,,,,,,,,
sample085_0156.00_0159.00,sample085.mp4,,156.0,159.0,3.0,,,,,,,,,,,,,,,,,
sample085_0159.00_0162.00,sample085.mp4,,159.0,162.0,3.0,,,,,,,,,,,,,,,,,
sample085_0162.00_0165.00,sample085.mp4,,162.0,165.0,3.0,,,,,,,,,,,,,,,,,
sample085_0165.00_0168.00,sample085.mp4,,165.0,168.0,3.0,,,,,,,,,,,,,,,,,
sample085_0168.00_0171.00,sample085.mp4,,168.0,171.0,3.0,,,,,,,,,,,,,,,,,
sample085_0171.00_0174.00,sample085.mp4,,171.0,174.0,3.0,,,,,,,,,,,,,,,,,
sample085_0174.00_0177.00,sample085.mp4,,174.0,177.0,3.0,,,,,,,,,,,,,,,,,
sample085_0177.00_0180.00,sample085.mp4,,177.0,180.0,3.0,,,,,,,,,,,,,,,,,
sample085_0180.00_0183.00,sample085.mp4,,180.0,183.0,3.0,,,,,,,,,,,,,,,,,
sample085_0183.00_0186.00,sample085.mp4,,183.0,186.0,3.0,,,,,,,,,,,,,,,,,
sample085_0186.00_0189.00,sample085.mp4,,186.0,189.0,3.0,,,,,,,,,,,,,,,,,
sample085_0189.00_0192.00,sample085.mp4,,189.0,192.0,3.0,,,,,,,,,,,,,,,,,
sample085_0192.00_0195.00,sample085.mp4,,192.0,195.0,3.0,,,,,,,,,,,,,,,,,
sample085_0195.00_0198.00,sample085.mp4,,195.0,198.0,3.0,,,,,,,,,,,,,,,,,
sample085_0198.00_0201.00,sample085.mp4,,198.0,201.0,3.0,,,,,,,,,,,,,,,,,
sample085_0201.00_0204.00,sample085.mp4,,201.0,204.0,3.0,,,,,,,,,,,,,,,,,
sample085_0204.00_0207.00,sample085.mp4,,204.0,207.0,3.0,,,,,,,,,,,,,,,,,
sample085_0207.00_0210.00,sample085.mp4,,207.0,210.0,3.0,,,,,,,,,,,,,,,,,
sample085_0210.00_0213.00,sample085.mp4,,210.0,213.0,3.0,,,,,,,,,,,,,,,,,
sample085_0213.00_0216.00,sample085.mp4,,213.0,216.0,3.0,,,,,,,,,,,,,,,,,
sample085_0216.00_0219.00,sample085.mp4,,216.0,219.0,3.0,,,,,,,,,,,,,,,,,
sample085_0219.00_0222.00,sample085.mp4,,219.0,222.0,3.0,,,,,,,,,,,,,,,,,
sample085_0222.00_0225.00,sample085.mp4,,222.0,225.0,3.0,,,,,,,,,,,,,,,,,
sample085_0225.00_0228.00,sample085.mp4,,225.0,228.0,3.0,,,,,,,,,,,,,,,,,
sample085_0228.00_0231.00,sample085.mp4,,228.0,231.0,3.0,,,,,,,,,,,,,,,,,
sample085_0231.00_0234.00,sample085.mp4,,231.0,234.0,3.0,,,,,,,,,,,,,,,,,
sample085_0234.00_0237.00,sample085.mp4,,234.0,237.0,3.0,,,,,,,,,,,,,,,,,
sample085_0237.00_0240.00,sample085.mp4,,237.0,240.0,3.0,,,,,,,,,,,,,,,,,
sample085_0240.00_0243.00,sample085.mp4,,240.0,243.0,3.0,,,,,,,,,,,,,,,,,
sample085_0243.00_0246.00,sample085.mp4,,243.0,246.0,3.0,,,,,,,,,,,,,,,,,
sample085_0246.00_0249.00,sample085.mp4,,246.0,249.0,3.0,,,,,,,,,,,,,,,,,
sample085_0249.00_0252.00,sample085.mp4,,249.0,252.0,3.0,,,,,,,,,,,,,,,,,
sample085_0252.00_0255.00,sample085.mp4,,252.0,255.0,3.0,,,,,,,,,,,,,,,,,
sample085_0255.00_0258.00,sample085.mp4,,255.0,258.0,3.0,,,,,,,,,,,,,,,,,
sample085_0258.00_0261.00,sample085.mp4,,258.0,261.0,3.0,,,,,,,,,,,,,,,,,
sample085_0261.00_0264.00,sample085.mp4,,261.0,264.0,3.0,,,,,,,,,,,,,,,,,
sample085_0264.00_0267.00,sample085.mp4,,264.0,267.0,3.0,,,,,,,,,,,,,,,,,
sample085_0267.00_0270.00,sample085.mp4,,267.0,270.0,3.0,,,,,,,,,,,,,,,,,
sample085_0270.00_0273.00,sample085.mp4,,270.0,273.0,3.0,,,,,,,,,,,,,,,,,
sample085_0273.00_0276.00,sample085.mp4,,273.0,276.0,3.0,,,,,,,,,,,,,,,,,
sample085_0276.00_0279.00,sample085.mp4,,276.0,279.0,3.0,,,,,,,,,,,,,,,,,
sample085_0279.00_0282.00,sample085.mp4,,279.0,282.0,3.0,,,,,,,,,,,,,,,,,
sample085_0282.00_0285.00,sample085.mp4,,282.0,285.0,3.0,,,,,,,,,,,,,,,,,
sample085_0285.00_0288.00,sample085.mp4,,285.0,288.0,3.0,,,,,,,,,,,,,,,,,
sample085_0288.00_0291.00,sample085.mp4,,288.0,291.0,3.0,,,,,,,,,,,,,,,,,
sample085_0291.00_0294.00,sample085.mp4,,291.0,294.0,3.0,,,,,,,,,,,,,,,,,
sample085_0294.00_0297.00,sample085.mp4,,294.0,297.0,3.0,,,,,,,,,,,,,,,,,
sample085_0297.00_0298.43,sample085.mp4,,297.0,298.43,1.43,,,,,,,,,,,,,,,,,
sample086_0000.00_0003.00,sample086.mp4,,0.0,3.0,3.0,,,,,,,,,,,,,,,,,
sample086_0003.00_0006.00,sample086.mp4,,3.0,6.0,3.0,,,,,,,,,,,,,,,,,
sample086_0006.00_0009.00,sample086.mp4,,6.0,9.0,3.0,,,,,,,,,,,,,,,,,
sample086_0009.00_0012.00,sample086.mp4,,9.0,12.0,3.0,,,,,,,,,,,,,,,,,
sample086_0012.00_0015.00,sample086.mp4,,12.0,15.0,3.0,,,,,,,,,,,,,,,,,
sample086_0015.00_0018.00,sample086.mp4,,15.0,18.0,3.0,,,,,,,,,,,,,,,,,
sample086_0018.00_0021.00,sample086.mp4,,18.0,21.0,3.0,,,,,,,,,,,,,,,,,
sample086_0021.00_0024.00,sample086.mp4,,21.0,24.0,3.0,,,,,,,,,,,,,,,,,
sample086_0024.00_0027.00,sample086.mp4,,24.0,27.0,3.0,,,,,,,,,,,,,,,,,
sample086_0027.00_0030.00,sample086.mp4,,27.0,30.0,3.0,,,,,,,,,,,,,,,,,
sample086_0030.00_0033.00,sample086.mp4,,30.0,33.0,3.0,,,,,,,,,,,,,,,,,
sample086_0033.00_0036.00,sample086.mp4,,33.0,36.0,3.0,,,,,,,,,,,,,,,,,
sample086_0036.00_0039.00,sample086.mp4,,36.0,39.0,3.0,,,,,,,,,,,,,,,,,
sample086_0039.00_0042.00,sample086.mp4,,39.0,42.0,3.0,,,,,,,,,,,,,,,,,
sample086_0042.00_0045.00,sample086.mp4,,42.0,45.0,3.0,,,,,,,,,,,,,,,,,
sample086_0045.00_0048.00,sample086.mp4,,45.0,48.0,3.0,,,,,,,,,,,,,,,,,
sample086_0048.00_0051.00,sample086.mp4,,48.0,51.0,3.0,,,,,,,,,,,,,,,,,
sample086_0051.00_0054.00,sample086.mp4,,51.0,54.0,3.0,,,,,,,,,,,,,,,,,
sample086_0054.00_0057.00,sample086.mp4,,54.0,57.0,3.0,,,,,,,,,,,,,,,,,
sample086_0057.00_0060.00,sample086.mp4,,57.0,60.0,3.0,,,,,,,,,,,,,,,,,
sample086_0060.00_0063.00,sample086.mp4,,60.0,63.0,3.0,,,,,,,,,,,,,,,,,
sample086_0063.00_0066.00,sample086.mp4,,63.0,66.0,3.0,,,,,,,,,,,,,,,,,
sample086_0066.00_0069.00,sample086.mp4,,66.0,69.0,3.0,,,,,,,,,,,,,,,,,
sample086_0069.00_0072.00,sample086.mp4,,69.0,72.0,3.0,,,,,,,,,,,,,,,,,
sample086_0072.00_0075.00,sample086.mp4,,72.0,75.0,3.0,,,,,,,,,,,,,,,,,
sample086_0075.00_0078.00,sample086.mp4,,75.0,78.0,3.0,,,,,,,,,,,,,,,,,
sample086_0078.00_0081.00,sample086.mp4,,78.0,81.0,3.0,,,,,,,,,,,,,,,,,
sample086_0081.00_0084.00,sample086.mp4,,81.0,84.0,3.0,,,,,,,,,,,,,,,,,
sample086_0084.00_0087.00,sample086.mp4,,84.0,87.0,3.0,,,,,,,,,,,,,,,,,
sample086_0087.00_0090.00,sample086.mp4,,87.0,90.0,3.0,,,,,,,,,,,,,,,,,
sample086_0090.00_0093.00,sample086.mp4,,90.0,93.0,3.0,,,,,,,,,,,,,,,,,
sample086_0093.00_0096.00,sample086.mp4,,93.0,96.0,3.0,,,,,,,,,,,,,,,,,
sample086_0096.00_0099.00,sample086.mp4,,96.0,99.0,3.0,,,,,,,,,,,,,,,,,
sample086_0099.00_0102.00,sample086.mp4,,99.0,102.0,3.0,,,,,,,,,,,,,,,,,
sample086_0102.00_0105.00,sample086.mp4,,102.0,105.0,3.0,,,,,,,,,,,,,,,,,
sample086_0105.00_0108.00,sample086.mp4,,105.0,108.0,3.0,,,,,,,,,,,,,,,,,
sample086_0108.00_0111.00,sample086.mp4,,108.0,111.0,3.0,,,,,,,,,,,,,,,,,
sample086_0111.00_0114.00,sample086.mp4,,111.0,114.0,3.0,,,,,,,,,,,,,,,,,
sample086_0114.00_0117.00,sample086.mp4,,114.0,117.0,3.0,,,,,,,,,,,,,,,,,
sample086_0117.00_0120.00,sample086.mp4,,117.0,120.0,3.0,,,,,,,,,,,,,,,,,
sample086_0120.00_0123.00,sample086.mp4,,120.0,123.0,3.0,,,,,,,,,,,,,,,,,
sample086_0123.00_0126.00,sample086.mp4,,123.0,126.0,3.0,,,,,,,,,,,,,,,,,
sample086_0126.00_0129.00,sample086.mp4,,126.0,129.0,3.0,,,,,,,,,,,,,,,,,
sample086_0129.00_0132.00,sample086.mp4,,129.0,132.0,3.0,,,,,,,,,,,,,,,,,
sample086_0132.00_0135.00,sample086.mp4,,132.0,135.0,3.0,,,,,,,,,,,,,,,,,
sample086_0135.00_0138.00,sample086.mp4,,135.0,138.0,3.0,,,,,,,,,,,,,,,,,
sample086_0138.00_0141.00,sample086.mp4,,138.0,141.0,3.0,,,,,,,,,,,,,,,,,
sample086_0141.00_0144.00,sample086.mp4,,141.0,144.0,3.0,,,,,,,,,,,,,,,,,
sample086_0144.00_0147.00,sample086.mp4,,144.0,147.0,3.0,,,,,,,,,,,,,,,,,
sample086_0147.00_0150.00,sample086.mp4,,147.0,150.0,3.0,,,,,,,,,,,,,,,,,
sample086_0150.00_0153.00,sample086.mp4,,150.0,153.0,3.0,,,,,,,,,,,,,,,,,
sample086_0153.00_0156.00,sample086.mp4,,153.0,156.0,3.0,,,,,,,,,,,,,,,,,
sample086_0156.00_0159.00,sample086.mp4,,156.0,159.0,3.0,,,,,,,,,,,,,,,,,
sample086_0159.00_0162.00,sample086.mp4,,159.0,162.0,3.0,,,,,,,,,,,,,,,,,
sample086_0162.00_0165.00,sample086.mp4,,162.0,165.0,3.0,,,,,,,,,,,,,,,,,
sample086_0165.00_0168.00,sample086.mp4,,165.0,168.0,3.0,,,,,,,,,,,,,,,,,
sample086_0168.00_0171.00,sample086.mp4,,168.0,171.0,3.0,,,,,,,,,,,,,,,,,
sample086_0171.00_0174.00,sample086.mp4,,171.0,174.0,3.0,,,,,,,,,,,,,,,,,
sample086_0174.00_0177.00,sample086.mp4,,174.0,177.0,3.0,,,,,,,,,,,,,,,,,
sample086_0177.00_0180.00,sample086.mp4,,177.0,180.0,3.0,,,,,,,,,,,,,,,,,
sample086_0180.00_0183.00,sample086.mp4,,180.0,183.0,3.0,,,,,,,,,,,,,,,,,
sample086_0183.00_0186.00,sample086.mp4,,183.0,186.0,3.0,,,,,,,,,,,,,,,,,
sample086_0186.00_0189.00,sample086.mp4,,186.0,189.0,3.0,,,,,,,,,,,,,,,,,
sample086_0189.00_0192.00,sample086.mp4,,189.0,192.0,3.0,,,,,,,,,,,,,,,,,
sample086_0192.00_0195.00,sample086.mp4,,192.0,195.0,3.0,,,,,,,,,,,,,,,,,
sample086_0195.00_0198.00,sample086.mp4,,195.0,198.0,3.0,,,,,,,,,,,,,,,,,
sample086_0198.00_0201.00,sample086.mp4,,198.0,201.0,3.0,,,,,,,,,,,,,,,,,
sample086_0201.00_0204.00,sample086.mp4,,201.0,204.0,3.0,,,,,,,,,,,,,,,,,
sample086_0204.00_0207.00,sample086.mp4,,204.0,207.0,3.0,,,,,,,,,,,,,,,,,
sample086_0207.00_0209.26,sample086.mp4,,207.0,209.26,2.26,,,,,,,,,,,,,,,,,
sample087_0000.00_0003.00,sample087.mp4,,0.0,3.0,3.0,,,,,,,,,,,,,,,,,
sample087_0003.00_0006.00,sample087.mp4,,3.0,6.0,3.0,,,,,,,,,,,,,,,,,
sample087_0006.00_0009.00,sample087.mp4,,6.0,9.0,3.0,,,,,,,,,,,,,,,,,
sample087_0009.00_0012.00,sample087.mp4,,9.0,12.0,3.0,,,,,,,,,,,,,,,,,
sample087_0012.00_0015.00,sample087.mp4,,12.0,15.0,3.0,,,,,,,,,,,,,,,,,
sample087_0015.00_0018.00,sample087.mp4,,15.0,18.0,3.0,,,,,,,,,,,,,,,,,
sample087_0018.00_0021.00,sample087.mp4,,18.0,21.0,3.0,,,,,,,,,,,,,,,,,
sample087_0021.00_0024.00,sample087.mp4,,21.0,24.0,3.0,,,,,,,,,,,,,,,,,
sample087_0024.00_0027.00,sample087.mp4,,24.0,27.0,3.0,,,,,,,,,,,,,,,,,
sample087_0027.00_0030.00,sample087.mp4,,27.0,30.0,3.0,,,,,,,,,,,,,,,,,
sample087_0030.00_0033.00,sample087.mp4,,30.0,33.0,3.0,,,,,,,,,,,,,,,,,
sample087_0033.00_0036.00,sample087.mp4,,33.0,36.0,3.0,,,,,,,,,,,,,,,,,
sample087_0036.00_0039.00,sample087.mp4,,36.0,39.0,3.0,,,,,,,,,,,,,,,,,
sample087_0039.00_0042.00,sample087.mp4,,39.0,42.0,3.0,,,,,,,,,,,,,,,,,
sample087_0042.00_0045.00,sample087.mp4,,42.0,45.0,3.0,,,,,,,,,,,,,,,,,
sample087_0045.00_0048.00,sample087.mp4,,45.0,48.0,3.0,,,,,,,,,,,,,,,,,
sample087_0048.00_0051.00,sample087.mp4,,48.0,51.0,3.0,,,,,,,,,,,,,,,,,
sample087_0051.00_0054.00,sample087.mp4,,51.0,54.0,3.0,,,,,,,,,,,,,,,,,
sample087_0054.00_0057.00,sample087.mp4,,54.0,57.0,3.0,,,,,,,,,,,,,,,,,
sample087_0057.00_0060.00,sample087.mp4,,57.0,60.0,3.0,,,,,,,,,,,,,,,,,
sample087_0060.00_0063.00,sample087.mp4,,60.0,63.0,3.0,,,,,,,,,,,,,,,,,
sample087_0063.00_0066.00,sample087.mp4,,63.0,66.0,3.0,,,,,,,,,,,,,,,,,
sample087_0066.00_0069.00,sample087.mp4,,66.0,69.0,3.0,,,,,,,,,,,,,,,,,
sample087_0069.00_0072.00,sample087.mp4,,69.0,72.0,3.0,,,,,,,,,,,,,,,,,
sample087_0072.00_0075.00,sample087.mp4,,72.0,75.0,3.0,,,,,,,,,,,,,,,,,
sample087_0075.00_0078.00,sample087.mp4,,75.0,78.0,3.0,,,,,,,,,,,,,,,,,
sample087_0078.00_0081.00,sample087.mp4,,78.0,81.0,3.0,,,,,,,,,,,,,,,,,
sample087_0081.00_0084.00,sample087.mp4,,81.0,84.0,3.0,,,,,,,,,,,,,,,,,
sample087_0084.00_0087.00,sample087.mp4,,84.0,87.0,3.0,,,,,,,,,,,,,,,,,
sample087_0087.00_0090.00,sample087.mp4,,87.0,90.0,3.0,,,,,,,,,,,,,,,,,
sample087_0090.00_0093.00,sample087.mp4,,90.0,93.0,3.0,,,,,,,,,,,,,,,,,
sample087_0093.00_0096.00,sample087.mp4,,93.0,96.0,3.0,,,,,,,,,,,,,,,,,
sample087_0096.00_0099.00,sample087.mp4,,96.0,99.0,3.0,,,,,,,,,,,,,,,,,
sample087_0099.00_0102.00,sample087.mp4,,99.0,102.0,3.0,,,,,,,,,,,,,,,,,
sample087_0102.00_0105.00,sample087.mp4,,102.0,105.0,3.0,,,,,,,,,,,,,,,,,
sample087_0105.00_0108.00,sample087.mp4,,105.0,108.0,3.0,,,,,,,,,,,,,,,,,
sample087_0108.00_0111.00,sample087.mp4,,108.0,111.0,3.0,,,,,,,,,,,,,,,,,
sample087_0111.00_0114.00,sample087.mp4,,111.0,114.0,3.0,,,,,,,,,,,,,,,,,
sample087_0114.00_0117.00,sample087.mp4,,114.0,117.0,3.0,,,,,,,,,,,,,,,,,
sample087_0117.00_0120.00,sample087.mp4,,117.0,120.0,3.0,,,,,,,,,,,,,,,,,
sample087_0120.00_0123.00,sample087.mp4,,120.0,123.0,3.0,,,,,,,,,,,,,,,,,
sample087_0123.00_0126.00,sample087.mp4,,123.0,126.0,3.0,,,,,,,,,,,,,,,,,
sample087_0126.00_0129.00,sample087.mp4,,126.0,129.0,3.0,,,,,,,,,,,,,,,,,
sample087_0129.00_0132.00,sample087.mp4,,129.0,132.0,3.0,,,,,,,,,,,,,,,,,
sample087_0132.00_0135.00,sample087.mp4,,132.0,135.0,3.0,,,,,,,,,,,,,,,,,
sample087_0135.00_0138.00,sample087.mp4,,135.0,138.0,3.0,,,,,,,,,,,,,,,,,
sample087_0138.00_0141.00,sample087.mp4,,138.0,141.0,3.0,,,,,,,,,,,,,,,,,
sample087_0141.00_0144.00,sample087.mp4,,141.0,144.0,3.0,,,,,,,,,,,,,,,,,
sample087_0144.00_0147.00,sample087.mp4,,144.0,147.0,3.0,,,,,,,,,,,,,,,,,
sample087_0147.00_0150.00,sample087.mp4,,147.0,150.0,3.0,,,,,,,,,,,,,,,,,
sample087_0150.00_0153.00,sample087.mp4,,150.0,153.0,3.0,,,,,,,,,,,,,,,,,
sample087_0153.00_0156.00,sample087.mp4,,153.0,156.0,3.0,,,,,,,,,,,,,,,,,
sample087_0156.00_0159.00,sample087.mp4,,156.0,159.0,3.0,,,,,,,,,,,,,,,,,
sample087_0159.00_0162.00,sample087.mp4,,159.0,162.0,3.0,,,,,,,,,,,,,,,,,
sample087_0162.00_0165.00,sample087.mp4,,162.0,165.0,3.0,,,,,,,,,,,,,,,,,
sample087_0165.00_0168.00,sample087.mp4,,165.0,168.0,3.0,,,,,,,,,,,,,,,,,
sample087_0168.00_0171.00,sample087.mp4,,168.0,171.0,3.0,,,,,,,,,,,,,,,,,
sample087_0171.00_0174.00,sample087.mp4,,171.0,174.0,3.0,,,,,,,,,,,,,,,,,
sample087_0174.00_0177.00,sample087.mp4,,174.0,177.0,3.0,,,,,,,,,,,,,,,,,
sample087_0177.00_0180.00,sample087.mp4,,177.0,180.0,3.0,,,,,,,,,,,,,,,,,
sample087_0180.00_0183.00,sample087.mp4,,180.0,183.0,3.0,,,,,,,,,,,,,,,,,
sample087_0183.00_0186.00,sample087.mp4,,183.0,186.0,3.0,,,,,,,,,,,,,,,,,
sample087_0186.00_0189.00,sample087.mp4,,186.0,189.0,3.0,,,,,,,,,,,,,,,,,
sample087_0189.00_0192.00,sample087.mp4,,189.0,192.0,3.0,,,,,,,,,,,,,,,,,
sample087_0192.00_0195.00,sample087.mp4,,192.0,195.0,3.0,,,,,,,,,,,,,,,,,
sample087_0195.00_0198.00,sample087.mp4,,195.0,198.0,3.0,,,,,,,,,,,,,,,,,
sample087_0198.00_0198.57,sample087.mp4,,198.0,198.57,0.57,,,,,,,,,,,,,,,,,
sample088_0000.00_0003.00,sample088.mp4,,0.0,3.0,3.0,,,,,,,,,,,,,,,,,
sample088_0003.00_0006.00,sample088.mp4,,3.0,6.0,3.0,,,,,,,,,,,,,,,,,
sample088_0006.00_0009.00,sample088.mp4,,6.0,9.0,3.0,,,,,,,,,,,,,,,,,
sample088_0009.00_0012.00,sample088.mp4,,9.0,12.0,3.0,,,,,,,,,,,,,,,,,
sample088_0012.00_0015.00,sample088.mp4,,12.0,15.0,3.0,,,,,,,,,,,,,,,,,
sample088_0015.00_0018.00,sample088.mp4,,15.0,18.0,3.0,,,,,,,,,,,,,,,,,
sample088_0018.00_0021.00,sample088.mp4,,18.0,21.0,3.0,,,,,,,,,,,,,,,,,
sample088_0021.00_0024.00,sample088.mp4,,21.0,24.0,3.0,,,,,,,,,,,,,,,,,
sample088_0024.00_0027.00,sample088.mp4,,24.0,27.0,3.0,,,,,,,,,,,,,,,,,
sample088_0027.00_0030.00,sample088.mp4,,27.0,30.0,3.0,,,,,,,,,,,,,,,,,
sample088_0030.00_0033.00,sample088.mp4,,30.0,33.0,3.0,,,,,,,,,,,,,,,,,
sample088_0033.00_0036.00,sample088.mp4,,33.0,36.0,3.0,,,,,,,,,,,,,,,,,
sample088_0036.00_0039.00,sample088.mp4,,36.0,39.0,3.0,,,,,,,,,,,,,,,,,
sample088_0039.00_0042.00,sample088.mp4,,39.0,42.0,3.0,,,,,,,,,,,,,,,,,
sample088_0042.00_0045.00,sample088.mp4,,42.0,45.0,3.0,,,,,,,,,,,,,,,,,
sample088_0045.00_0048.00,sample088.mp4,,45.0,48.0,3.0,,,,,,,,,,,,,,,,,
sample088_0048.00_0051.00,sample088.mp4,,48.0,51.0,3.0,,,,,,,,,,,,,,,,,
sample088_0051.00_0054.00,sample088.mp4,,51.0,54.0,3.0,,,,,,,,,,,,,,,,,
sample088_0054.00_0057.00,sample088.mp4,,54.0,57.0,3.0,,,,,,,,,,,,,,,,,
sample088_0057.00_0060.00,sample088.mp4,,57.0,60.0,3.0,,,,,,,,,,,,,,,,,
sample088_0060.00_0063.00,sample088.mp4,,60.0,63.0,3.0,,,,,,,,,,,,,,,,,
sample088_0063.00_0066.00,sample088.mp4,,63.0,66.0,3.0,,,,,,,,,,,,,,,,,
sample088_0066.00_0069.00,sample088.mp4,,66.0,69.0,3.0,,,,,,,,,,,,,,,,,
sample088_0069.00_0072.00,sample088.mp4,,69.0,72.0,3.0,,,,,,,,,,,,,,,,,
sample088_0072.00_0075.00,sample088.mp4,,72.0,75.0,3.0,,,,,,,,,,,,,,,,,
sample088_0075.00_0078.00,sample088.mp4,,75.0,78.0,3.0,,,,,,,,,,,,,,,,,
sample088_0078.00_0081.00,sample088.mp4,,78.0,81.0,3.0,,,,,,,,,,,,,,,,,
sample088_0081.00_0084.00,sample088.mp4,,81.0,84.0,3.0,,,,,,,,,,,,,,,,,
sample088_0084.00_0087.00,sample088.mp4,,84.0,87.0,3.0,,,,,,,,,,,,,,,,,
sample088_0087.00_0090.00,sample088.mp4,,87.0,90.0,3.0,,,,,,,,,,,,,,,,,
sample088_0090.00_0093.00,sample088.mp4,,90.0,93.0,3.0,,,,,,,,,,,,,,,,,
sample088_0093.00_0096.00,sample088.mp4,,93.0,96.0,3.0,,,,,,,,,,,,,,,,,
sample088_0096.00_0099.00,sample088.mp4,,96.0,99.0,3.0,,,,,,,,,,,,,,,,,
sample088_0099.00_0102.00,sample088.mp4,,99.0,102.0,3.0,,,,,,,,,,,,,,,,,
sample088_0102.00_0105.00,sample088.mp4,,102.0,105.0,3.0,,,,,,,,,,,,,,,,,
sample088_0105.00_0108.00,sample088.mp4,,105.0,108.0,3.0,,,,,,,,,,,,,,,,,
sample088_0108.00_0111.00,sample088.mp4,,108.0,111.0,3.0,,,,,,,,,,,,,,,,,
sample088_0111.00_0114.00,sample088.mp4,,111.0,114.0,3.0,,,,,,,,,,,,,,,,,
sample088_0114.00_0117.00,sample088.mp4,,114.0,117.0,3.0,,,,,,,,,,,,,,,,,
sample088_0117.00_0120.00,sample088.mp4,,117.0,120.0,3.0,,,,,,,,,,,,,,,,,
sample088_0120.00_0123.00,sample088.mp4,,120.0,123.0,3.0,,,,,,,,,,,,,,,,,
sample088_0123.00_0126.00,sample088.mp4,,123.0,126.0,3.0,,,,,,,,,,,,,,,,,
sample088_0126.00_0129.00,sample088.mp4,,126.0,129.0,3.0,,,,,,,,,,,,,,,,,
sample088_0129.00_0132.00,sample088.mp4,,129.0,132.0,3.0,,,,,,,,,,,,,,,,,
sample088_0132.00_0135.00,sample088.mp4,,132.0,135.0,3.0,,,,,,,,,,,,,,,,,
sample088_0135.00_0138.00,sample088.mp4,,135.0,138.0,3.0,,,,,,,,,,,,,,,,,
sample088_0138.00_0141.00,sample088.mp4,,138.0,141.0,3.0,,,,,,,,,,,,,,,,,
sample088_0141.00_0144.00,sample088.mp4,,141.0,144.0,3.0,,,,,,,,,,,,,,,,,
sample088_0144.00_0147.00,sample088.mp4,,144.0,147.0,3.0,,,,,,,,,,,,,,,,,
sample088_0147.00_0150.00,sample088.mp4,,147.0,150.0,3.0,,,,,,,,,,,,,,,,,
sample088_0150.00_0153.00,sample088.mp4,,150.0,153.0,3.0,,,,,,,,,,,,,,,,,
sample088_0153.00_0156.00,sample088.mp4,,153.0,156.0,3.0,,,,,,,,,,,,,,,,,
sample088_0156.00_0159.00,sample088.mp4,,156.0,159.0,3.0,,,,,,,,,,,,,,,,,
sample088_0159.00_0162.00,sample088.mp4,,159.0,162.0,3.0,,,,,,,,,,,,,,,,,
sample088_0162.00_0165.00,sample088.mp4,,162.0,165.0,3.0,,,,,,,,,,,,,,,,,
sample088_0165.00_0168.00,sample088.mp4,,165.0,168.0,3.0,,,,,,,,,,,,,,,,,
sample088_0168.00_0171.00,sample088.mp4,,168.0,171.0,3.0,,,,,,,,,,,,,,,,,
sample088_0171.00_0174.00,sample088.mp4,,171.0,174.0,3.0,,,,,,,,,,,,,,,,,
sample088_0174.00_0177.00,sample088.mp4,,174.0,177.0,3.0,,,,,,,,,,,,,,,,,
sample088_0177.00_0180.00,sample088.mp4,,177.0,180.0,3.0,,,,,,,,,,,,,,,,,
sample088_0180.00_0183.00,sample088.mp4,,180.0,183.0,3.0,,,,,,,,,,,,,,,,,
sample088_0183.00_0186.00,sample088.mp4,,183.0,186.0,3.0,,,,,,,,,,,,,,,,,
sample088_0186.00_0189.00,sample088.mp4,,186.0,189.0,3.0,,,,,,,,,,,,,,,,,
sample088_0189.00_0192.00,sample088.mp4,,189.0,192.0,3.0,,,,,,,,,,,,,,,,,
sample088_0192.00_0195.00,sample088.mp4,,192.0,195.0,3.0,,,,,,,,,,,,,,,,,
sample088_0195.00_0198.00,sample088.mp4,,195.0,198.0,3.0,,,,,,,,,,,,,,,,,
sample088_0198.00_0201.00,sample088.mp4,,198.0,201.0,3.0,,,,,,,,,,,,,,,,,
sample088_0201.00_0204.00,sample088.mp4,,201.0,204.0,3.0,,,,,,,,,,,,,,,,,
sample088_0204.00_0207.00,sample088.mp4,,204.0,207.0,3.0,,,,,,,,,,,,,,,,,
sample088_0207.00_0210.00,sample088.mp4,,207.0,210.0,3.0,,,,,,,,,,,,,,,,,
sample088_0210.00_0213.00,sample088.mp4,,210.0,213.0,3.0,,,,,,,,,,,,,,,,,
sample088_0213.00_0216.00,sample088.mp4,,213.0,216.0,3.0,,,,,,,,,,,,,,,,,
sample088_0216.00_0219.00,sample088.mp4,,216.0,219.0,3.0,,,,,,,,,,,,,,,,,
sample088_0219.00_0222.00,sample088.mp4,,219.0,222.0,3.0,,,,,,,,,,,,,,,,,
sample088_0222.00_0225.00,sample088.mp4,,222.0,225.0,3.0,,,,,,,,,,,,,,,,,
sample088_0225.00_0228.00,sample088.mp4,,225.0,228.0,3.0,,,,,,,,,,,,,,,,,
sample088_0228.00_0231.00,sample088.mp4,,228.0,231.0,3.0,,,,,,,,,,,,,,,,,
sample088_0231.00_0234.00,sample088.mp4,,231.0,234.0,3.0,,,,,,,,,,,,,,,,,
sample088_0234.00_0237.00,sample088.mp4,,234.0,237.0,3.0,,,,,,,,,,,,,,,,,
sample088_0237.00_0240.00,sample088.mp4,,237.0,240.0,3.0,,,,,,,,,,,,,,,,,
sample088_0240.00_0243.00,sample088.mp4,,240.0,243.0,3.0,,,,,,,,,,,,,,,,,
sample088_0243.00_0246.00,sample088.mp4,,243.0,246.0,3.0,,,,,,,,,,,,,,,,,
sample088_0246.00_0249.00,sample088.mp4,,246.0,249.0,3.0,,,,,,,,,,,,,,,,,
sample088_0249.00_0252.00,sample088.mp4,,249.0,252.0,3.0,,,,,,,,,,,,,,,,,
sample088_0252.00_0255.00,sample088.mp4,,252.0,255.0,3.0,,,,,,,,,,,,,,,,,
sample088_0255.00_0258.00,sample088.mp4,,255.0,258.0,3.0,,,,,,,,,,,,,,,,,
sample088_0258.00_0261.00,sample088.mp4,,258.0,261.0,3.0,,,,,,,,,,,,,,,,,
sample088_0261.00_0264.00,sample088.mp4,,261.0,264.0,3.0,,,,,,,,,,,,,,,,,
sample088_0264.00_0267.00,sample088.mp4,,264.0,267.0,3.0,,,,,,,,,,,,,,,,,
sample088_0267.00_0270.00,sample088.mp4,,267.0,270.0,3.0,,,,,,,,,,,,,,,,,
sample088_0270.00_0273.00,sample088.mp4,,270.0,273.0,3.0,,,,,,,,,,,,,,,,,
sample088_0273.00_0276.00,sample088.mp4,,273.0,276.0,3.0,,,,,,,,,,,,,,,,,
sample088_0276.00_0279.00,sample088.mp4,,276.0,279.0,3.0,,,,,,,,,,,,,,,,,
sample088_0279.00_0282.00,sample088.mp4,,279.0,282.0,3.0,,,,,,,,,,,,,,,,,
sample088_0282.00_0285.00,sample088.mp4,,282.0,285.0,3.0,,,,,,,,,,,,,,,,,
sample088_0285.00_0288.00,sample088.mp4,,285.0,288.0,3.0,,,,,,,,,,,,,,,,,
sample088_0288.00_0291.00,sample088.mp4,,288.0,291.0,3.0,,,,,,,,,,,,,,,,,
sample088_0291.00_0294.00,sample088.mp4,,291.0,294.0,3.0,,,,,,,,,,,,,,,,,
sample088_0294.00_0297.00,sample088.mp4,,294.0,297.0,3.0,,,,,,,,,,,,,,,,,
sample088_0297.00_0300.00,sample088.mp4,,297.0,300.0,3.0,,,,,,,,,,,,,,,,,
sample088_0300.00_0303.00,sample088.mp4,,300.0,303.0,3.0,,,,,,,,,,,,,,,,,
sample088_0303.00_0306.00,sample088.mp4,,303.0,306.0,3.0,,,,,,,,,,,,,,,,,
sample088_0306.00_0309.00,sample088.mp4,,306.0,309.0,3.0,,,,,,,,,,,,,,,,,
sample088_0309.00_0312.00,sample088.mp4,,309.0,312.0,3.0,,,,,,,,,,,,,,,,,
sample088_0312.00_0315.00,sample088.mp4,,312.0,315.0,3.0,,,,,,,,,,,,,,,,,
sample088_0315.00_0318.00,sample088.mp4,,315.0,318.0,3.0,,,,,,,,,,,,,,,,,
sample088_0318.00_0321.00,sample088.mp4,,318.0,321.0,3.0,,,,,,,,,,,,,,,,,
sample088_0321.00_0324.00,sample088.mp4,,321.0,324.0,3.0,,,,,,,,,,,,,,,,,
sample088_0324.00_0327.00,sample088.mp4,,324.0,327.0,3.0,,,,,,,,,,,,,,,,,
sample088_0327.00_0330.00,sample088.mp4,,327.0,330.0,3.0,,,,,,,,,,,,,,,,,
sample088_0330.00_0333.00,sample088.mp4,,330.0,333.0,3.0,,,,,,,,,,,,,,,,,
sample088_0333.00_0336.00,sample088.mp4,,333.0,336.0,3.0,,,,,,,,,,,,,,,,,
sample088_0336.00_0339.00,sample088.mp4,,336.0,339.0,3.0,,,,,,,,,,,,,,,,,
sample088_0339.00_0342.00,sample088.mp4,,339.0,342.0,3.0,,,,,,,,,,,,,,,,,
sample088_0342.00_0345.00,sample088.mp4,,342.0,345.0,3.0,,,,,,,,,,,,,,,,,
sample088_0345.00_0348.00,sample088.mp4,,345.0,348.0,3.0,,,,,,,,,,,,,,,,,
sample088_0348.00_0351.00,sample088.mp4,,348.0,351.0,3.0,,,,,,,,,,,,,,,,,
sample088_0351.00_0354.00,sample088.mp4,,351.0,354.0,3.0,,,,,,,,,,,,,,,,,
sample088_0354.00_0357.00,sample088.mp4,,354.0,357.0,3.0,,,,,,,,,,,,,,,,,
sample088_0357.00_0360.00,sample088.mp4,,357.0,360.0,3.0,,,,,,,,,,,,,,,,,
sample088_0360.00_0363.00,sample088.mp4,,360.0,363.0,3.0,,,,,,,,,,,,,,,,,
sample088_0363.00_0366.00,sample088.mp4,,363.0,366.0,3.0,,,,,,,,,,,,,,,,,
sample088_0366.00_0369.00,sample088.mp4,,366.0,369.0,3.0,,,,,,,,,,,,,,,,,
sample088_0369.00_0372.00,sample088.mp4,,369.0,372.0,3.0,,,,,,,,,,,,,,,,,
sample088_0372.00_0375.00,sample088.mp4,,372.0,375.0,3.0,,,,,,,,,,,,,,,,,
sample088_0375.00_0378.00,sample088.mp4,,375.0,378.0,3.0,,,,,,,,,,,,,,,,,
sample088_0378.00_0381.00,sample088.mp4,,378.0,381.0,3.0,,,,,,,,,,,,,,,,,
sample088_0381.00_0384.00,sample088.mp4,,381.0,384.0,3.0,,,,,,,,,,,,,,,,,
sample088_0384.00_0387.00,sample088.mp4,,384.0,387.0,3.0,,,,,,,,,,,,,,,,,
sample088_0387.00_0390.00,sample088.mp4,,387.0,390.0,3.0,,,,,,,,,,,,,,,,,
sample088_0390.00_0393.00,sample088.mp4,,390.0,393.0,3.0,,,,,,,,,,,,,,,,,
sample088_0393.00_0394.20,sample088.mp4,,393.0,394.2,1.2,,,,,,,,,,,,,,,,,
sample089_0000.00_0003.00,sample089.mp4,,0.0,3.0,3.0,,,,,,,,,,,,,,,,,
sample089_0003.00_0006.00,sample089.mp4,,3.0,6.0,3.0,,,,,,,,,,,,,,,,,
sample089_0006.00_0009.00,sample089.mp4,,6.0,9.0,3.0,,,,,,,,,,,,,,,,,
sample089_0009.00_0012.00,sample089.mp4,,9.0,12.0,3.0,,,,,,,,,,,,,,,,,
sample089_0012.00_0015.00,sample089.mp4,,12.0,15.0,3.0,,,,,,,,,,,,,,,,,
sample089_0015.00_0018.00,sample089.mp4,,15.0,18.0,3.0,,,,,,,,,,,,,,,,,
sample089_0018.00_0021.00,sample089.mp4,,18.0,21.0,3.0,,,,,,,,,,,,,,,,,
sample089_0021.00_0024.00,sample089.mp4,,21.0,24.0,3.0,,,,,,,,,,,,,,,,,
sample089_0024.00_0027.00,sample089.mp4,,24.0,27.0,3.0,,,,,,,,,,,,,,,,,
sample089_0027.00_0030.00,sample089.mp4,,27.0,30.0,3.0,,,,,,,,,,,,,,,,,
sample089_0030.00_0033.00,sample089.mp4,,30.0,33.0,3.0,,,,,,,,,,,,,,,,,
sample089_0033.00_0036.00,sample089.mp4,,33.0,36.0,3.0,,,,,,,,,,,,,,,,,
sample089_0036.00_0039.00,sample089.mp4,,36.0,39.0,3.0,,,,,,,,,,,,,,,,,
sample089_0039.00_0042.00,sample089.mp4,,39.0,42.0,3.0,,,,,,,,,,,,,,,,,
sample089_0042.00_0045.00,sample089.mp4,,42.0,45.0,3.0,,,,,,,,,,,,,,,,,
sample089_0045.00_0048.00,sample089.mp4,,45.0,48.0,3.0,,,,,,,,,,,,,,,,,
sample089_0048.00_0051.00,sample089.mp4,,48.0,51.0,3.0,,,,,,,,,,,,,,,,,
sample089_0051.00_0054.00,sample089.mp4,,51.0,54.0,3.0,,,,,,,,,,,,,,,,,
sample089_0054.00_0057.00,sample089.mp4,,54.0,57.0,3.0,,,,,,,,,,,,,,,,,
sample089_0057.00_0060.00,sample089.mp4,,57.0,60.0,3.0,,,,,,,,,,,,,,,,,
sample089_0060.00_0063.00,sample089.mp4,,60.0,63.0,3.0,,,,,,,,,,,,,,,,,
sample089_0063.00_0066.00,sample089.mp4,,63.0,66.0,3.0,,,,,,,,,,,,,,,,,
sample089_0066.00_0069.00,sample089.mp4,,66.0,69.0,3.0,,,,,,,,,,,,,,,,,
sample089_0069.00_0072.00,sample089.mp4,,69.0,72.0,3.0,,,,,,,,,,,,,,,,,
sample089_0072.00_0075.00,sample089.mp4,,72.0,75.0,3.0,,,,,,,,,,,,,,,,,
sample089_0075.00_0078.00,sample089.mp4,,75.0,78.0,3.0,,,,,,,,,,,,,,,,,
sample089_0078.00_0081.00,sample089.mp4,,78.0,81.0,3.0,,,,,,,,,,,,,,,,,
sample089_0081.00_0084.00,sample089.mp4,,81.0,84.0,3.0,,,,,,,,,,,,,,,,,
sample089_0084.00_0087.00,sample089.mp4,,84.0,87.0,3.0,,,,,,,,,,,,,,,,,
sample089_0087.00_0090.00,sample089.mp4,,87.0,90.0,3.0,,,,,,,,,,,,,,,,,
sample089_0090.00_0093.00,sample089.mp4,,90.0,93.0,3.0,,,,,,,,,,,,,,,,,
sample089_0093.00_0096.00,sample089.mp4,,93.0,96.0,3.0,,,,,,,,,,,,,,,,,
sample089_0096.00_0099.00,sample089.mp4,,96.0,99.0,3.0,,,,,,,,,,,,,,,,,
sample089_0099.00_0102.00,sample089.mp4,,99.0,102.0,3.0,,,,,,,,,,,,,,,,,
sample089_0102.00_0105.00,sample089.mp4,,102.0,105.0,3.0,,,,,,,,,,,,,,,,,
sample089_0105.00_0108.00,sample089.mp4,,105.0,108.0,3.0,,,,,,,,,,,,,,,,,
sample089_0108.00_0111.00,sample089.mp4,,108.0,111.0,3.0,,,,,,,,,,,,,,,,,
sample089_0111.00_0114.00,sample089.mp4,,111.0,114.0,3.0,,,,,,,,,,,,,,,,,
sample089_0114.00_0117.00,sample089.mp4,,114.0,117.0,3.0,,,,,,,,,,,,,,,,,
sample089_0117.00_0120.00,sample089.mp4,,117.0,120.0,3.0,,,,,,,,,,,,,,,,,
sample089_0120.00_0123.00,sample089.mp4,,120.0,123.0,3.0,,,,,,,,,,,,,,,,,
sample089_0123.00_0126.00,sample089.mp4,,123.0,126.0,3.0,,,,,,,,,,,,,,,,,
sample089_0126.00_0129.00,sample089.mp4,,126.0,129.0,3.0,,,,,,,,,,,,,,,,,
sample089_0129.00_0132.00,sample089.mp4,,129.0,132.0,3.0,,,,,,,,,,,,,,,,,
sample089_0132.00_0135.00,sample089.mp4,,132.0,135.0,3.0,,,,,,,,,,,,,,,,,
sample089_0135.00_0138.00,sample089.mp4,,135.0,138.0,3.0,,,,,,,,,,,,,,,,,
sample089_0138.00_0141.00,sample089.mp4,,138.0,141.0,3.0,,,,,,,,,,,,,,,,,
sample089_0141.00_0144.00,sample089.mp4,,141.0,144.0,3.0,,,,,,,,,,,,,,,,,
sample089_0144.00_0147.00,sample089.mp4,,144.0,147.0,3.0,,,,,,,,,,,,,,,,,
sample089_0147.00_0150.00,sample089.mp4,,147.0,150.0,3.0,,,,,,,,,,,,,,,,,
sample089_0150.00_0153.00,sample089.mp4,,150.0,153.0,3.0,,,,,,,,,,,,,,,,,
sample089_0153.00_0156.00,sample089.mp4,,153.0,156.0,3.0,,,,,,,,,,,,,,,,,
sample089_0156.00_0159.00,sample089.mp4,,156.0,159.0,3.0,,,,,,,,,,,,,,,,,
sample089_0159.00_0162.00,sample089.mp4,,159.0,162.0,3.0,,,,,,,,,,,,,,,,,
sample089_0162.00_0165.00,sample089.mp4,,162.0,165.0,3.0,,,,,,,,,,,,,,,,,
sample089_0165.00_0168.00,sample089.mp4,,165.0,168.0,3.0,,,,,,,,,,,,,,,,,
sample089_0168.00_0171.00,sample089.mp4,,168.0,171.0,3.0,,,,,,,,,,,,,,,,,
sample089_0171.00_0174.00,sample089.mp4,,171.0,174.0,3.0,,,,,,,,,,,,,,,,,
sample089_0174.00_0177.00,sample089.mp4,,174.0,177.0,3.0,,,,,,,,,,,,,,,,,
sample089_0177.00_0180.00,sample089.mp4,,177.0,180.0,3.0,,,,,,,,,,,,,,,,,
sample089_0180.00_0183.00,sample089.mp4,,180.0,183.0,3.0,,,,,,,,,,,,,,,,,
sample089_0183.00_0186.00,sample089.mp4,,183.0,186.0,3.0,,,,,,,,,,,,,,,,,
sample089_0186.00_0189.00,sample089.mp4,,186.0,189.0,3.0,,,,,,,,,,,,,,,,,
sample089_0189.00_0192.00,sample089.mp4,,189.0,192.0,3.0,,,,,,,,,,,,,,,,,
sample089_0192.00_0195.00,sample089.mp4,,192.0,195.0,3.0,,,,,,,,,,,,,,,,,
sample089_0195.00_0197.81,sample089.mp4,,195.0,197.81,2.81,,,,,,,,,,,,,,,,,
sample090_0000.00_0003.00,sample090.mp4,,0.0,3.0,3.0,,,,,,,,,,,,,,,,,
sample090_0003.00_0006.00,sample090.mp4,,3.0,6.0,3.0,,,,,,,,,,,,,,,,,
sample090_0006.00_0009.00,sample090.mp4,,6.0,9.0,3.0,,,,,,,,,,,,,,,,,
sample090_0009.00_0012.00,sample090.mp4,,9.0,12.0,3.0,,,,,,,,,,,,,,,,,
sample090_0012.00_0015.00,sample090.mp4,,12.0,15.0,3.0,,,,,,,,,,,,,,,,,
sample090_0015.00_0018.00,sample090.mp4,,15.0,18.0,3.0,,,,,,,,,,,,,,,,,
sample090_0018.00_0021.00,sample090.mp4,,18.0,21.0,3.0,,,,,,,,,,,,,,,,,
sample090_0021.00_0024.00,sample090.mp4,,21.0,24.0,3.0,,,,,,,,,,,,,,,,,
sample090_0024.00_0027.00,sample090.mp4,,24.0,27.0,3.0,,,,,,,,,,,,,,,,,
sample090_0027.00_0030.00,sample090.mp4,,27.0,30.0,3.0,,,,,,,,,,,,,,,,,
sample090_0030.00_0033.00,sample090.mp4,,30.0,33.0,3.0,,,,,,,,,,,,,,,,,
sample090_0033.00_0036.00,sample090.mp4,,33.0,36.0,3.0,,,,,,,,,,,,,,,,,
sample090_0036.00_0039.00,sample090.mp4,,36.0,39.0,3.0,,,,,,,,,,,,,,,,,
sample090_0039.00_0042.00,sample090.mp4,,39.0,42.0,3.0,,,,,,,,,,,,,,,,,
sample090_0042.00_0045.00,sample090.mp4,,42.0,45.0,3.0,,,,,,,,,,,,,,,,,
sample090_0045.00_0048.00,sample090.mp4,,45.0,48.0,3.0,,,,,,,,,,,,,,,,,
sample090_0048.00_0051.00,sample090.mp4,,48.0,51.0,3.0,,,,,,,,,,,,,,,,,
sample090_0051.00_0054.00,sample090.mp4,,51.0,54.0,3.0,,,,,,,,,,,,,,,,,
sample090_0054.00_0057.00,sample090.mp4,,54.0,57.0,3.0,,,,,,,,,,,,,,,,,
sample090_0057.00_0060.00,sample090.mp4,,57.0,60.0,3.0,,,,,,,,,,,,,,,,,
sample090_0060.00_0063.00,sample090.mp4,,60.0,63.0,3.0,,,,,,,,,,,,,,,,,
sample090_0063.00_0066.00,sample090.mp4,,63.0,66.0,3.0,,,,,,,,,,,,,,,,,
sample090_0066.00_0069.00,sample090.mp4,,66.0,69.0,3.0,,,,,,,,,,,,,,,,,
sample090_0069.00_0072.00,sample090.mp4,,69.0,72.0,3.0,,,,,,,,,,,,,,,,,
sample090_0072.00_0075.00,sample090.mp4,,72.0,75.0,3.0,,,,,,,,,,,,,,,,,
sample090_0075.00_0078.00,sample090.mp4,,75.0,78.0,3.0,,,,,,,,,,,,,,,,,
sample090_0078.00_0081.00,sample090.mp4,,78.0,81.0,3.0,,,,,,,,,,,,,,,,,
sample090_0081.00_0084.00,sample090.mp4,,81.0,84.0,3.0,,,,,,,,,,,,,,,,,
sample090_0084.00_0087.00,sample090.mp4,,84.0,87.0,3.0,,,,,,,,,,,,,,,,,
sample090_0087.00_0090.00,sample090.mp4,,87.0,90.0,3.0,,,,,,,,,,,,,,,,,
sample090_0090.00_0093.00,sample090.mp4,,90.0,93.0,3.0,,,,,,,,,,,,,,,,,
sample090_0093.00_0096.00,sample090.mp4,,93.0,96.0,3.0,,,,,,,,,,,,,,,,,
sample090_0096.00_0099.00,sample090.mp4,,96.0,99.0,3.0,,,,,,,,,,,,,,,,,
sample090_0099.00_0102.00,sample090.mp4,,99.0,102.0,3.0,,,,,,,,,,,,,,,,,
sample090_0102.00_0105.00,sample090.mp4,,102.0,105.0,3.0,,,,,,,,,,,,,,,,,
sample090_0105.00_0108.00,sample090.mp4,,105.0,108.0,3.0,,,,,,,,,,,,,,,,,
sample090_0108.00_0111.00,sample090.mp4,,108.0,111.0,3.0,,,,,,,,,,,,,,,,,
sample090_0111.00_0114.00,sample090.mp4,,111.0,114.0,3.0,,,,,,,,,,,,,,,,,
sample090_0114.00_0117.00,sample090.mp4,,114.0,117.0,3.0,,,,,,,,,,,,,,,,,
sample090_0117.00_0120.00,sample090.mp4,,117.0,120.0,3.0,,,,,,,,,,,,,,,,,
sample090_0120.00_0123.00,sample090.mp4,,120.0,123.0,3.0,,,,,,,,,,,,,,,,,
sample090_0123.00_0126.00,sample090.mp4,,123.0,126.0,3.0,,,,,,,,,,,,,,,,,
sample090_0126.00_0129.00,sample090.mp4,,126.0,129.0,3.0,,,,,,,,,,,,,,,,,
sample090_0129.00_0132.00,sample090.mp4,,129.0,132.0,3.0,,,,,,,,,,,,,,,,,
sample090_0132.00_0135.00,sample090.mp4,,132.0,135.0,3.0,,,,,,,,,,,,,,,,,
sample090_0135.00_0138.00,sample090.mp4,,135.0,138.0,3.0,,,,,,,,,,,,,,,,,
sample090_0138.00_0141.00,sample090.mp4,,138.0,141.0,3.0,,,,,,,,,,,,,,,,,
sample090_0141.00_0144.00,sample090.mp4,,141.0,144.0,3.0,,,,,,,,,,,,,,,,,
sample090_0144.00_0147.00,sample090.mp4,,144.0,147.0,3.0,,,,,,,,,,,,,,,,,
sample090_0147.00_0150.00,sample090.mp4,,147.0,150.0,3.0,,,,,,,,,,,,,,,,,
sample090_0150.00_0153.00,sample090.mp4,,150.0,153.0,3.0,,,,,,,,,,,,,,,,,
sample090_0153.00_0156.00,sample090.mp4,,153.0,156.0,3.0,,,,,,,,,,,,,,,,,
sample090_0156.00_0159.00,sample090.mp4,,156.0,159.0,3.0,,,,,,,,,,,,,,,,,
sample090_0159.00_0162.00,sample090.mp4,,159.0,162.0,3.0,,,,,,,,,,,,,,,,,
sample090_0162.00_0165.00,sample090.mp4,,162.0,165.0,3.0,,,,,,,,,,,,,,,,,
sample090_0165.00_0168.00,sample090.mp4,,165.0,168.0,3.0,,,,,,,,,,,,,,,,,
sample090_0168.00_0171.00,sample090.mp4,,168.0,171.0,3.0,,,,,,,,,,,,,,,,,
sample090_0171.00_0174.00,sample090.mp4,,171.0,174.0,3.0,,,,,,,,,,,,,,,,,
sample090_0174.00_0177.00,sample090.mp4,,174.0,177.0,3.0,,,,,,,,,,,,,,,,,
sample090_0177.00_0180.00,sample090.mp4,,177.0,180.0,3.0,,,,,,,,,,,,,,,,,
sample090_0180.00_0183.00,sample090.mp4,,180.0,183.0,3.0,,,,,,,,,,,,,,,,,
sample090_0183.00_0186.00,sample090.mp4,,183.0,186.0,3.0,,,,,,,,,,,,,,,,,
sample090_0186.00_0189.00,sample090.mp4,,186.0,189.0,3.0,,,,,,,,,,,,,,,,,
sample090_0189.00_0192.00,sample090.mp4,,189.0,192.0,3.0,,,,,,,,,,,,,,,,,
sample090_0192.00_0195.00,sample090.mp4,,192.0,195.0,3.0,,,,,,,,,,,,,,,,,
sample090_0195.00_0198.00,sample090.mp4,,195.0,198.0,3.0,,,,,,,,,,,,,,,,,
sample090_0198.00_0201.00,sample090.mp4,,198.0,201.0,3.0,,,,,,,,,,,,,,,,,
sample090_0201.00_0204.00,sample090.mp4,,201.0,204.0,3.0,,,,,,,,,,,,,,,,,
sample090_0204.00_0207.00,sample090.mp4,,204.0,207.0,3.0,,,,,,,,,,,,,,,,,
sample090_0207.00_0210.00,sample090.mp4,,207.0,210.0,3.0,,,,,,,,,,,,,,,,,
sample090_0210.00_0213.00,sample090.mp4,,210.0,213.0,3.0,,,,,,,,,,,,,,,,,
sample090_0213.00_0216.00,sample090.mp4,,213.0,216.0,3.0,,,,,,,,,,,,,,,,,
sample090_0216.00_0219.00,sample090.mp4,,216.0,219.0,3.0,,,,,,,,,,,,,,,,,
sample090_0219.00_0222.00,sample090.mp4,,219.0,222.0,3.0,,,,,,,,,,,,,,,,,
sample090_0222.00_0225.00,sample090.mp4,,222.0,225.0,3.0,,,,,,,,,,,,,,,,,
sample090_0225.00_0228.00,sample090.mp4,,225.0,228.0,3.0,,,,,,,,,,,,,,,,,
sample090_0228.00_0231.00,sample090.mp4,,228.0,231.0,3.0,,,,,,,,,,,,,,,,,
sample090_0231.00_0234.00,sample090.mp4,,231.0,234.0,3.0,,,,,,,,,,,,,,,,,
sample090_0234.00_0237.00,sample090.mp4,,234.0,237.0,3.0,,,,,,,,,,,,,,,,,
sample090_0237.00_0240.00,sample090.mp4,,237.0,240.0,3.0,,,,,,,,,,,,,,,,,
sample090_0240.00_0243.00,sample090.mp4,,240.0,243.0,3.0,,,,,,,,,,,,,,,,,
sample090_0243.00_0246.00,sample090.mp4,,243.0,246.0,3.0,,,,,,,,,,,,,,,,,
sample090_0246.00_0249.00,sample090.mp4,,246.0,249.0,3.0,,,,,,,,,,,,,,,,,
sample090_0249.00_0252.00,sample090.mp4,,249.0,252.0,3.0,,,,,,,,,,,,,,,,,
sample090_0252.00_0255.00,sample090.mp4,,252.0,255.0,3.0,,,,,,,,,,,,,,,,,
sample090_0255.00_0258.00,sample090.mp4,,255.0,258.0,3.0,,,,,,,,,,,,,,,,,
sample090_0258.00_0261.00,sample090.mp4,,258.0,261.0,3.0,,,,,,,,,,,,,,,,,
sample090_0261.00_0264.00,sample090.mp4,,261.0,264.0,3.0,,,,,,,,,,,,,,,,,
sample090_0264.00_0267.00,sample090.mp4,,264.0,267.0,3.0,,,,,,,,,,,,,,,,,
sample090_0267.00_0270.00,sample090.mp4,,267.0,270.0,3.0,,,,,,,,,,,,,,,,,
sample090_0270.00_0273.00,sample090.mp4,,270.0,273.0,3.0,,,,,,,,,,,,,,,,,
sample090_0273.00_0276.00,sample090.mp4,,273.0,276.0,3.0,,,,,,,,,,,,,,,,,
sample090_0276.00_0279.00,sample090.mp4,,276.0,279.0,3.0,,,,,,,,,,,,,,,,,
sample090_0279.00_0282.00,sample090.mp4,,279.0,282.0,3.0,,,,,,,,,,,,,,,,,
sample090_0282.00_0285.00,sample090.mp4,,282.0,285.0,3.0,,,,,,,,,,,,,,,,,
sample090_0285.00_0288.00,sample090.mp4,,285.0,288.0,3.0,,,,,,,,,,,,,,,,,
sample090_0288.00_0291.00,sample090.mp4,,288.0,291.0,3.0,,,,,,,,,,,,,,,,,
sample090_0291.00_0294.00,sample090.mp4,,291.0,294.0,3.0,,,,,,,,,,,,,,,,,
sample090_0294.00_0297.00,sample090.mp4,,294.0,297.0,3.0,,,,,,,,,,,,,,,,,
sample090_0297.00_0300.00,sample090.mp4,,297.0,300.0,3.0,,,,,,,,,,,,,,,,,
sample090_0300.00_0303.00,sample090.mp4,,300.0,303.0,3.0,,,,,,,,,,,,,,,,,
sample090_0303.00_0306.00,sample090.mp4,,303.0,306.0,3.0,,,,,,,,,,,,,,,,,
sample090_0306.00_0309.00,sample090.mp4,,306.0,309.0,3.0,,,,,,,,,,,,,,,,,
sample090_0309.00_0312.00,sample090.mp4,,309.0,312.0,3.0,,,,,,,,,,,,,,,,,
sample090_0312.00_0315.00,sample090.mp4,,312.0,315.0,3.0,,,,,,,,,,,,,,,,,
sample090_0315.00_0318.00,sample090.mp4,,315.0,318.0,3.0,,,,,,,,,,,,,,,,,
sample090_0318.00_0321.00,sample090.mp4,,318.0,321.0,3.0,,,,,,,,,,,,,,,,,
sample090_0321.00_0324.00,sample090.mp4,,321.0,324.0,3.0,,,,,,,,,,,,,,,,,
sample090_0324.00_0327.00,sample090.mp4,,324.0,327.0,3.0,,,,,,,,,,,,,,,,,
sample090_0327.00_0330.00,sample090.mp4,,327.0,330.0,3.0,,,,,,,,,,,,,,,,,
sample090_0330.00_0333.00,sample090.mp4,,330.0,333.0,3.0,,,,,,,,,,,,,,,,,
sample090_0333.00_0336.00,sample090.mp4,,333.0,336.0,3.0,,,,,,,,,,,,,,,,,
sample090_0336.00_0339.00,sample090.mp4,,336.0,339.0,3.0,,,,,,,,,,,,,,,,,
sample090_0339.00_0342.00,sample090.mp4,,339.0,342.0,3.0,,,,,,,,,,,,,,,,,
sample090_0342.00_0345.00,sample090.mp4,,342.0,345.0,3.0,,,,,,,,,,,,,,,,,
sample090_0345.00_0348.00,sample090.mp4,,345.0,348.0,3.0,,,,,,,,,,,,,,,,,
sample090_0348.00_0351.00,sample090.mp4,,348.0,351.0,3.0,,,,,,,,,,,,,,,,,
sample090_0351.00_0354.00,sample090.mp4,,351.0,354.0,3.0,,,,,,,,,,,,,,,,,
sample090_0354.00_0357.00,sample090.mp4,,354.0,357.0,3.0,,,,,,,,,,,,,,,,,
sample090_0357.00_0360.00,sample090.mp4,,357.0,360.0,3.0,,,,,,,,,,,,,,,,,
sample090_0360.00_0363.00,sample090.mp4,,360.0,363.0,3.0,,,,,,,,,,,,,,,,,
sample090_0363.00_0366.00,sample090.mp4,,363.0,366.0,3.0,,,,,,,,,,,,,,,,,
sample090_0366.00_0369.00,sample090.mp4,,366.0,369.0,3.0,,,,,,,,,,,,,,,,,
sample090_0369.00_0372.00,sample090.mp4,,369.0,372.0,3.0,,,,,,,,,,,,,,,,,
sample090_0372.00_0375.00,sample090.mp4,,372.0,375.0,3.0,,,,,,,,,,,,,,,,,
sample090_0375.00_0378.00,sample090.mp4,,375.0,378.0,3.0,,,,,,,,,,,,,,,,,
sample090_0378.00_0381.00,sample090.mp4,,378.0,381.0,3.0,,,,,,,,,,,,,,,,,
sample090_0381.00_0384.00,sample090.mp4,,381.0,384.0,3.0,,,,,,,,,,,,,,,,,
sample090_0384.00_0387.00,sample090.mp4,,384.0,387.0,3.0,,,,,,,,,,,,,,,,,
sample090_0387.00_0390.00,sample090.mp4,,387.0,390.0,3.0,,,,,,,,,,,,,,,,,
sample090_0390.00_0393.00,sample090.mp4,,390.0,393.0,3.0,,,,,,,,,,,,,,,,,
sample090_0393.00_0396.00,sample090.mp4,,393.0,396.0,3.0,,,,,,,,,,,,,,,,,
sample090_0396.00_0399.00,sample090.mp4,,396.0,399.0,3.0,,,,,,,,,,,,,,,,,
sample090_0399.00_0402.00,sample090.mp4,,399.0,402.0,3.0,,,,,,,,,,,,,,,,,
sample090_0402.00_0405.00,sample090.mp4,,402.0,405.0,3.0,,,,,,,,,,,,,,,,,
sample090_0405.00_0408.00,sample090.mp4,,405.0,408.0,3.0,,,,,,,,,,,,,,,,,
sample090_0408.00_0411.00,sample090.mp4,,408.0,411.0,3.0,,,,,,,,,,,,,,,,,
sample090_0411.00_0414.00,sample090.mp4,,411.0,414.0,3.0,,,,,,,,,,,,,,,,,
sample090_0414.00_0414.84,sample090.mp4,,414.0,414.84,0.84,,,,,,,,,,,,,,,,,
sample091_0000.00_0003.00,sample091.mp4,,0.0,3.0,3.0,,,,,,,,,,,,,,,,,
sample091_0003.00_0006.00,sample091.mp4,,3.0,6.0,3.0,,,,,,,,,,,,,,,,,
sample091_0006.00_0009.00,sample091.mp4,,6.0,9.0,3.0,,,,,,,,,,,,,,,,,
sample091_0009.00_0012.00,sample091.mp4,,9.0,12.0,3.0,,,,,,,,,,,,,,,,,
sample091_0012.00_0015.00,sample091.mp4,,12.0,15.0,3.0,,,,,,,,,,,,,,,,,
sample091_0015.00_0018.00,sample091.mp4,,15.0,18.0,3.0,,,,,,,,,,,,,,,,,
sample091_0018.00_0021.00,sample091.mp4,,18.0,21.0,3.0,,,,,,,,,,,,,,,,,
sample091_0021.00_0024.00,sample091.mp4,,21.0,24.0,3.0,,,,,,,,,,,,,,,,,
sample091_0024.00_0027.00,sample091.mp4,,24.0,27.0,3.0,,,,,,,,,,,,,,,,,
sample091_0027.00_0030.00,sample091.mp4,,27.0,30.0,3.0,,,,,,,,,,,,,,,,,
sample091_0030.00_0033.00,sample091.mp4,,30.0,33.0,3.0,,,,,,,,,,,,,,,,,
sample091_0033.00_0036.00,sample091.mp4,,33.0,36.0,3.0,,,,,,,,,,,,,,,,,
sample091_0036.00_0039.00,sample091.mp4,,36.0,39.0,3.0,,,,,,,,,,,,,,,,,
sample091_0039.00_0042.00,sample091.mp4,,39.0,42.0,3.0,,,,,,,,,,,,,,,,,
sample091_0042.00_0045.00,sample091.mp4,,42.0,45.0,3.0,,,,,,,,,,,,,,,,,
sample091_0045.00_0048.00,sample091.mp4,,45.0,48.0,3.0,,,,,,,,,,,,,,,,,
sample091_0048.00_0051.00,sample091.mp4,,48.0,51.0,3.0,,,,,,,,,,,,,,,,,
sample091_0051.00_0054.00,sample091.mp4,,51.0,54.0,3.0,,,,,,,,,,,,,,,,,
sample091_0054.00_0057.00,sample091.mp4,,54.0,57.0,3.0,,,,,,,,,,,,,,,,,
sample091_0057.00_0060.00,sample091.mp4,,57.0,60.0,3.0,,,,,,,,,,,,,,,,,
sample091_0060.00_0063.00,sample091.mp4,,60.0,63.0,3.0,,,,,,,,,,,,,,,,,
sample091_0063.00_0066.00,sample091.mp4,,63.0,66.0,3.0,,,,,,,,,,,,,,,,,
sample091_0066.00_0069.00,sample091.mp4,,66.0,69.0,3.0,,,,,,,,,,,,,,,,,
sample091_0069.00_0072.00,sample091.mp4,,69.0,72.0,3.0,,,,,,,,,,,,,,,,,
sample091_0072.00_0075.00,sample091.mp4,,72.0,75.0,3.0,,,,,,,,,,,,,,,,,
sample091_0075.00_0078.00,sample091.mp4,,75.0,78.0,3.0,,,,,,,,,,,,,,,,,
sample091_0078.00_0081.00,sample091.mp4,,78.0,81.0,3.0,,,,,,,,,,,,,,,,,
sample091_0081.00_0084.00,sample091.mp4,,81.0,84.0,3.0,,,,,,,,,,,,,,,,,
sample091_0084.00_0087.00,sample091.mp4,,84.0,87.0,3.0,,,,,,,,,,,,,,,,,
sample091_0087.00_0090.00,sample091.mp4,,87.0,90.0,3.0,,,,,,,,,,,,,,,,,
sample091_0090.00_0093.00,sample091.mp4,,90.0,93.0,3.0,,,,,,,,,,,,,,,,,
sample091_0093.00_0096.00,sample091.mp4,,93.0,96.0,3.0,,,,,,,,,,,,,,,,,
sample091_0096.00_0099.00,sample091.mp4,,96.0,99.0,3.0,,,,,,,,,,,,,,,,,
sample091_0099.00_0102.00,sample091.mp4,,99.0,102.0,3.0,,,,,,,,,,,,,,,,,
sample091_0102.00_0105.00,sample091.mp4,,102.0,105.0,3.0,,,,,,,,,,,,,,,,,
sample091_0105.00_0108.00,sample091.mp4,,105.0,108.0,3.0,,,,,,,,,,,,,,,,,
sample091_0108.00_0111.00,sample091.mp4,,108.0,111.0,3.0,,,,,,,,,,,,,,,,,
sample091_0111.00_0114.00,sample091.mp4,,111.0,114.0,3.0,,,,,,,,,,,,,,,,,
sample091_0114.00_0117.00,sample091.mp4,,114.0,117.0,3.0,,,,,,,,,,,,,,,,,
sample091_0117.00_0120.00,sample091.mp4,,117.0,120.0,3.0,,,,,,,,,,,,,,,,,
sample091_0120.00_0123.00,sample091.mp4,,120.0,123.0,3.0,,,,,,,,,,,,,,,,,
sample091_0123.00_0126.00,sample091.mp4,,123.0,126.0,3.0,,,,,,,,,,,,,,,,,
sample091_0126.00_0129.00,sample091.mp4,,126.0,129.0,3.0,,,,,,,,,,,,,,,,,
sample091_0129.00_0132.00,sample091.mp4,,129.0,132.0,3.0,,,,,,,,,,,,,,,,,
sample091_0132.00_0135.00,sample091.mp4,,132.0,135.0,3.0,,,,,,,,,,,,,,,,,
sample091_0135.00_0138.00,sample091.mp4,,135.0,138.0,3.0,,,,,,,,,,,,,,,,,
sample091_0138.00_0141.00,sample091.mp4,,138.0,141.0,3.0,,,,,,,,,,,,,,,,,
sample091_0141.00_0144.00,sample091.mp4,,141.0,144.0,3.0,,,,,,,,,,,,,,,,,
sample091_0144.00_0147.00,sample091.mp4,,144.0,147.0,3.0,,,,,,,,,,,,,,,,,
sample091_0147.00_0150.00,sample091.mp4,,147.0,150.0,3.0,,,,,,,,,,,,,,,,,
sample091_0150.00_0153.00,sample091.mp4,,150.0,153.0,3.0,,,,,,,,,,,,,,,,,
sample091_0153.00_0156.00,sample091.mp4,,153.0,156.0,3.0,,,,,,,,,,,,,,,,,
sample091_0156.00_0159.00,sample091.mp4,,156.0,159.0,3.0,,,,,,,,,,,,,,,,,
sample091_0159.00_0162.00,sample091.mp4,,159.0,162.0,3.0,,,,,,,,,,,,,,,,,
sample091_0162.00_0165.00,sample091.mp4,,162.0,165.0,3.0,,,,,,,,,,,,,,,,,
sample091_0165.00_0168.00,sample091.mp4,,165.0,168.0,3.0,,,,,,,,,,,,,,,,,
sample091_0168.00_0171.00,sample091.mp4,,168.0,171.0,3.0,,,,,,,,,,,,,,,,,
sample091_0171.00_0174.00,sample091.mp4,,171.0,174.0,3.0,,,,,,,,,,,,,,,,,
sample091_0174.00_0177.00,sample091.mp4,,174.0,177.0,3.0,,,,,,,,,,,,,,,,,
sample091_0177.00_0180.00,sample091.mp4,,177.0,180.0,3.0,,,,,,,,,,,,,,,,,
sample091_0180.00_0183.00,sample091.mp4,,180.0,183.0,3.0,,,,,,,,,,,,,,,,,
sample091_0183.00_0186.00,sample091.mp4,,183.0,186.0,3.0,,,,,,,,,,,,,,,,,
sample091_0186.00_0189.00,sample091.mp4,,186.0,189.0,3.0,,,,,,,,,,,,,,,,,
sample091_0189.00_0192.00,sample091.mp4,,189.0,192.0,3.0,,,,,,,,,,,,,,,,,
sample091_0192.00_0195.00,sample091.mp4,,192.0,195.0,3.0,,,,,,,,,,,,,,,,,
sample091_0195.00_0198.00,sample091.mp4,,195.0,198.0,3.0,,,,,,,,,,,,,,,,,
sample091_0198.00_0201.00,sample091.mp4,,198.0,201.0,3.0,,,,,,,,,,,,,,,,,
sample091_0201.00_0204.00,sample091.mp4,,201.0,204.0,3.0,,,,,,,,,,,,,,,,,
sample091_0204.00_0207.00,sample091.mp4,,204.0,207.0,3.0,,,,,,,,,,,,,,,,,
sample091_0207.00_0210.00,sample091.mp4,,207.0,210.0,3.0,,,,,,,,,,,,,,,,,
sample091_0210.00_0213.00,sample091.mp4,,210.0,213.0,3.0,,,,,,,,,,,,,,,,,
sample091_0213.00_0216.00,sample091.mp4,,213.0,216.0,3.0,,,,,,,,,,,,,,,,,
sample091_0216.00_0219.00,sample091.mp4,,216.0,219.0,3.0,,,,,,,,,,,,,,,,,
sample091_0219.00_0222.00,sample091.mp4,,219.0,222.0,3.0,,,,,,,,,,,,,,,,,
sample091_0222.00_0225.00,sample091.mp4,,222.0,225.0,3.0,,,,,,,,,,,,,,,,,
sample091_0225.00_0228.00,sample091.mp4,,225.0,228.0,3.0,,,,,,,,,,,,,,,,,
sample091_0228.00_0231.00,sample091.mp4,,228.0,231.0,3.0,,,,,,,,,,,,,,,,,
sample091_0231.00_0234.00,sample091.mp4,,231.0,234.0,3.0,,,,,,,,,,,,,,,,,
sample091_0234.00_0237.00,sample091.mp4,,234.0,237.0,3.0,,,,,,,,,,,,,,,,,
sample091_0237.00_0240.00,sample091.mp4,,237.0,240.0,3.0,,,,,,,,,,,,,,,,,
sample091_0240.00_0243.00,sample091.mp4,,240.0,243.0,3.0,,,,,,,,,,,,,,,,,
sample091_0243.00_0246.00,sample091.mp4,,243.0,246.0,3.0,,,,,,,,,,,,,,,,,
sample091_0246.00_0249.00,sample091.mp4,,246.0,249.0,3.0,,,,,,,,,,,,,,,,,
sample091_0249.00_0252.00,sample091.mp4,,249.0,252.0,3.0,,,,,,,,,,,,,,,,,
sample091_0252.00_0255.00,sample091.mp4,,252.0,255.0,3.0,,,,,,,,,,,,,,,,,
sample091_0255.00_0258.00,sample091.mp4,,255.0,258.0,3.0,,,,,,,,,,,,,,,,,
sample091_0258.00_0261.00,sample091.mp4,,258.0,261.0,3.0,,,,,,,,,,,,,,,,,
sample091_0261.00_0262.73,sample091.mp4,,261.0,262.73,1.73,,,,,,,,,,,,,,,,,
sample092_0000.00_0003.00,sample092.mp4,,0.0,3.0,3.0,,,,,,,,,,,,,,,,,
sample092_0003.00_0006.00,sample092.mp4,,3.0,6.0,3.0,,,,,,,,,,,,,,,,,
sample092_0006.00_0009.00,sample092.mp4,,6.0,9.0,3.0,,,,,,,,,,,,,,,,,
sample092_0009.00_0012.00,sample092.mp4,,9.0,12.0,3.0,,,,,,,,,,,,,,,,,
sample092_0012.00_0015.00,sample092.mp4,,12.0,15.0,3.0,,,,,,,,,,,,,,,,,
sample092_0015.00_0018.00,sample092.mp4,,15.0,18.0,3.0,,,,,,,,,,,,,,,,,
sample092_0018.00_0021.00,sample092.mp4,,18.0,21.0,3.0,,,,,,,,,,,,,,,,,
sample092_0021.00_0024.00,sample092.mp4,,21.0,24.0,3.0,,,,,,,,,,,,,,,,,
sample092_0024.00_0027.00,sample092.mp4,,24.0,27.0,3.0,,,,,,,,,,,,,,,,,
sample092_0027.00_0030.00,sample092.mp4,,27.0,30.0,3.0,,,,,,,,,,,,,,,,,
sample092_0030.00_0033.00,sample092.mp4,,30.0,33.0,3.0,,,,,,,,,,,,,,,,,
sample092_0033.00_0036.00,sample092.mp4,,33.0,36.0,3.0,,,,,,,,,,,,,,,,,
sample092_0036.00_0039.00,sample092.mp4,,36.0,39.0,3.0,,,,,,,,,,,,,,,,,
sample092_0039.00_0042.00,sample092.mp4,,39.0,42.0,3.0,,,,,,,,,,,,,,,,,
sample092_0042.00_0045.00,sample092.mp4,,42.0,45.0,3.0,,,,,,,,,,,,,,,,,
sample092_0045.00_0048.00,sample092.mp4,,45.0,48.0,3.0,,,,,,,,,,,,,,,,,
sample092_0048.00_0051.00,sample092.mp4,,48.0,51.0,3.0,,,,,,,,,,,,,,,,,
sample092_0051.00_0054.00,sample092.mp4,,51.0,54.0,3.0,,,,,,,,,,,,,,,,,
sample092_0054.00_0057.00,sample092.mp4,,54.0,57.0,3.0,,,,,,,,,,,,,,,,,
sample092_0057.00_0060.00,sample092.mp4,,57.0,60.0,3.0,,,,,,,,,,,,,,,,,
sample092_0060.00_0063.00,sample092.mp4,,60.0,63.0,3.0,,,,,,,,,,,,,,,,,
sample092_0063.00_0066.00,sample092.mp4,,63.0,66.0,3.0,,,,,,,,,,,,,,,,,
sample092_0066.00_0069.00,sample092.mp4,,66.0,69.0,3.0,,,,,,,,,,,,,,,,,
sample092_0069.00_0072.00,sample092.mp4,,69.0,72.0,3.0,,,,,,,,,,,,,,,,,
sample092_0072.00_0075.00,sample092.mp4,,72.0,75.0,3.0,,,,,,,,,,,,,,,,,
sample092_0075.00_0078.00,sample092.mp4,,75.0,78.0,3.0,,,,,,,,,,,,,,,,,
sample092_0078.00_0081.00,sample092.mp4,,78.0,81.0,3.0,,,,,,,,,,,,,,,,,
sample092_0081.00_0084.00,sample092.mp4,,81.0,84.0,3.0,,,,,,,,,,,,,,,,,
sample092_0084.00_0087.00,sample092.mp4,,84.0,87.0,3.0,,,,,,,,,,,,,,,,,
sample092_0087.00_0090.00,sample092.mp4,,87.0,90.0,3.0,,,,,,,,,,,,,,,,,
sample092_0090.00_0093.00,sample092.mp4,,90.0,93.0,3.0,,,,,,,,,,,,,,,,,
sample092_0093.00_0096.00,sample092.mp4,,93.0,96.0,3.0,,,,,,,,,,,,,,,,,
sample092_0096.00_0099.00,sample092.mp4,,96.0,99.0,3.0,,,,,,,,,,,,,,,,,
sample092_0099.00_0102.00,sample092.mp4,,99.0,102.0,3.0,,,,,,,,,,,,,,,,,
sample092_0102.00_0105.00,sample092.mp4,,102.0,105.0,3.0,,,,,,,,,,,,,,,,,
sample092_0105.00_0108.00,sample092.mp4,,105.0,108.0,3.0,,,,,,,,,,,,,,,,,
sample092_0108.00_0111.00,sample092.mp4,,108.0,111.0,3.0,,,,,,,,,,,,,,,,,
sample092_0111.00_0114.00,sample092.mp4,,111.0,114.0,3.0,,,,,,,,,,,,,,,,,
sample092_0114.00_0117.00,sample092.mp4,,114.0,117.0,3.0,,,,,,,,,,,,,,,,,
sample092_0117.00_0120.00,sample092.mp4,,117.0,120.0,3.0,,,,,,,,,,,,,,,,,
sample092_0120.00_0123.00,sample092.mp4,,120.0,123.0,3.0,,,,,,,,,,,,,,,,,
sample092_0123.00_0126.00,sample092.mp4,,123.0,126.0,3.0,,,,,,,,,,,,,,,,,
sample092_0126.00_0129.00,sample092.mp4,,126.0,129.0,3.0,,,,,,,,,,,,,,,,,
sample092_0129.00_0132.00,sample092.mp4,,129.0,132.0,3.0,,,,,,,,,,,,,,,,,
sample092_0132.00_0135.00,sample092.mp4,,132.0,135.0,3.0,,,,,,,,,,,,,,,,,
sample092_0135.00_0138.00,sample092.mp4,,135.0,138.0,3.0,,,,,,,,,,,,,,,,,
sample092_0138.00_0141.00,sample092.mp4,,138.0,141.0,3.0,,,,,,,,,,,,,,,,,
sample092_0141.00_0144.00,sample092.mp4,,141.0,144.0,3.0,,,,,,,,,,,,,,,,,
sample092_0144.00_0147.00,sample092.mp4,,144.0,147.0,3.0,,,,,,,,,,,,,,,,,
sample092_0147.00_0150.00,sample092.mp4,,147.0,150.0,3.0,,,,,,,,,,,,,,,,,
sample092_0150.00_0153.00,sample092.mp4,,150.0,153.0,3.0,,,,,,,,,,,,,,,,,
sample092_0153.00_0156.00,sample092.mp4,,153.0,156.0,3.0,,,,,,,,,,,,,,,,,
sample092_0156.00_0159.00,sample092.mp4,,156.0,159.0,3.0,,,,,,,,,,,,,,,,,
sample092_0159.00_0162.00,sample092.mp4,,159.0,162.0,3.0,,,,,,,,,,,,,,,,,
sample092_0162.00_0165.00,sample092.mp4,,162.0,165.0,3.0,,,,,,,,,,,,,,,,,
sample092_0165.00_0168.00,sample092.mp4,,165.0,168.0,3.0,,,,,,,,,,,,,,,,,
sample092_0168.00_0171.00,sample092.mp4,,168.0,171.0,3.0,,,,,,,,,,,,,,,,,
sample092_0171.00_0174.00,sample092.mp4,,171.0,174.0,3.0,,,,,,,,,,,,,,,,,
sample092_0174.00_0177.00,sample092.mp4,,174.0,177.0,3.0,,,,,,,,,,,,,,,,,
sample092_0177.00_0180.00,sample092.mp4,,177.0,180.0,3.0,,,,,,,,,,,,,,,,,
sample092_0180.00_0183.00,sample092.mp4,,180.0,183.0,3.0,,,,,,,,,,,,,,,,,
sample092_0183.00_0186.00,sample092.mp4,,183.0,186.0,3.0,,,,,,,,,,,,,,,,,
sample092_0186.00_0189.00,sample092.mp4,,186.0,189.0,3.0,,,,,,,,,,,,,,,,,
sample092_0189.00_0192.00,sample092.mp4,,189.0,192.0,3.0,,,,,,,,,,,,,,,,,
sample092_0192.00_0195.00,sample092.mp4,,192.0,195.0,3.0,,,,,,,,,,,,,,,,,
sample092_0195.00_0198.00,sample092.mp4,,195.0,198.0,3.0,,,,,,,,,,,,,,,,,
sample092_0198.00_0201.00,sample092.mp4,,198.0,201.0,3.0,,,,,,,,,,,,,,,,,
sample092_0201.00_0204.00,sample092.mp4,,201.0,204.0,3.0,,,,,,,,,,,,,,,,,
sample092_0204.00_0207.00,sample092.mp4,,204.0,207.0,3.0,,,,,,,,,,,,,,,,,
sample092_0207.00_0210.00,sample092.mp4,,207.0,210.0,3.0,,,,,,,,,,,,,,,,,
sample092_0210.00_0213.00,sample092.mp4,,210.0,213.0,3.0,,,,,,,,,,,,,,,,,
sample092_0213.00_0216.00,sample092.mp4,,213.0,216.0,3.0,,,,,,,,,,,,,,,,,
sample092_0216.00_0219.00,sample092.mp4,,216.0,219.0,3.0,,,,,,,,,,,,,,,,,
sample092_0219.00_0222.00,sample092.mp4,,219.0,222.0,3.0,,,,,,,,,,,,,,,,,
sample092_0222.00_0225.00,sample092.mp4,,222.0,225.0,3.0,,,,,,,,,,,,,,,,,
sample092_0225.00_0228.00,sample092.mp4,,225.0,228.0,3.0,,,,,,,,,,,,,,,,,
sample092_0228.00_0231.00,sample092.mp4,,228.0,231.0,3.0,,,,,,,,,,,,,,,,,
sample092_0231.00_0234.00,sample092.mp4,,231.0,234.0,3.0,,,,,,,,,,,,,,,,,
sample092_0234.00_0237.00,sample092.mp4,,234.0,237.0,3.0,,,,,,,,,,,,,,,,,
sample092_0237.00_0240.00,sample092.mp4,,237.0,240.0,3.0,,,,,,,,,,,,,,,,,
sample092_0240.00_0243.00,sample092.mp4,,240.0,243.0,3.0,,,,,,,,,,,,,,,,,
sample092_0243.00_0246.00,sample092.mp4,,243.0,246.0,3.0,,,,,,,,,,,,,,,,,
sample092_0246.00_0249.00,sample092.mp4,,246.0,249.0,3.0,,,,,,,,,,,,,,,,,
sample092_0249.00_0252.00,sample092.mp4,,249.0,252.0,3.0,,,,,,,,,,,,,,,,,
sample092_0252.00_0255.00,sample092.mp4,,252.0,255.0,3.0,,,,,,,,,,,,,,,,,
sample092_0255.00_0258.00,sample092.mp4,,255.0,258.0,3.0,,,,,,,,,,,,,,,,,
sample092_0258.00_0261.00,sample092.mp4,,258.0,261.0,3.0,,,,,,,,,,,,,,,,,
sample092_0261.00_0264.00,sample092.mp4,,261.0,264.0,3.0,,,,,,,,,,,,,,,,,
sample092_0264.00_0267.00,sample092.mp4,,264.0,267.0,3.0,,,,,,,,,,,,,,,,,
sample092_0267.00_0270.00,sample092.mp4,,267.0,270.0,3.0,,,,,,,,,,,,,,,,,
sample092_0270.00_0273.00,sample092.mp4,,270.0,273.0,3.0,,,,,,,,,,,,,,,,,
sample092_0273.00_0276.00,sample092.mp4,,273.0,276.0,3.0,,,,,,,,,,,,,,,,,
sample092_0276.00_0279.00,sample092.mp4,,276.0,279.0,3.0,,,,,,,,,,,,,,,,,
sample092_0279.00_0282.00,sample092.mp4,,279.0,282.0,3.0,,,,,,,,,,,,,,,,,
sample092_0282.00_0285.00,sample092.mp4,,282.0,285.0,3.0,,,,,,,,,,,,,,,,,
sample092_0285.00_0288.00,sample092.mp4,,285.0,288.0,3.0,,,,,,,,,,,,,,,,,
sample092_0288.00_0291.00,sample092.mp4,,288.0,291.0,3.0,,,,,,,,,,,,,,,,,
sample092_0291.00_0294.00,sample092.mp4,,291.0,294.0,3.0,,,,,,,,,,,,,,,,,
sample092_0294.00_0296.70,sample092.mp4,,294.0,296.7,2.7,,,,,,,,,,,,,,,,,
sample093_0000.00_0003.00,sample093.mp4,,0.0,3.0,3.0,,,,,,,,,,,,,,,,,
sample093_0003.00_0006.00,sample093.mp4,,3.0,6.0,3.0,,,,,,,,,,,,,,,,,
sample093_0006.00_0009.00,sample093.mp4,,6.0,9.0,3.0,,,,,,,,,,,,,,,,,
sample093_0009.00_0012.00,sample093.mp4,,9.0,12.0,3.0,,,,,,,,,,,,,,,,,
sample093_0012.00_0015.00,sample093.mp4,,12.0,15.0,3.0,,,,,,,,,,,,,,,,,
sample093_0015.00_0018.00,sample093.mp4,,15.0,18.0,3.0,,,,,,,,,,,,,,,,,
sample093_0018.00_0021.00,sample093.mp4,,18.0,21.0,3.0,,,,,,,,,,,,,,,,,
sample093_0021.00_0024.00,sample093.mp4,,21.0,24.0,3.0,,,,,,,,,,,,,,,,,
sample093_0024.00_0027.00,sample093.mp4,,24.0,27.0,3.0,,,,,,,,,,,,,,,,,
sample093_0027.00_0030.00,sample093.mp4,,27.0,30.0,3.0,,,,,,,,,,,,,,,,,
sample093_0030.00_0033.00,sample093.mp4,,30.0,33.0,3.0,,,,,,,,,,,,,,,,,
sample093_0033.00_0036.00,sample093.mp4,,33.0,36.0,3.0,,,,,,,,,,,,,,,,,
sample093_0036.00_0039.00,sample093.mp4,,36.0,39.0,3.0,,,,,,,,,,,,,,,,,
sample093_0039.00_0042.00,sample093.mp4,,39.0,42.0,3.0,,,,,,,,,,,,,,,,,
sample093_0042.00_0045.00,sample093.mp4,,42.0,45.0,3.0,,,,,,,,,,,,,,,,,
sample093_0045.00_0048.00,sample093.mp4,,45.0,48.0,3.0,,,,,,,,,,,,,,,,,
sample093_0048.00_0051.00,sample093.mp4,,48.0,51.0,3.0,,,,,,,,,,,,,,,,,
sample093_0051.00_0054.00,sample093.mp4,,51.0,54.0,3.0,,,,,,,,,,,,,,,,,
sample093_0054.00_0057.00,sample093.mp4,,54.0,57.0,3.0,,,,,,,,,,,,,,,,,
sample093_0057.00_0060.00,sample093.mp4,,57.0,60.0,3.0,,,,,,,,,,,,,,,,,
sample093_0060.00_0063.00,sample093.mp4,,60.0,63.0,3.0,,,,,,,,,,,,,,,,,
sample093_0063.00_0066.00,sample093.mp4,,63.0,66.0,3.0,,,,,,,,,,,,,,,,,
sample093_0066.00_0069.00,sample093.mp4,,66.0,69.0,3.0,,,,,,,,,,,,,,,,,
sample093_0069.00_0072.00,sample093.mp4,,69.0,72.0,3.0,,,,,,,,,,,,,,,,,
sample093_0072.00_0075.00,sample093.mp4,,72.0,75.0,3.0,,,,,,,,,,,,,,,,,
sample093_0075.00_0078.00,sample093.mp4,,75.0,78.0,3.0,,,,,,,,,,,,,,,,,
sample093_0078.00_0081.00,sample093.mp4,,78.0,81.0,3.0,,,,,,,,,,,,,,,,,
sample093_0081.00_0084.00,sample093.mp4,,81.0,84.0,3.0,,,,,,,,,,,,,,,,,
sample093_0084.00_0087.00,sample093.mp4,,84.0,87.0,3.0,,,,,,,,,,,,,,,,,
sample093_0087.00_0090.00,sample093.mp4,,87.0,90.0,3.0,,,,,,,,,,,,,,,,,
sample093_0090.00_0093.00,sample093.mp4,,90.0,93.0,3.0,,,,,,,,,,,,,,,,,
sample093_0093.00_0096.00,sample093.mp4,,93.0,96.0,3.0,,,,,,,,,,,,,,,,,
sample093_0096.00_0099.00,sample093.mp4,,96.0,99.0,3.0,,,,,,,,,,,,,,,,,
sample093_0099.00_0102.00,sample093.mp4,,99.0,102.0,3.0,,,,,,,,,,,,,,,,,
sample093_0102.00_0105.00,sample093.mp4,,102.0,105.0,3.0,,,,,,,,,,,,,,,,,
sample093_0105.00_0108.00,sample093.mp4,,105.0,108.0,3.0,,,,,,,,,,,,,,,,,
sample093_0108.00_0111.00,sample093.mp4,,108.0,111.0,3.0,,,,,,,,,,,,,,,,,
sample093_0111.00_0114.00,sample093.mp4,,111.0,114.0,3.0,,,,,,,,,,,,,,,,,
sample093_0114.00_0117.00,sample093.mp4,,114.0,117.0,3.0,,,,,,,,,,,,,,,,,
sample093_0117.00_0120.00,sample093.mp4,,117.0,120.0,3.0,,,,,,,,,,,,,,,,,
sample093_0120.00_0123.00,sample093.mp4,,120.0,123.0,3.0,,,,,,,,,,,,,,,,,
sample093_0123.00_0126.00,sample093.mp4,,123.0,126.0,3.0,,,,,,,,,,,,,,,,,
sample093_0126.00_0129.00,sample093.mp4,,126.0,129.0,3.0,,,,,,,,,,,,,,,,,
sample093_0129.00_0132.00,sample093.mp4,,129.0,132.0,3.0,,,,,,,,,,,,,,,,,
sample093_0132.00_0135.00,sample093.mp4,,132.0,135.0,3.0,,,,,,,,,,,,,,,,,
sample093_0135.00_0138.00,sample093.mp4,,135.0,138.0,3.0,,,,,,,,,,,,,,,,,
sample093_0138.00_0141.00,sample093.mp4,,138.0,141.0,3.0,,,,,,,,,,,,,,,,,
sample093_0141.00_0144.00,sample093.mp4,,141.0,144.0,3.0,,,,,,,,,,,,,,,,,
sample093_0144.00_0147.00,sample093.mp4,,144.0,147.0,3.0,,,,,,,,,,,,,,,,,
sample093_0147.00_0150.00,sample093.mp4,,147.0,150.0,3.0,,,,,,,,,,,,,,,,,
sample093_0150.00_0153.00,sample093.mp4,,150.0,153.0,3.0,,,,,,,,,,,,,,,,,
sample093_0153.00_0156.00,sample093.mp4,,153.0,156.0,3.0,,,,,,,,,,,,,,,,,
sample093_0156.00_0159.00,sample093.mp4,,156.0,159.0,3.0,,,,,,,,,,,,,,,,,
sample093_0159.00_0162.00,sample093.mp4,,159.0,162.0,3.0,,,,,,,,,,,,,,,,,
sample093_0162.00_0165.00,sample093.mp4,,162.0,165.0,3.0,,,,,,,,,,,,,,,,,
sample093_0165.00_0168.00,sample093.mp4,,165.0,168.0,3.0,,,,,,,,,,,,,,,,,
sample093_0168.00_0171.00,sample093.mp4,,168.0,171.0,3.0,,,,,,,,,,,,,,,,,
sample093_0171.00_0174.00,sample093.mp4,,171.0,174.0,3.0,,,,,,,,,,,,,,,,,
sample093_0174.00_0177.00,sample093.mp4,,174.0,177.0,3.0,,,,,,,,,,,,,,,,,
sample093_0177.00_0180.00,sample093.mp4,,177.0,180.0,3.0,,,,,,,,,,,,,,,,,
sample093_0180.00_0183.00,sample093.mp4,,180.0,183.0,3.0,,,,,,,,,,,,,,,,,
sample093_0183.00_0186.00,sample093.mp4,,183.0,186.0,3.0,,,,,,,,,,,,,,,,,
sample093_0186.00_0189.00,sample093.mp4,,186.0,189.0,3.0,,,,,,,,,,,,,,,,,
sample093_0189.00_0192.00,sample093.mp4,,189.0,192.0,3.0,,,,,,,,,,,,,,,,,
sample093_0192.00_0195.00,sample093.mp4,,192.0,195.0,3.0,,,,,,,,,,,,,,,,,
sample093_0195.00_0198.00,sample093.mp4,,195.0,198.0,3.0,,,,,,,,,,,,,,,,,
sample093_0198.00_0201.00,sample093.mp4,,198.0,201.0,3.0,,,,,,,,,,,,,,,,,
sample093_0201.00_0204.00,sample093.mp4,,201.0,204.0,3.0,,,,,,,,,,,,,,,,,
sample093_0204.00_0207.00,sample093.mp4,,204.0,207.0,3.0,,,,,,,,,,,,,,,,,
sample093_0207.00_0210.00,sample093.mp4,,207.0,210.0,3.0,,,,,,,,,,,,,,,,,
sample093_0210.00_0213.00,sample093.mp4,,210.0,213.0,3.0,,,,,,,,,,,,,,,,,
sample093_0213.00_0216.00,sample093.mp4,,213.0,216.0,3.0,,,,,,,,,,,,,,,,,
sample093_0216.00_0219.00,sample093.mp4,,216.0,219.0,3.0,,,,,,,,,,,,,,,,,
sample093_0219.00_0222.00,sample093.mp4,,219.0,222.0,3.0,,,,,,,,,,,,,,,,,
sample093_0222.00_0225.00,sample093.mp4,,222.0,225.0,3.0,,,,,,,,,,,,,,,,,
sample093_0225.00_0228.00,sample093.mp4,,225.0,228.0,3.0,,,,,,,,,,,,,,,,,
sample093_0228.00_0229.17,sample093.mp4,,228.0,229.17,1.17,,,,,,,,,,,,,,,,,
sample094_0000.00_0003.00,sample094.mp4,,0.0,3.0,3.0,,,,,,,,,,,,,,,,,
sample094_0003.00_0006.00,sample094.mp4,,3.0,6.0,3.0,,,,,,,,,,,,,,,,,
sample094_0006.00_0009.00,sample094.mp4,,6.0,9.0,3.0,,,,,,,,,,,,,,,,,
sample094_0009.00_0012.00,sample094.mp4,,9.0,12.0,3.0,,,,,,,,,,,,,,,,,
sample094_0012.00_0015.00,sample094.mp4,,12.0,15.0,3.0,,,,,,,,,,,,,,,,,
sample094_0015.00_0018.00,sample094.mp4,,15.0,18.0,3.0,,,,,,,,,,,,,,,,,
sample094_0018.00_0021.00,sample094.mp4,,18.0,21.0,3.0,,,,,,,,,,,,,,,,,
sample094_0021.00_0024.00,sample094.mp4,,21.0,24.0,3.0,,,,,,,,,,,,,,,,,
sample094_0024.00_0027.00,sample094.mp4,,24.0,27.0,3.0,,,,,,,,,,,,,,,,,
sample094_0027.00_0030.00,sample094.mp4,,27.0,30.0,3.0,,,,,,,,,,,,,,,,,
sample094_0030.00_0033.00,sample094.mp4,,30.0,33.0,3.0,,,,,,,,,,,,,,,,,
sample094_0033.00_0036.00,sample094.mp4,,33.0,36.0,3.0,,,,,,,,,,,,,,,,,
sample094_0036.00_0039.00,sample094.mp4,,36.0,39.0,3.0,,,,,,,,,,,,,,,,,
sample094_0039.00_0042.00,sample094.mp4,,39.0,42.0,3.0,,,,,,,,,,,,,,,,,
sample094_0042.00_0045.00,sample094.mp4,,42.0,45.0,3.0,,,,,,,,,,,,,,,,,
sample094_0045.00_0048.00,sample094.mp4,,45.0,48.0,3.0,,,,,,,,,,,,,,,,,
sample094_0048.00_0051.00,sample094.mp4,,48.0,51.0,3.0,,,,,,,,,,,,,,,,,
sample094_0051.00_0054.00,sample094.mp4,,51.0,54.0,3.0,,,,,,,,,,,,,,,,,
sample094_0054.00_0057.00,sample094.mp4,,54.0,57.0,3.0,,,,,,,,,,,,,,,,,
sample094_0057.00_0060.00,sample094.mp4,,57.0,60.0,3.0,,,,,,,,,,,,,,,,,
sample094_0060.00_0063.00,sample094.mp4,,60.0,63.0,3.0,,,,,,,,,,,,,,,,,
sample094_0063.00_0066.00,sample094.mp4,,63.0,66.0,3.0,,,,,,,,,,,,,,,,,
sample094_0066.00_0069.00,sample094.mp4,,66.0,69.0,3.0,,,,,,,,,,,,,,,,,
sample094_0069.00_0072.00,sample094.mp4,,69.0,72.0,3.0,,,,,,,,,,,,,,,,,
sample094_0072.00_0075.00,sample094.mp4,,72.0,75.0,3.0,,,,,,,,,,,,,,,,,
sample094_0075.00_0078.00,sample094.mp4,,75.0,78.0,3.0,,,,,,,,,,,,,,,,,
sample094_0078.00_0081.00,sample094.mp4,,78.0,81.0,3.0,,,,,,,,,,,,,,,,,
sample094_0081.00_0084.00,sample094.mp4,,81.0,84.0,3.0,,,,,,,,,,,,,,,,,
sample094_0084.00_0087.00,sample094.mp4,,84.0,87.0,3.0,,,,,,,,,,,,,,,,,
sample094_0087.00_0090.00,sample094.mp4,,87.0,90.0,3.0,,,,,,,,,,,,,,,,,
sample094_0090.00_0093.00,sample094.mp4,,90.0,93.0,3.0,,,,,,,,,,,,,,,,,
sample094_0093.00_0096.00,sample094.mp4,,93.0,96.0,3.0,,,,,,,,,,,,,,,,,
sample094_0096.00_0099.00,sample094.mp4,,96.0,99.0,3.0,,,,,,,,,,,,,,,,,
sample094_0099.00_0102.00,sample094.mp4,,99.0,102.0,3.0,,,,,,,,,,,,,,,,,
sample094_0102.00_0105.00,sample094.mp4,,102.0,105.0,3.0,,,,,,,,,,,,,,,,,
sample094_0105.00_0108.00,sample094.mp4,,105.0,108.0,3.0,,,,,,,,,,,,,,,,,
sample094_0108.00_0111.00,sample094.mp4,,108.0,111.0,3.0,,,,,,,,,,,,,,,,,
sample094_0111.00_0114.00,sample094.mp4,,111.0,114.0,3.0,,,,,,,,,,,,,,,,,
sample094_0114.00_0117.00,sample094.mp4,,114.0,117.0,3.0,,,,,,,,,,,,,,,,,
sample094_0117.00_0120.00,sample094.mp4,,117.0,120.0,3.0,,,,,,,,,,,,,,,,,
sample094_0120.00_0123.00,sample094.mp4,,120.0,123.0,3.0,,,,,,,,,,,,,,,,,
sample094_0123.00_0126.00,sample094.mp4,,123.0,126.0,3.0,,,,,,,,,,,,,,,,,
sample094_0126.00_0129.00,sample094.mp4,,126.0,129.0,3.0,,,,,,,,,,,,,,,,,
sample094_0129.00_0132.00,sample094.mp4,,129.0,132.0,3.0,,,,,,,,,,,,,,,,,
sample094_0132.00_0135.00,sample094.mp4,,132.0,135.0,3.0,,,,,,,,,,,,,,,,,
sample094_0135.00_0138.00,sample094.mp4,,135.0,138.0,3.0,,,,,,,,,,,,,,,,,
sample094_0138.00_0141.00,sample094.mp4,,138.0,141.0,3.0,,,,,,,,,,,,,,,,,
sample094_0141.00_0144.00,sample094.mp4,,141.0,144.0,3.0,,,,,,,,,,,,,,,,,
sample094_0144.00_0147.00,sample094.mp4,,144.0,147.0,3.0,,,,,,,,,,,,,,,,,
sample094_0147.00_0150.00,sample094.mp4,,147.0,150.0,3.0,,,,,,,,,,,,,,,,,
sample094_0150.00_0153.00,sample094.mp4,,150.0,153.0,3.0,,,,,,,,,,,,,,,,,
sample094_0153.00_0156.00,sample094.mp4,,153.0,156.0,3.0,,,,,,,,,,,,,,,,,
sample094_0156.00_0159.00,sample094.mp4,,156.0,159.0,3.0,,,,,,,,,,,,,,,,,
sample094_0159.00_0162.00,sample094.mp4,,159.0,162.0,3.0,,,,,,,,,,,,,,,,,
sample094_0162.00_0165.00,sample094.mp4,,162.0,165.0,3.0,,,,,,,,,,,,,,,,,
sample094_0165.00_0168.00,sample094.mp4,,165.0,168.0,3.0,,,,,,,,,,,,,,,,,
sample094_0168.00_0171.00,sample094.mp4,,168.0,171.0,3.0,,,,,,,,,,,,,,,,,
sample094_0171.00_0174.00,sample094.mp4,,171.0,174.0,3.0,,,,,,,,,,,,,,,,,
sample094_0174.00_0177.00,sample094.mp4,,174.0,177.0,3.0,,,,,,,,,,,,,,,,,
sample094_0177.00_0180.00,sample094.mp4,,177.0,180.0,3.0,,,,,,,,,,,,,,,,,
sample094_0180.00_0183.00,sample094.mp4,,180.0,183.0,3.0,,,,,,,,,,,,,,,,,
sample094_0183.00_0186.00,sample094.mp4,,183.0,186.0,3.0,,,,,,,,,,,,,,,,,
sample094_0186.00_0189.00,sample094.mp4,,186.0,189.0,3.0,,,,,,,,,,,,,,,,,
sample094_0189.00_0192.00,sample094.mp4,,189.0,192.0,3.0,,,,,,,,,,,,,,,,,
sample094_0192.00_0195.00,sample094.mp4,,192.0,195.0,3.0,,,,,,,,,,,,,,,,,
sample094_0195.00_0198.00,sample094.mp4,,195.0,198.0,3.0,,,,,,,,,,,,,,,,,
sample094_0198.00_0201.00,sample094.mp4,,198.0,201.0,3.0,,,,,,,,,,,,,,,,,
sample094_0201.00_0203.10,sample094.mp4,,201.0,203.1,2.1,,,,,,,,,,,,,,,,,
sample095_0000.00_0003.00,sample095.mp4,,0.0,3.0,3.0,,,,,,,,,,,,,,,,,
sample095_0003.00_0006.00,sample095.mp4,,3.0,6.0,3.0,,,,,,,,,,,,,,,,,
sample095_0006.00_0009.00,sample095.mp4,,6.0,9.0,3.0,,,,,,,,,,,,,,,,,
sample095_0009.00_0012.00,sample095.mp4,,9.0,12.0,3.0,,,,,,,,,,,,,,,,,
sample095_0012.00_0015.00,sample095.mp4,,12.0,15.0,3.0,,,,,,,,,,,,,,,,,
sample095_0015.00_0018.00,sample095.mp4,,15.0,18.0,3.0,,,,,,,,,,,,,,,,,
sample095_0018.00_0021.00,sample095.mp4,,18.0,21.0,3.0,,,,,,,,,,,,,,,,,
sample095_0021.00_0024.00,sample095.mp4,,21.0,24.0,3.0,,,,,,,,,,,,,,,,,
sample095_0024.00_0027.00,sample095.mp4,,24.0,27.0,3.0,,,,,,,,,,,,,,,,,
sample095_0027.00_0030.00,sample095.mp4,,27.0,30.0,3.0,,,,,,,,,,,,,,,,,
sample095_0030.00_0033.00,sample095.mp4,,30.0,33.0,3.0,,,,,,,,,,,,,,,,,
sample095_0033.00_0036.00,sample095.mp4,,33.0,36.0,3.0,,,,,,,,,,,,,,,,,
sample095_0036.00_0039.00,sample095.mp4,,36.0,39.0,3.0,,,,,,,,,,,,,,,,,
sample095_0039.00_0042.00,sample095.mp4,,39.0,42.0,3.0,,,,,,,,,,,,,,,,,
sample095_0042.00_0045.00,sample095.mp4,,42.0,45.0,3.0,,,,,,,,,,,,,,,,,
sample095_0045.00_0048.00,sample095.mp4,,45.0,48.0,3.0,,,,,,,,,,,,,,,,,
sample095_0048.00_0051.00,sample095.mp4,,48.0,51.0,3.0,,,,,,,,,,,,,,,,,
sample095_0051.00_0054.00,sample095.mp4,,51.0,54.0,3.0,,,,,,,,,,,,,,,,,
sample095_0054.00_0057.00,sample095.mp4,,54.0,57.0,3.0,,,,,,,,,,,,,,,,,
sample095_0057.00_0060.00,sample095.mp4,,57.0,60.0,3.0,,,,,,,,,,,,,,,,,
sample095_0060.00_0063.00,sample095.mp4,,60.0,63.0,3.0,,,,,,,,,,,,,,,,,
sample095_0063.00_0066.00,sample095.mp4,,63.0,66.0,3.0,,,,,,,,,,,,,,,,,
sample095_0066.00_0069.00,sample095.mp4,,66.0,69.0,3.0,,,,,,,,,,,,,,,,,
sample095_0069.00_0072.00,sample095.mp4,,69.0,72.0,3.0,,,,,,,,,,,,,,,,,
sample095_0072.00_0075.00,sample095.mp4,,72.0,75.0,3.0,,,,,,,,,,,,,,,,,
sample095_0075.00_0078.00,sample095.mp4,,75.0,78.0,3.0,,,,,,,,,,,,,,,,,
sample095_0078.00_0081.00,sample095.mp4,,78.0,81.0,3.0,,,,,,,,,,,,,,,,,
sample095_0081.00_0084.00,sample095.mp4,,81.0,84.0,3.0,,,,,,,,,,,,,,,,,
sample095_0084.00_0087.00,sample095.mp4,,84.0,87.0,3.0,,,,,,,,,,,,,,,,,
sample095_0087.00_0090.00,sample095.mp4,,87.0,90.0,3.0,,,,,,,,,,,,,,,,,
sample095_0090.00_0093.00,sample095.mp4,,90.0,93.0,3.0,,,,,,,,,,,,,,,,,
sample095_0093.00_0096.00,sample095.mp4,,93.0,96.0,3.0,,,,,,,,,,,,,,,,,
sample095_0096.00_0099.00,sample095.mp4,,96.0,99.0,3.0,,,,,,,,,,,,,,,,,
sample095_0099.00_0102.00,sample095.mp4,,99.0,102.0,3.0,,,,,,,,,,,,,,,,,
sample095_0102.00_0105.00,sample095.mp4,,102.0,105.0,3.0,,,,,,,,,,,,,,,,,
sample095_0105.00_0108.00,sample095.mp4,,105.0,108.0,3.0,,,,,,,,,,,,,,,,,
sample095_0108.00_0111.00,sample095.mp4,,108.0,111.0,3.0,,,,,,,,,,,,,,,,,
sample095_0111.00_0114.00,sample095.mp4,,111.0,114.0,3.0,,,,,,,,,,,,,,,,,
sample095_0114.00_0117.00,sample095.mp4,,114.0,117.0,3.0,,,,,,,,,,,,,,,,,
sample095_0117.00_0120.00,sample095.mp4,,117.0,120.0,3.0,,,,,,,,,,,,,,,,,
sample095_0120.00_0123.00,sample095.mp4,,120.0,123.0,3.0,,,,,,,,,,,,,,,,,
sample095_0123.00_0126.00,sample095.mp4,,123.0,126.0,3.0,,,,,,,,,,,,,,,,,
sample095_0126.00_0129.00,sample095.mp4,,126.0,129.0,3.0,,,,,,,,,,,,,,,,,
sample095_0129.00_0132.00,sample095.mp4,,129.0,132.0,3.0,,,,,,,,,,,,,,,,,
sample095_0132.00_0135.00,sample095.mp4,,132.0,135.0,3.0,,,,,,,,,,,,,,,,,
sample095_0135.00_0138.00,sample095.mp4,,135.0,138.0,3.0,,,,,,,,,,,,,,,,,
sample095_0138.00_0141.00,sample095.mp4,,138.0,141.0,3.0,,,,,,,,,,,,,,,,,
sample095_0141.00_0144.00,sample095.mp4,,141.0,144.0,3.0,,,,,,,,,,,,,,,,,
sample095_0144.00_0147.00,sample095.mp4,,144.0,147.0,3.0,,,,,,,,,,,,,,,,,
sample095_0147.00_0150.00,sample095.mp4,,147.0,150.0,3.0,,,,,,,,,,,,,,,,,
sample095_0150.00_0153.00,sample095.mp4,,150.0,153.0,3.0,,,,,,,,,,,,,,,,,
sample095_0153.00_0156.00,sample095.mp4,,153.0,156.0,3.0,,,,,,,,,,,,,,,,,
sample095_0156.00_0159.00,sample095.mp4,,156.0,159.0,3.0,,,,,,,,,,,,,,,,,
sample095_0159.00_0162.00,sample095.mp4,,159.0,162.0,3.0,,,,,,,,,,,,,,,,,
sample095_0162.00_0165.00,sample095.mp4,,162.0,165.0,3.0,,,,,,,,,,,,,,,,,
sample095_0165.00_0168.00,sample095.mp4,,165.0,168.0,3.0,,,,,,,,,,,,,,,,,
sample095_0168.00_0171.00,sample095.mp4,,168.0,171.0,3.0,,,,,,,,,,,,,,,,,
sample095_0171.00_0174.00,sample095.mp4,,171.0,174.0,3.0,,,,,,,,,,,,,,,,,
sample095_0174.00_0177.00,sample095.mp4,,174.0,177.0,3.0,,,,,,,,,,,,,,,,,
sample095_0177.00_0180.00,sample095.mp4,,177.0,180.0,3.0,,,,,,,,,,,,,,,,,
sample095_0180.00_0183.00,sample095.mp4,,180.0,183.0,3.0,,,,,,,,,,,,,,,,,
sample095_0183.00_0186.00,sample095.mp4,,183.0,186.0,3.0,,,,,,,,,,,,,,,,,
sample095_0186.00_0189.00,sample095.mp4,,186.0,189.0,3.0,,,,,,,,,,,,,,,,,
sample095_0189.00_0192.00,sample095.mp4,,189.0,192.0,3.0,,,,,,,,,,,,,,,,,
sample095_0192.00_0195.00,sample095.mp4,,192.0,195.0,3.0,,,,,,,,,,,,,,,,,
sample095_0195.00_0198.00,sample095.mp4,,195.0,198.0,3.0,,,,,,,,,,,,,,,,,
sample095_0198.00_0201.00,sample095.mp4,,198.0,201.0,3.0,,,,,,,,,,,,,,,,,
sample095_0201.00_0204.00,sample095.mp4,,201.0,204.0,3.0,,,,,,,,,,,,,,,,,
sample095_0204.00_0207.00,sample095.mp4,,204.0,207.0,3.0,,,,,,,,,,,,,,,,,
sample095_0207.00_0210.00,sample095.mp4,,207.0,210.0,3.0,,,,,,,,,,,,,,,,,
sample095_0210.00_0213.00,sample095.mp4,,210.0,213.0,3.0,,,,,,,,,,,,,,,,,
sample095_0213.00_0216.00,sample095.mp4,,213.0,216.0,3.0,,,,,,,,,,,,,,,,,
sample095_0216.00_0219.00,sample095.mp4,,216.0,219.0,3.0,,,,,,,,,,,,,,,,,
sample095_0219.00_0222.00,sample095.mp4,,219.0,222.0,3.0,,,,,,,,,,,,,,,,,
sample095_0222.00_0225.00,sample095.mp4,,222.0,225.0,3.0,,,,,,,,,,,,,,,,,
sample095_0225.00_0228.00,sample095.mp4,,225.0,228.0,3.0,,,,,,,,,,,,,,,,,
sample095_0228.00_0231.00,sample095.mp4,,228.0,231.0,3.0,,,,,,,,,,,,,,,,,
sample095_0231.00_0234.00,sample095.mp4,,231.0,234.0,3.0,,,,,,,,,,,,,,,,,
sample095_0234.00_0237.00,sample095.mp4,,234.0,237.0,3.0,,,,,,,,,,,,,,,,,
sample095_0237.00_0240.00,sample095.mp4,,237.0,240.0,3.0,,,,,,,,,,,,,,,,,
sample095_0240.00_0243.00,sample095.mp4,,240.0,243.0,3.0,,,,,,,,,,,,,,,,,
sample095_0243.00_0246.00,sample095.mp4,,243.0,246.0,3.0,,,,,,,,,,,,,,,,,
sample095_0246.00_0249.00,sample095.mp4,,246.0,249.0,3.0,,,,,,,,,,,,,,,,,
sample095_0249.00_0252.00,sample095.mp4,,249.0,252.0,3.0,,,,,,,,,,,,,,,,,
sample095_0252.00_0255.00,sample095.mp4,,252.0,255.0,3.0,,,,,,,,,,,,,,,,,
sample095_0255.00_0258.00,sample095.mp4,,255.0,258.0,3.0,,,,,,,,,,,,,,,,,
sample095_0258.00_0261.00,sample095.mp4,,258.0,261.0,3.0,,,,,,,,,,,,,,,,,
sample095_0261.00_0264.00,sample095.mp4,,261.0,264.0,3.0,,,,,,,,,,,,,,,,,
sample095_0264.00_0267.00,sample095.mp4,,264.0,267.0,3.0,,,,,,,,,,,,,,,,,
sample095_0267.00_0270.00,sample095.mp4,,267.0,270.0,3.0,,,,,,,,,,,,,,,,,
sample095_0270.00_0273.00,sample095.mp4,,270.0,273.0,3.0,,,,,,,,,,,,,,,,,
sample095_0273.00_0276.00,sample095.mp4,,273.0,276.0,3.0,,,,,,,,,,,,,,,,,
sample095_0276.00_0279.00,sample095.mp4,,276.0,279.0,3.0,,,,,,,,,,,,,,,,,
sample095_0279.00_0282.00,sample095.mp4,,279.0,282.0,3.0,,,,,,,,,,,,,,,,,
sample095_0282.00_0285.00,sample095.mp4,,282.0,285.0,3.0,,,,,,,,,,,,,,,,,
sample095_0285.00_0288.00,sample095.mp4,,285.0,288.0,3.0,,,,,,,,,,,,,,,,,
sample095_0288.00_0291.00,sample095.mp4,,288.0,291.0,3.0,,,,,,,,,,,,,,,,,
sample095_0291.00_0294.00,sample095.mp4,,291.0,294.0,3.0,,,,,,,,,,,,,,,,,
sample095_0294.00_0296.77,sample095.mp4,,294.0,296.77,2.77,,,,,,,,,,,,,,,,,
sample096_0000.00_0003.00,sample096.mp4,,0.0,3.0,3.0,,,,,,,,,,,,,,,,,
sample096_0003.00_0006.00,sample096.mp4,,3.0,6.0,3.0,,,,,,,,,,,,,,,,,
sample096_0006.00_0009.00,sample096.mp4,,6.0,9.0,3.0,,,,,,,,,,,,,,,,,
sample096_0009.00_0012.00,sample096.mp4,,9.0,12.0,3.0,,,,,,,,,,,,,,,,,
sample096_0012.00_0015.00,sample096.mp4,,12.0,15.0,3.0,,,,,,,,,,,,,,,,,
sample096_0015.00_0018.00,sample096.mp4,,15.0,18.0,3.0,,,,,,,,,,,,,,,,,
sample096_0018.00_0021.00,sample096.mp4,,18.0,21.0,3.0,,,,,,,,,,,,,,,,,
sample096_0021.00_0024.00,sample096.mp4,,21.0,24.0,3.0,,,,,,,,,,,,,,,,,
sample096_0024.00_0027.00,sample096.mp4,,24.0,27.0,3.0,,,,,,,,,,,,,,,,,
sample096_0027.00_0030.00,sample096.mp4,,27.0,30.0,3.0,,,,,,,,,,,,,,,,,
sample096_0030.00_0033.00,sample096.mp4,,30.0,33.0,3.0,,,,,,,,,,,,,,,,,
sample096_0033.00_0036.00,sample096.mp4,,33.0,36.0,3.0,,,,,,,,,,,,,,,,,
sample096_0036.00_0039.00,sample096.mp4,,36.0,39.0,3.0,,,,,,,,,,,,,,,,,
sample096_0039.00_0042.00,sample096.mp4,,39.0,42.0,3.0,,,,,,,,,,,,,,,,,
sample096_0042.00_0045.00,sample096.mp4,,42.0,45.0,3.0,,,,,,,,,,,,,,,,,
sample096_0045.00_0048.00,sample096.mp4,,45.0,48.0,3.0,,,,,,,,,,,,,,,,,
sample096_0048.00_0051.00,sample096.mp4,,48.0,51.0,3.0,,,,,,,,,,,,,,,,,
sample096_0051.00_0054.00,sample096.mp4,,51.0,54.0,3.0,,,,,,,,,,,,,,,,,
sample096_0054.00_0057.00,sample096.mp4,,54.0,57.0,3.0,,,,,,,,,,,,,,,,,
sample096_0057.00_0060.00,sample096.mp4,,57.0,60.0,3.0,,,,,,,,,,,,,,,,,
sample096_0060.00_0063.00,sample096.mp4,,60.0,63.0,3.0,,,,,,,,,,,,,,,,,
sample096_0063.00_0066.00,sample096.mp4,,63.0,66.0,3.0,,,,,,,,,,,,,,,,,
sample096_0066.00_0069.00,sample096.mp4,,66.0,69.0,3.0,,,,,,,,,,,,,,,,,
sample096_0069.00_0072.00,sample096.mp4,,69.0,72.0,3.0,,,,,,,,,,,,,,,,,
sample096_0072.00_0075.00,sample096.mp4,,72.0,75.0,3.0,,,,,,,,,,,,,,,,,
sample096_0075.00_0078.00,sample096.mp4,,75.0,78.0,3.0,,,,,,,,,,,,,,,,,
sample096_0078.00_0081.00,sample096.mp4,,78.0,81.0,3.0,,,,,,,,,,,,,,,,,
sample096_0081.00_0084.00,sample096.mp4,,81.0,84.0,3.0,,,,,,,,,,,,,,,,,
sample096_0084.00_0087.00,sample096.mp4,,84.0,87.0,3.0,,,,,,,,,,,,,,,,,
sample096_0087.00_0090.00,sample096.mp4,,87.0,90.0,3.0,,,,,,,,,,,,,,,,,
sample096_0090.00_0093.00,sample096.mp4,,90.0,93.0,3.0,,,,,,,,,,,,,,,,,
sample096_0093.00_0096.00,sample096.mp4,,93.0,96.0,3.0,,,,,,,,,,,,,,,,,
sample096_0096.00_0099.00,sample096.mp4,,96.0,99.0,3.0,,,,,,,,,,,,,,,,,
sample096_0099.00_0102.00,sample096.mp4,,99.0,102.0,3.0,,,,,,,,,,,,,,,,,
sample096_0102.00_0105.00,sample096.mp4,,102.0,105.0,3.0,,,,,,,,,,,,,,,,,
sample096_0105.00_0108.00,sample096.mp4,,105.0,108.0,3.0,,,,,,,,,,,,,,,,,
sample096_0108.00_0111.00,sample096.mp4,,108.0,111.0,3.0,,,,,,,,,,,,,,,,,
sample096_0111.00_0114.00,sample096.mp4,,111.0,114.0,3.0,,,,,,,,,,,,,,,,,
sample096_0114.00_0117.00,sample096.mp4,,114.0,117.0,3.0,,,,,,,,,,,,,,,,,
sample096_0117.00_0120.00,sample096.mp4,,117.0,120.0,3.0,,,,,,,,,,,,,,,,,
sample096_0120.00_0123.00,sample096.mp4,,120.0,123.0,3.0,,,,,,,,,,,,,,,,,
sample096_0123.00_0126.00,sample096.mp4,,123.0,126.0,3.0,,,,,,,,,,,,,,,,,
sample096_0126.00_0129.00,sample096.mp4,,126.0,129.0,3.0,,,,,,,,,,,,,,,,,
sample096_0129.00_0132.00,sample096.mp4,,129.0,132.0,3.0,,,,,,,,,,,,,,,,,
sample096_0132.00_0135.00,sample096.mp4,,132.0,135.0,3.0,,,,,,,,,,,,,,,,,
sample096_0135.00_0138.00,sample096.mp4,,135.0,138.0,3.0,,,,,,,,,,,,,,,,,
sample096_0138.00_0141.00,sample096.mp4,,138.0,141.0,3.0,,,,,,,,,,,,,,,,,
sample096_0141.00_0144.00,sample096.mp4,,141.0,144.0,3.0,,,,,,,,,,,,,,,,,
sample096_0144.00_0147.00,sample096.mp4,,144.0,147.0,3.0,,,,,,,,,,,,,,,,,
sample096_0147.00_0150.00,sample096.mp4,,147.0,150.0,3.0,,,,,,,,,,,,,,,,,
sample096_0150.00_0153.00,sample096.mp4,,150.0,153.0,3.0,,,,,,,,,,,,,,,,,
sample096_0153.00_0156.00,sample096.mp4,,153.0,156.0,3.0,,,,,,,,,,,,,,,,,
sample096_0156.00_0159.00,sample096.mp4,,156.0,159.0,3.0,,,,,,,,,,,,,,,,,
sample096_0159.00_0162.00,sample096.mp4,,159.0,162.0,3.0,,,,,,,,,,,,,,,,,
sample096_0162.00_0165.00,sample096.mp4,,162.0,165.0,3.0,,,,,,,,,,,,,,,,,
sample096_0165.00_0168.00,sample096.mp4,,165.0,168.0,3.0,,,,,,,,,,,,,,,,,
sample096_0168.00_0171.00,sample096.mp4,,168.0,171.0,3.0,,,,,,,,,,,,,,,,,
sample096_0171.00_0174.00,sample096.mp4,,171.0,174.0,3.0,,,,,,,,,,,,,,,,,
sample096_0174.00_0177.00,sample096.mp4,,174.0,177.0,3.0,,,,,,,,,,,,,,,,,
sample096_0177.00_0180.00,sample096.mp4,,177.0,180.0,3.0,,,,,,,,,,,,,,,,,
sample096_0180.00_0183.00,sample096.mp4,,180.0,183.0,3.0,,,,,,,,,,,,,,,,,
sample096_0183.00_0186.00,sample096.mp4,,183.0,186.0,3.0,,,,,,,,,,,,,,,,,
sample096_0186.00_0189.00,sample096.mp4,,186.0,189.0,3.0,,,,,,,,,,,,,,,,,
sample096_0189.00_0192.00,sample096.mp4,,189.0,192.0,3.0,,,,,,,,,,,,,,,,,
sample096_0192.00_0195.00,sample096.mp4,,192.0,195.0,3.0,,,,,,,,,,,,,,,,,
sample096_0195.00_0198.00,sample096.mp4,,195.0,198.0,3.0,,,,,,,,,,,,,,,,,
sample096_0198.00_0201.00,sample096.mp4,,198.0,201.0,3.0,,,,,,,,,,,,,,,,,
sample096_0201.00_0204.00,sample096.mp4,,201.0,204.0,3.0,,,,,,,,,,,,,,,,,
sample096_0204.00_0207.00,sample096.mp4,,204.0,207.0,3.0,,,,,,,,,,,,,,,,,
sample096_0207.00_0210.00,sample096.mp4,,207.0,210.0,3.0,,,,,,,,,,,,,,,,,
sample096_0210.00_0213.00,sample096.mp4,,210.0,213.0,3.0,,,,,,,,,,,,,,,,,
sample096_0213.00_0216.00,sample096.mp4,,213.0,216.0,3.0,,,,,,,,,,,,,,,,,
sample096_0216.00_0217.12,sample096.mp4,,216.0,217.12,1.12,,,,,,,,,,,,,,,,,
sample097_0000.00_0003.00,sample097.mp4,,0.0,3.0,3.0,,,,,,,,,,,,,,,,,
sample097_0003.00_0006.00,sample097.mp4,,3.0,6.0,3.0,,,,,,,,,,,,,,,,,
sample097_0006.00_0009.00,sample097.mp4,,6.0,9.0,3.0,,,,,,,,,,,,,,,,,
sample097_0009.00_0012.00,sample097.mp4,,9.0,12.0,3.0,,,,,,,,,,,,,,,,,
sample097_0012.00_0015.00,sample097.mp4,,12.0,15.0,3.0,,,,,,,,,,,,,,,,,
sample097_0015.00_0018.00,sample097.mp4,,15.0,18.0,3.0,,,,,,,,,,,,,,,,,
sample097_0018.00_0021.00,sample097.mp4,,18.0,21.0,3.0,,,,,,,,,,,,,,,,,
sample097_0021.00_0024.00,sample097.mp4,,21.0,24.0,3.0,,,,,,,,,,,,,,,,,
sample097_0024.00_0027.00,sample097.mp4,,24.0,27.0,3.0,,,,,,,,,,,,,,,,,
sample097_0027.00_0030.00,sample097.mp4,,27.0,30.0,3.0,,,,,,,,,,,,,,,,,
sample097_0030.00_0033.00,sample097.mp4,,30.0,33.0,3.0,,,,,,,,,,,,,,,,,
sample097_0033.00_0036.00,sample097.mp4,,33.0,36.0,3.0,,,,,,,,,,,,,,,,,
sample097_0036.00_0039.00,sample097.mp4,,36.0,39.0,3.0,,,,,,,,,,,,,,,,,
sample097_0039.00_0042.00,sample097.mp4,,39.0,42.0,3.0,,,,,,,,,,,,,,,,,
sample097_0042.00_0045.00,sample097.mp4,,42.0,45.0,3.0,,,,,,,,,,,,,,,,,
sample097_0045.00_0048.00,sample097.mp4,,45.0,48.0,3.0,,,,,,,,,,,,,,,,,
sample097_0048.00_0051.00,sample097.mp4,,48.0,51.0,3.0,,,,,,,,,,,,,,,,,
sample097_0051.00_0054.00,sample097.mp4,,51.0,54.0,3.0,,,,,,,,,,,,,,,,,
sample097_0054.00_0057.00,sample097.mp4,,54.0,57.0,3.0,,,,,,,,,,,,,,,,,
sample097_0057.00_0060.00,sample097.mp4,,57.0,60.0,3.0,,,,,,,,,,,,,,,,,
sample097_0060.00_0063.00,sample097.mp4,,60.0,63.0,3.0,,,,,,,,,,,,,,,,,
sample097_0063.00_0066.00,sample097.mp4,,63.0,66.0,3.0,,,,,,,,,,,,,,,,,
sample097_0066.00_0069.00,sample097.mp4,,66.0,69.0,3.0,,,,,,,,,,,,,,,,,
sample097_0069.00_0072.00,sample097.mp4,,69.0,72.0,3.0,,,,,,,,,,,,,,,,,
sample097_0072.00_0075.00,sample097.mp4,,72.0,75.0,3.0,,,,,,,,,,,,,,,,,
sample097_0075.00_0078.00,sample097.mp4,,75.0,78.0,3.0,,,,,,,,,,,,,,,,,
sample097_0078.00_0081.00,sample097.mp4,,78.0,81.0,3.0,,,,,,,,,,,,,,,,,
sample097_0081.00_0084.00,sample097.mp4,,81.0,84.0,3.0,,,,,,,,,,,,,,,,,
sample097_0084.00_0087.00,sample097.mp4,,84.0,87.0,3.0,,,,,,,,,,,,,,,,,
sample097_0087.00_0090.00,sample097.mp4,,87.0,90.0,3.0,,,,,,,,,,,,,,,,,
sample097_0090.00_0093.00,sample097.mp4,,90.0,93.0,3.0,,,,,,,,,,,,,,,,,
sample097_0093.00_0096.00,sample097.mp4,,93.0,96.0,3.0,,,,,,,,,,,,,,,,,
sample097_0096.00_0099.00,sample097.mp4,,96.0,99.0,3.0,,,,,,,,,,,,,,,,,
sample097_0099.00_0102.00,sample097.mp4,,99.0,102.0,3.0,,,,,,,,,,,,,,,,,
sample097_0102.00_0105.00,sample097.mp4,,102.0,105.0,3.0,,,,,,,,,,,,,,,,,
sample097_0105.00_0108.00,sample097.mp4,,105.0,108.0,3.0,,,,,,,,,,,,,,,,,
sample097_0108.00_0111.00,sample097.mp4,,108.0,111.0,3.0,,,,,,,,,,,,,,,,,
sample097_0111.00_0114.00,sample097.mp4,,111.0,114.0,3.0,,,,,,,,,,,,,,,,,
sample097_0114.00_0117.00,sample097.mp4,,114.0,117.0,3.0,,,,,,,,,,,,,,,,,
sample097_0117.00_0120.00,sample097.mp4,,117.0,120.0,3.0,,,,,,,,,,,,,,,,,
sample097_0120.00_0123.00,sample097.mp4,,120.0,123.0,3.0,,,,,,,,,,,,,,,,,
sample097_0123.00_0126.00,sample097.mp4,,123.0,126.0,3.0,,,,,,,,,,,,,,,,,
sample097_0126.00_0129.00,sample097.mp4,,126.0,129.0,3.0,,,,,,,,,,,,,,,,,
sample097_0129.00_0132.00,sample097.mp4,,129.0,132.0,3.0,,,,,,,,,,,,,,,,,
sample097_0132.00_0135.00,sample097.mp4,,132.0,135.0,3.0,,,,,,,,,,,,,,,,,
sample097_0135.00_0138.00,sample097.mp4,,135.0,138.0,3.0,,,,,,,,,,,,,,,,,
sample097_0138.00_0141.00,sample097.mp4,,138.0,141.0,3.0,,,,,,,,,,,,,,,,,
sample097_0141.00_0144.00,sample097.mp4,,141.0,144.0,3.0,,,,,,,,,,,,,,,,,
sample097_0144.00_0147.00,sample097.mp4,,144.0,147.0,3.0,,,,,,,,,,,,,,,,,
sample097_0147.00_0150.00,sample097.mp4,,147.0,150.0,3.0,,,,,,,,,,,,,,,,,
sample097_0150.00_0153.00,sample097.mp4,,150.0,153.0,3.0,,,,,,,,,,,,,,,,,
sample097_0153.00_0156.00,sample097.mp4,,153.0,156.0,3.0,,,,,,,,,,,,,,,,,
sample097_0156.00_0159.00,sample097.mp4,,156.0,159.0,3.0,,,,,,,,,,,,,,,,,
sample097_0159.00_0162.00,sample097.mp4,,159.0,162.0,3.0,,,,,,,,,,,,,,,,,
sample097_0162.00_0165.00,sample097.mp4,,162.0,165.0,3.0,,,,,,,,,,,,,,,,,
sample097_0165.00_0168.00,sample097.mp4,,165.0,168.0,3.0,,,,,,,,,,,,,,,,,
sample097_0168.00_0171.00,sample097.mp4,,168.0,171.0,3.0,,,,,,,,,,,,,,,,,
sample097_0171.00_0174.00,sample097.mp4,,171.0,174.0,3.0,,,,,,,,,,,,,,,,,
sample097_0174.00_0177.00,sample097.mp4,,174.0,177.0,3.0,,,,,,,,,,,,,,,,,
sample097_0177.00_0180.00,sample097.mp4,,177.0,180.0,3.0,,,,,,,,,,,,,,,,,
sample097_0180.00_0183.00,sample097.mp4,,180.0,183.0,3.0,,,,,,,,,,,,,,,,,
sample097_0183.00_0186.00,sample097.mp4,,183.0,186.0,3.0,,,,,,,,,,,,,,,,,
sample097_0186.00_0189.00,sample097.mp4,,186.0,189.0,3.0,,,,,,,,,,,,,,,,,
sample097_0189.00_0192.00,sample097.mp4,,189.0,192.0,3.0,,,,,,,,,,,,,,,,,
sample097_0192.00_0195.00,sample097.mp4,,192.0,195.0,3.0,,,,,,,,,,,,,,,,,
sample097_0195.00_0198.00,sample097.mp4,,195.0,198.0,3.0,,,,,,,,,,,,,,,,,
sample097_0198.00_0201.00,sample097.mp4,,198.0,201.0,3.0,,,,,,,,,,,,,,,,,
sample097_0201.00_0204.00,sample097.mp4,,201.0,204.0,3.0,,,,,,,,,,,,,,,,,
sample097_0204.00_0207.00,sample097.mp4,,204.0,207.0,3.0,,,,,,,,,,,,,,,,,
sample097_0207.00_0210.00,sample097.mp4,,207.0,210.0,3.0,,,,,,,,,,,,,,,,,
sample097_0210.00_0213.00,sample097.mp4,,210.0,213.0,3.0,,,,,,,,,,,,,,,,,
sample097_0213.00_0213.65,sample097.mp4,,213.0,213.65,0.65,,,,,,,,,,,,,,,,,
sample098_0000.00_0003.00,sample098.mp4,,0.0,3.0,3.0,,,,,,,,,,,,,,,,,
sample098_0003.00_0006.00,sample098.mp4,,3.0,6.0,3.0,,,,,,,,,,,,,,,,,
sample098_0006.00_0009.00,sample098.mp4,,6.0,9.0,3.0,,,,,,,,,,,,,,,,,
sample098_0009.00_0012.00,sample098.mp4,,9.0,12.0,3.0,,,,,,,,,,,,,,,,,
sample098_0012.00_0015.00,sample098.mp4,,12.0,15.0,3.0,,,,,,,,,,,,,,,,,
sample098_0015.00_0018.00,sample098.mp4,,15.0,18.0,3.0,,,,,,,,,,,,,,,,,
sample098_0018.00_0021.00,sample098.mp4,,18.0,21.0,3.0,,,,,,,,,,,,,,,,,
sample098_0021.00_0024.00,sample098.mp4,,21.0,24.0,3.0,,,,,,,,,,,,,,,,,
sample098_0024.00_0027.00,sample098.mp4,,24.0,27.0,3.0,,,,,,,,,,,,,,,,,
sample098_0027.00_0030.00,sample098.mp4,,27.0,30.0,3.0,,,,,,,,,,,,,,,,,
sample098_0030.00_0033.00,sample098.mp4,,30.0,33.0,3.0,,,,,,,,,,,,,,,,,
sample098_0033.00_0036.00,sample098.mp4,,33.0,36.0,3.0,,,,,,,,,,,,,,,,,
sample098_0036.00_0039.00,sample098.mp4,,36.0,39.0,3.0,,,,,,,,,,,,,,,,,
sample098_0039.00_0042.00,sample098.mp4,,39.0,42.0,3.0,,,,,,,,,,,,,,,,,
sample098_0042.00_0045.00,sample098.mp4,,42.0,45.0,3.0,,,,,,,,,,,,,,,,,
sample098_0045.00_0048.00,sample098.mp4,,45.0,48.0,3.0,,,,,,,,,,,,,,,,,
sample098_0048.00_0051.00,sample098.mp4,,48.0,51.0,3.0,,,,,,,,,,,,,,,,,
sample098_0051.00_0054.00,sample098.mp4,,51.0,54.0,3.0,,,,,,,,,,,,,,,,,
sample098_0054.00_0057.00,sample098.mp4,,54.0,57.0,3.0,,,,,,,,,,,,,,,,,
sample098_0057.00_0060.00,sample098.mp4,,57.0,60.0,3.0,,,,,,,,,,,,,,,,,
sample098_0060.00_0063.00,sample098.mp4,,60.0,63.0,3.0,,,,,,,,,,,,,,,,,
sample098_0063.00_0066.00,sample098.mp4,,63.0,66.0,3.0,,,,,,,,,,,,,,,,,
sample098_0066.00_0069.00,sample098.mp4,,66.0,69.0,3.0,,,,,,,,,,,,,,,,,
sample098_0069.00_0072.00,sample098.mp4,,69.0,72.0,3.0,,,,,,,,,,,,,,,,,
sample098_0072.00_0075.00,sample098.mp4,,72.0,75.0,3.0,,,,,,,,,,,,,,,,,
sample098_0075.00_0078.00,sample098.mp4,,75.0,78.0,3.0,,,,,,,,,,,,,,,,,
sample098_0078.00_0081.00,sample098.mp4,,78.0,81.0,3.0,,,,,,,,,,,,,,,,,
sample098_0081.00_0084.00,sample098.mp4,,81.0,84.0,3.0,,,,,,,,,,,,,,,,,
sample098_0084.00_0087.00,sample098.mp4,,84.0,87.0,3.0,,,,,,,,,,,,,,,,,
sample098_0087.00_0090.00,sample098.mp4,,87.0,90.0,3.0,,,,,,,,,,,,,,,,,
sample098_0090.00_0093.00,sample098.mp4,,90.0,93.0,3.0,,,,,,,,,,,,,,,,,
sample098_0093.00_0096.00,sample098.mp4,,93.0,96.0,3.0,,,,,,,,,,,,,,,,,
sample098_0096.00_0099.00,sample098.mp4,,96.0,99.0,3.0,,,,,,,,,,,,,,,,,
sample098_0099.00_0102.00,sample098.mp4,,99.0,102.0,3.0,,,,,,,,,,,,,,,,,
sample098_0102.00_0105.00,sample098.mp4,,102.0,105.0,3.0,,,,,,,,,,,,,,,,,
sample098_0105.00_0108.00,sample098.mp4,,105.0,108.0,3.0,,,,,,,,,,,,,,,,,
sample098_0108.00_0111.00,sample098.mp4,,108.0,111.0,3.0,,,,,,,,,,,,,,,,,
sample098_0111.00_0114.00,sample098.mp4,,111.0,114.0,3.0,,,,,,,,,,,,,,,,,
sample098_0114.00_0117.00,sample098.mp4,,114.0,117.0,3.0,,,,,,,,,,,,,,,,,
sample098_0117.00_0120.00,sample098.mp4,,117.0,120.0,3.0,,,,,,,,,,,,,,,,,
sample098_0120.00_0123.00,sample098.mp4,,120.0,123.0,3.0,,,,,,,,,,,,,,,,,
sample098_0123.00_0126.00,sample098.mp4,,123.0,126.0,3.0,,,,,,,,,,,,,,,,,
sample098_0126.00_0129.00,sample098.mp4,,126.0,129.0,3.0,,,,,,,,,,,,,,,,,
sample098_0129.00_0132.00,sample098.mp4,,129.0,132.0,3.0,,,,,,,,,,,,,,,,,
sample098_0132.00_0135.00,sample098.mp4,,132.0,135.0,3.0,,,,,,,,,,,,,,,,,
sample098_0135.00_0138.00,sample098.mp4,,135.0,138.0,3.0,,,,,,,,,,,,,,,,,
sample098_0138.00_0141.00,sample098.mp4,,138.0,141.0,3.0,,,,,,,,,,,,,,,,,
sample098_0141.00_0144.00,sample098.mp4,,141.0,144.0,3.0,,,,,,,,,,,,,,,,,
sample098_0144.00_0147.00,sample098.mp4,,144.0,147.0,3.0,,,,,,,,,,,,,,,,,
sample098_0147.00_0150.00,sample098.mp4,,147.0,150.0,3.0,,,,,,,,,,,,,,,,,
sample098_0150.00_0153.00,sample098.mp4,,150.0,153.0,3.0,,,,,,,,,,,,,,,,,
sample098_0153.00_0156.00,sample098.mp4,,153.0,156.0,3.0,,,,,,,,,,,,,,,,,
sample098_0156.00_0159.00,sample098.mp4,,156.0,159.0,3.0,,,,,,,,,,,,,,,,,
sample098_0159.00_0162.00,sample098.mp4,,159.0,162.0,3.0,,,,,,,,,,,,,,,,,
sample098_0162.00_0165.00,sample098.mp4,,162.0,165.0,3.0,,,,,,,,,,,,,,,,,
sample098_0165.00_0168.00,sample098.mp4,,165.0,168.0,3.0,,,,,,,,,,,,,,,,,
sample098_0168.00_0171.00,sample098.mp4,,168.0,171.0,3.0,,,,,,,,,,,,,,,,,
sample098_0171.00_0174.00,sample098.mp4,,171.0,174.0,3.0,,,,,,,,,,,,,,,,,
sample098_0174.00_0177.00,sample098.mp4,,174.0,177.0,3.0,,,,,,,,,,,,,,,,,
sample098_0177.00_0180.00,sample098.mp4,,177.0,180.0,3.0,,,,,,,,,,,,,,,,,
sample098_0180.00_0183.00,sample098.mp4,,180.0,183.0,3.0,,,,,,,,,,,,,,,,,
sample098_0183.00_0186.00,sample098.mp4,,183.0,186.0,3.0,,,,,,,,,,,,,,,,,
sample098_0186.00_0189.00,sample098.mp4,,186.0,189.0,3.0,,,,,,,,,,,,,,,,,
sample098_0189.00_0192.00,sample098.mp4,,189.0,192.0,3.0,,,,,,,,,,,,,,,,,
sample098_0192.00_0195.00,sample098.mp4,,192.0,195.0,3.0,,,,,,,,,,,,,,,,,
sample098_0195.00_0198.00,sample098.mp4,,195.0,198.0,3.0,,,,,,,,,,,,,,,,,
sample098_0198.00_0201.00,sample098.mp4,,198.0,201.0,3.0,,,,,,,,,,,,,,,,,
sample098_0201.00_0204.00,sample098.mp4,,201.0,204.0,3.0,,,,,,,,,,,,,,,,,
sample098_0204.00_0207.00,sample098.mp4,,204.0,207.0,3.0,,,,,,,,,,,,,,,,,
sample098_0207.00_0210.00,sample098.mp4,,207.0,210.0,3.0,,,,,,,,,,,,,,,,,
sample098_0210.00_0213.00,sample098.mp4,,210.0,213.0,3.0,,,,,,,,,,,,,,,,,
sample098_0213.00_0216.00,sample098.mp4,,213.0,216.0,3.0,,,,,,,,,,,,,,,,,
sample098_0216.00_0219.00,sample098.mp4,,216.0,219.0,3.0,,,,,,,,,,,,,,,,,
sample098_0219.00_0222.00,sample098.mp4,,219.0,222.0,3.0,,,,,,,,,,,,,,,,,
sample098_0222.00_0225.00,sample098.mp4,,222.0,225.0,3.0,,,,,,,,,,,,,,,,,
sample098_0225.00_0228.00,sample098.mp4,,225.0,228.0,3.0,,,,,,,,,,,,,,,,,
sample098_0228.00_0231.00,sample098.mp4,,228.0,231.0,3.0,,,,,,,,,,,,,,,,,
sample098_0231.00_0233.77,sample098.mp4,,231.0,233.77,2.77,,,,,,,,,,,,,,,,,
sample099_0000.00_0003.00,sample099.mp4,,0.0,3.0,3.0,,,,,,,,,,,,,,,,,
sample099_0003.00_0006.00,sample099.mp4,,3.0,6.0,3.0,,,,,,,,,,,,,,,,,
sample099_0006.00_0009.00,sample099.mp4,,6.0,9.0,3.0,,,,,,,,,,,,,,,,,
sample099_0009.00_0012.00,sample099.mp4,,9.0,12.0,3.0,,,,,,,,,,,,,,,,,
sample099_0012.00_0015.00,sample099.mp4,,12.0,15.0,3.0,,,,,,,,,,,,,,,,,
sample099_0015.00_0018.00,sample099.mp4,,15.0,18.0,3.0,,,,,,,,,,,,,,,,,
sample099_0018.00_0021.00,sample099.mp4,,18.0,21.0,3.0,,,,,,,,,,,,,,,,,
sample099_0021.00_0024.00,sample099.mp4,,21.0,24.0,3.0,,,,,,,,,,,,,,,,,
sample099_0024.00_0027.00,sample099.mp4,,24.0,27.0,3.0,,,,,,,,,,,,,,,,,
sample099_0027.00_0030.00,sample099.mp4,,27.0,30.0,3.0,,,,,,,,,,,,,,,,,
sample099_0030.00_0033.00,sample099.mp4,,30.0,33.0,3.0,,,,,,,,,,,,,,,,,
sample099_0033.00_0036.00,sample099.mp4,,33.0,36.0,3.0,,,,,,,,,,,,,,,,,
sample099_0036.00_0039.00,sample099.mp4,,36.0,39.0,3.0,,,,,,,,,,,,,,,,,
sample099_0039.00_0042.00,sample099.mp4,,39.0,42.0,3.0,,,,,,,,,,,,,,,,,
sample099_0042.00_0045.00,sample099.mp4,,42.0,45.0,3.0,,,,,,,,,,,,,,,,,
sample099_0045.00_0048.00,sample099.mp4,,45.0,48.0,3.0,,,,,,,,,,,,,,,,,
sample099_0048.00_0051.00,sample099.mp4,,48.0,51.0,3.0,,,,,,,,,,,,,,,,,
sample099_0051.00_0054.00,sample099.mp4,,51.0,54.0,3.0,,,,,,,,,,,,,,,,,
sample099_0054.00_0057.00,sample099.mp4,,54.0,57.0,3.0,,,,,,,,,,,,,,,,,
sample099_0057.00_0060.00,sample099.mp4,,57.0,60.0,3.0,,,,,,,,,,,,,,,,,
sample099_0060.00_0063.00,sample099.mp4,,60.0,63.0,3.0,,,,,,,,,,,,,,,,,
sample099_0063.00_0066.00,sample099.mp4,,63.0,66.0,3.0,,,,,,,,,,,,,,,,,
sample099_0066.00_0069.00,sample099.mp4,,66.0,69.0,3.0,,,,,,,,,,,,,,,,,
sample099_0069.00_0072.00,sample099.mp4,,69.0,72.0,3.0,,,,,,,,,,,,,,,,,
sample099_0072.00_0075.00,sample099.mp4,,72.0,75.0,3.0,,,,,,,,,,,,,,,,,
sample099_0075.00_0078.00,sample099.mp4,,75.0,78.0,3.0,,,,,,,,,,,,,,,,,
sample099_0078.00_0081.00,sample099.mp4,,78.0,81.0,3.0,,,,,,,,,,,,,,,,,
sample099_0081.00_0084.00,sample099.mp4,,81.0,84.0,3.0,,,,,,,,,,,,,,,,,
sample099_0084.00_0087.00,sample099.mp4,,84.0,87.0,3.0,,,,,,,,,,,,,,,,,
sample099_0087.00_0090.00,sample099.mp4,,87.0,90.0,3.0,,,,,,,,,,,,,,,,,
sample099_0090.00_0093.00,sample099.mp4,,90.0,93.0,3.0,,,,,,,,,,,,,,,,,
sample099_0093.00_0096.00,sample099.mp4,,93.0,96.0,3.0,,,,,,,,,,,,,,,,,
sample099_0096.00_0099.00,sample099.mp4,,96.0,99.0,3.0,,,,,,,,,,,,,,,,,
sample099_0099.00_0102.00,sample099.mp4,,99.0,102.0,3.0,,,,,,,,,,,,,,,,,
sample099_0102.00_0105.00,sample099.mp4,,102.0,105.0,3.0,,,,,,,,,,,,,,,,,
sample099_0105.00_0108.00,sample099.mp4,,105.0,108.0,3.0,,,,,,,,,,,,,,,,,
sample099_0108.00_0111.00,sample099.mp4,,108.0,111.0,3.0,,,,,,,,,,,,,,,,,
sample099_0111.00_0114.00,sample099.mp4,,111.0,114.0,3.0,,,,,,,,,,,,,,,,,
sample099_0114.00_0117.00,sample099.mp4,,114.0,117.0,3.0,,,,,,,,,,,,,,,,,
sample099_0117.00_0120.00,sample099.mp4,,117.0,120.0,3.0,,,,,,,,,,,,,,,,,
sample099_0120.00_0123.00,sample099.mp4,,120.0,123.0,3.0,,,,,,,,,,,,,,,,,
sample099_0123.00_0126.00,sample099.mp4,,123.0,126.0,3.0,,,,,,,,,,,,,,,,,
sample099_0126.00_0129.00,sample099.mp4,,126.0,129.0,3.0,,,,,,,,,,,,,,,,,
sample099_0129.00_0132.00,sample099.mp4,,129.0,132.0,3.0,,,,,,,,,,,,,,,,,
sample099_0132.00_0135.00,sample099.mp4,,132.0,135.0,3.0,,,,,,,,,,,,,,,,,
sample099_0135.00_0138.00,sample099.mp4,,135.0,138.0,3.0,,,,,,,,,,,,,,,,,
sample099_0138.00_0141.00,sample099.mp4,,138.0,141.0,3.0,,,,,,,,,,,,,,,,,
sample099_0141.00_0144.00,sample099.mp4,,141.0,144.0,3.0,,,,,,,,,,,,,,,,,
sample099_0144.00_0147.00,sample099.mp4,,144.0,147.0,3.0,,,,,,,,,,,,,,,,,
sample099_0147.00_0150.00,sample099.mp4,,147.0,150.0,3.0,,,,,,,,,,,,,,,,,
sample099_0150.00_0153.00,sample099.mp4,,150.0,153.0,3.0,,,,,,,,,,,,,,,,,
sample099_0153.00_0156.00,sample099.mp4,,153.0,156.0,3.0,,,,,,,,,,,,,,,,,
sample099_0156.00_0159.00,sample099.mp4,,156.0,159.0,3.0,,,,,,,,,,,,,,,,,
sample099_0159.00_0162.00,sample099.mp4,,159.0,162.0,3.0,,,,,,,,,,,,,,,,,
sample099_0162.00_0165.00,sample099.mp4,,162.0,165.0,3.0,,,,,,,,,,,,,,,,,
sample099_0165.00_0168.00,sample099.mp4,,165.0,168.0,3.0,,,,,,,,,,,,,,,,,
sample099_0168.00_0171.00,sample099.mp4,,168.0,171.0,3.0,,,,,,,,,,,,,,,,,
sample099_0171.00_0174.00,sample099.mp4,,171.0,174.0,3.0,,,,,,,,,,,,,,,,,
sample099_0174.00_0177.00,sample099.mp4,,174.0,177.0,3.0,,,,,,,,,,,,,,,,,
sample099_0177.00_0180.00,sample099.mp4,,177.0,180.0,3.0,,,,,,,,,,,,,,,,,
sample099_0180.00_0183.00,sample099.mp4,,180.0,183.0,3.0,,,,,,,,,,,,,,,,,
sample099_0183.00_0186.00,sample099.mp4,,183.0,186.0,3.0,,,,,,,,,,,,,,,,,
sample099_0186.00_0189.00,sample099.mp4,,186.0,189.0,3.0,,,,,,,,,,,,,,,,,
sample099_0189.00_0192.00,sample099.mp4,,189.0,192.0,3.0,,,,,,,,,,,,,,,,,
sample099_0192.00_0195.00,sample099.mp4,,192.0,195.0,3.0,,,,,,,,,,,,,,,,,
sample099_0195.00_0198.00,sample099.mp4,,195.0,198.0,3.0,,,,,,,,,,,,,,,,,
sample099_0198.00_0201.00,sample099.mp4,,198.0,201.0,3.0,,,,,,,,,,,,,,,,,
sample099_0201.00_0204.00,sample099.mp4,,201.0,204.0,3.0,,,,,,,,,,,,,,,,,
sample099_0204.00_0207.00,sample099.mp4,,204.0,207.0,3.0,,,,,,,,,,,,,,,,,
sample099_0207.00_0210.00,sample099.mp4,,207.0,210.0,3.0,,,,,,,,,,,,,,,,,
sample099_0210.00_0213.00,sample099.mp4,,210.0,213.0,3.0,,,,,,,,,,,,,,,,,
sample099_0213.00_0216.00,sample099.mp4,,213.0,216.0,3.0,,,,,,,,,,,,,,,,,
sample099_0216.00_0219.00,sample099.mp4,,216.0,219.0,3.0,,,,,,,,,,,,,,,,,
sample099_0219.00_0222.00,sample099.mp4,,219.0,222.0,3.0,,,,,,,,,,,,,,,,,
sample099_0222.00_0225.00,sample099.mp4,,222.0,225.0,3.0,,,,,,,,,,,,,,,,,
sample099_0225.00_0228.00,sample099.mp4,,225.0,228.0,3.0,,,,,,,,,,,,,,,,,
sample099_0228.00_0231.00,sample099.mp4,,228.0,231.0,3.0,,,,,,,,,,,,,,,,,
sample099_0231.00_0234.00,sample099.mp4,,231.0,234.0,3.0,,,,,,,,,,,,,,,,,
sample099_0234.00_0237.00,sample099.mp4,,234.0,237.0,3.0,,,,,,,,,,,,,,,,,
sample099_0237.00_0240.00,sample099.mp4,,237.0,240.0,3.0,,,,,,,,,,,,,,,,,
sample099_0240.00_0243.00,sample099.mp4,,240.0,243.0,3.0,,,,,,,,,,,,,,,,,
sample099_0243.00_0246.00,sample099.mp4,,243.0,246.0,3.0,,,,,,,,,,,,,,,,,
sample099_0246.00_0249.00,sample099.mp4,,246.0,249.0,3.0,,,,,,,,,,,,,,,,,
sample099_0249.00_0252.00,sample099.mp4,,249.0,252.0,3.0,,,,,,,,,,,,,,,,,
sample099_0252.00_0255.00,sample099.mp4,,252.0,255.0,3.0,,,,,,,,,,,,,,,,,
sample099_0255.00_0258.00,sample099.mp4,,255.0,258.0,3.0,,,,,,,,,,,,,,,,,
sample099_0258.00_0261.00,sample099.mp4,,258.0,261.0,3.0,,,,,,,,,,,,,,,,,
sample099_0261.00_0264.00,sample099.mp4,,261.0,264.0,3.0,,,,,,,,,,,,,,,,,
sample099_0264.00_0267.00,sample099.mp4,,264.0,267.0,3.0,,,,,,,,,,,,,,,,,
sample099_0267.00_0270.00,sample099.mp4,,267.0,270.0,3.0,,,,,,,,,,,,,,,,,
sample099_0270.00_0273.00,sample099.mp4,,270.0,273.0,3.0,,,,,,,,,,,,,,,,,
sample099_0273.00_0276.00,sample099.mp4,,273.0,276.0,3.0,,,,,,,,,,,,,,,,,
sample099_0276.00_0279.00,sample099.mp4,,276.0,279.0,3.0,,,,,,,,,,,,,,,,,
sample099_0279.00_0282.00,sample099.mp4,,279.0,282.0,3.0,,,,,,,,,,,,,,,,,
sample099_0282.00_0285.00,sample099.mp4,,282.0,285.0,3.0,,,,,,,,,,,,,,,,,
sample099_0285.00_0288.00,sample099.mp4,,285.0,288.0,3.0,,,,,,,,,,,,,,,,,
sample099_0288.00_0291.00,sample099.mp4,,288.0,291.0,3.0,,,,,,,,,,,,,,,,,
sample099_0291.00_0294.00,sample099.mp4,,291.0,294.0,3.0,,,,,,,,,,,,,,,,,
sample099_0294.00_0297.00,sample099.mp4,,294.0,297.0,3.0,,,,,,,,,,,,,,,,,
sample099_0297.00_0300.00,sample099.mp4,,297.0,300.0,3.0,,,,,,,,,,,,,,,,,
sample099_0300.00_0303.00,sample099.mp4,,300.0,303.0,3.0,,,,,,,,,,,,,,,,,
sample099_0303.00_0306.00,sample099.mp4,,303.0,306.0,3.0,,,,,,,,,,,,,,,,,
sample099_0306.00_0309.00,sample099.mp4,,306.0,309.0,3.0,,,,,,,,,,,,,,,,,
sample099_0309.00_0312.00,sample099.mp4,,309.0,312.0,3.0,,,,,,,,,,,,,,,,,
sample099_0312.00_0315.00,sample099.mp4,,312.0,315.0,3.0,,,,,,,,,,,,,,,,,
sample099_0315.00_0318.00,sample099.mp4,,315.0,318.0,3.0,,,,,,,,,,,,,,,,,
sample099_0318.00_0321.00,sample099.mp4,,318.0,321.0,3.0,,,,,,,,,,,,,,,,,
sample099_0321.00_0324.00,sample099.mp4,,321.0,324.0,3.0,,,,,,,,,,,,,,,,,
sample099_0324.00_0327.00,sample099.mp4,,324.0,327.0,3.0,,,,,,,,,,,,,,,,,
sample099_0327.00_0329.50,sample099.mp4,,327.0,329.5,2.5,,,,,,,,,,,,,,,,,
sample100_0000.00_0003.00,sample100.mp4,,0.0,3.0,3.0,,,,,,,,,,,,,,,,,
sample100_0003.00_0006.00,sample100.mp4,,3.0,6.0,3.0,,,,,,,,,,,,,,,,,
sample100_0006.00_0009.00,sample100.mp4,,6.0,9.0,3.0,,,,,,,,,,,,,,,,,
sample100_0009.00_0012.00,sample100.mp4,,9.0,12.0,3.0,,,,,,,,,,,,,,,,,
sample100_0012.00_0015.00,sample100.mp4,,12.0,15.0,3.0,,,,,,,,,,,,,,,,,
sample100_0015.00_0018.00,sample100.mp4,,15.0,18.0,3.0,,,,,,,,,,,,,,,,,
sample100_0018.00_0021.00,sample100.mp4,,18.0,21.0,3.0,,,,,,,,,,,,,,,,,
sample100_0021.00_0024.00,sample100.mp4,,21.0,24.0,3.0,,,,,,,,,,,,,,,,,
sample100_0024.00_0027.00,sample100.mp4,,24.0,27.0,3.0,,,,,,,,,,,,,,,,,
sample100_0027.00_0030.00,sample100.mp4,,27.0,30.0,3.0,,,,,,,,,,,,,,,,,
sample100_0030.00_0033.00,sample100.mp4,,30.0,33.0,3.0,,,,,,,,,,,,,,,,,
sample100_0033.00_0036.00,sample100.mp4,,33.0,36.0,3.0,,,,,,,,,,,,,,,,,
sample100_0036.00_0039.00,sample100.mp4,,36.0,39.0,3.0,,,,,,,,,,,,,,,,,
sample100_0039.00_0042.00,sample100.mp4,,39.0,42.0,3.0,,,,,,,,,,,,,,,,,
sample100_0042.00_0045.00,sample100.mp4,,42.0,45.0,3.0,,,,,,,,,,,,,,,,,
sample100_0045.00_0048.00,sample100.mp4,,45.0,48.0,3.0,,,,,,,,,,,,,,,,,
sample100_0048.00_0051.00,sample100.mp4,,48.0,51.0,3.0,,,,,,,,,,,,,,,,,
sample100_0051.00_0054.00,sample100.mp4,,51.0,54.0,3.0,,,,,,,,,,,,,,,,,
sample100_0054.00_0057.00,sample100.mp4,,54.0,57.0,3.0,,,,,,,,,,,,,,,,,
sample100_0057.00_0060.00,sample100.mp4,,57.0,60.0,3.0,,,,,,,,,,,,,,,,,
sample100_0060.00_0063.00,sample100.mp4,,60.0,63.0,3.0,,,,,,,,,,,,,,,,,
sample100_0063.00_0066.00,sample100.mp4,,63.0,66.0,3.0,,,,,,,,,,,,,,,,,
sample100_0066.00_0069.00,sample100.mp4,,66.0,69.0,3.0,,,,,,,,,,,,,,,,,
sample100_0069.00_0072.00,sample100.mp4,,69.0,72.0,3.0,,,,,,,,,,,,,,,,,
sample100_0072.00_0075.00,sample100.mp4,,72.0,75.0,3.0,,,,,,,,,,,,,,,,,
sample100_0075.00_0078.00,sample100.mp4,,75.0,78.0,3.0,,,,,,,,,,,,,,,,,
sample100_0078.00_0081.00,sample100.mp4,,78.0,81.0,3.0,,,,,,,,,,,,,,,,,
sample100_0081.00_0084.00,sample100.mp4,,81.0,84.0,3.0,,,,,,,,,,,,,,,,,
sample100_0084.00_0087.00,sample100.mp4,,84.0,87.0,3.0,,,,,,,,,,,,,,,,,
sample100_0087.00_0090.00,sample100.mp4,,87.0,90.0,3.0,,,,,,,,,,,,,,,,,
sample100_0090.00_0093.00,sample100.mp4,,90.0,93.0,3.0,,,,,,,,,,,,,,,,,
sample100_0093.00_0096.00,sample100.mp4,,93.0,96.0,3.0,,,,,,,,,,,,,,,,,
sample100_0096.00_0099.00,sample100.mp4,,96.0,99.0,3.0,,,,,,,,,,,,,,,,,
sample100_0099.00_0102.00,sample100.mp4,,99.0,102.0,3.0,,,,,,,,,,,,,,,,,
sample100_0102.00_0105.00,sample100.mp4,,102.0,105.0,3.0,,,,,,,,,,,,,,,,,
sample100_0105.00_0108.00,sample100.mp4,,105.0,108.0,3.0,,,,,,,,,,,,,,,,,
sample100_0108.00_0111.00,sample100.mp4,,108.0,111.0,3.0,,,,,,,,,,,,,,,,,
sample100_0111.00_0114.00,sample100.mp4,,111.0,114.0,3.0,,,,,,,,,,,,,,,,,
sample100_0114.00_0117.00,sample100.mp4,,114.0,117.0,3.0,,,,,,,,,,,,,,,,,
sample100_0117.00_0120.00,sample100.mp4,,117.0,120.0,3.0,,,,,,,,,,,,,,,,,
sample100_0120.00_0123.00,sample100.mp4,,120.0,123.0,3.0,,,,,,,,,,,,,,,,,
sample100_0123.00_0126.00,sample100.mp4,,123.0,126.0,3.0,,,,,,,,,,,,,,,,,
sample100_0126.00_0129.00,sample100.mp4,,126.0,129.0,3.0,,,,,,,,,,,,,,,,,
sample100_0129.00_0132.00,sample100.mp4,,129.0,132.0,3.0,,,,,,,,,,,,,,,,,
sample100_0132.00_0135.00,sample100.mp4,,132.0,135.0,3.0,,,,,,,,,,,,,,,,,
sample100_0135.00_0138.00,sample100.mp4,,135.0,138.0,3.0,,,,,,,,,,,,,,,,,
sample100_0138.00_0141.00,sample100.mp4,,138.0,141.0,3.0,,,,,,,,,,,,,,,,,
sample100_0141.00_0144.00,sample100.mp4,,141.0,144.0,3.0,,,,,,,,,,,,,,,,,
sample100_0144.00_0147.00,sample100.mp4,,144.0,147.0,3.0,,,,,,,,,,,,,,,,,
sample100_0147.00_0150.00,sample100.mp4,,147.0,150.0,3.0,,,,,,,,,,,,,,,,,
sample100_0150.00_0153.00,sample100.mp4,,150.0,153.0,3.0,,,,,,,,,,,,,,,,,
sample100_0153.00_0156.00,sample100.mp4,,153.0,156.0,3.0,,,,,,,,,,,,,,,,,
sample100_0156.00_0159.00,sample100.mp4,,156.0,159.0,3.0,,,,,,,,,,,,,,,,,
sample100_0159.00_0162.00,sample100.mp4,,159.0,162.0,3.0,,,,,,,,,,,,,,,,,
sample100_0162.00_0165.00,sample100.mp4,,162.0,165.0,3.0,,,,,,,,,,,,,,,,,
sample100_0165.00_0168.00,sample100.mp4,,165.0,168.0,3.0,,,,,,,,,,,,,,,,,
sample100_0168.00_0171.00,sample100.mp4,,168.0,171.0,3.0,,,,,,,,,,,,,,,,,
sample100_0171.00_0174.00,sample100.mp4,,171.0,174.0,3.0,,,,,,,,,,,,,,,,,
sample100_0174.00_0177.00,sample100.mp4,,174.0,177.0,3.0,,,,,,,,,,,,,,,,,
sample100_0177.00_0180.00,sample100.mp4,,177.0,180.0,3.0,,,,,,,,,,,,,,,,,
sample100_0180.00_0183.00,sample100.mp4,,180.0,183.0,3.0,,,,,,,,,,,,,,,,,
sample100_0183.00_0186.00,sample100.mp4,,183.0,186.0,3.0,,,,,,,,,,,,,,,,,
sample100_0186.00_0189.00,sample100.mp4,,186.0,189.0,3.0,,,,,,,,,,,,,,,,,
sample100_0189.00_0192.00,sample100.mp4,,189.0,192.0,3.0,,,,,,,,,,,,,,,,,
sample100_0192.00_0195.00,sample100.mp4,,192.0,195.0,3.0,,,,,,,,,,,,,,,,,
sample100_0195.00_0198.00,sample100.mp4,,195.0,198.0,3.0,,,,,,,,,,,,,,,,,
sample100_0198.00_0201.00,sample100.mp4,,198.0,201.0,3.0,,,,,,,,,,,,,,,,,
sample100_0201.00_0204.00,sample100.mp4,,201.0,204.0,3.0,,,,,,,,,,,,,,,,,
sample100_0204.00_0207.00,sample100.mp4,,204.0,207.0,3.0,,,,,,,,,,,,,,,,,
sample100_0207.00_0210.00,sample100.mp4,,207.0,210.0,3.0,,,,,,,,,,,,,,,,,
sample100_0210.00_0213.00,sample100.mp4,,210.0,213.0,3.0,,,,,,,,,,,,,,,,,
sample100_0213.00_0216.00,sample100.mp4,,213.0,216.0,3.0,,,,,,,,,,,,,,,,,
sample100_0216.00_0219.00,sample100.mp4,,216.0,219.0,3.0,,,,,,,,,,,,,,,,,
sample100_0219.00_0222.00,sample100.mp4,,219.0,222.0,3.0,,,,,,,,,,,,,,,,,
sample100_0222.00_0225.00,sample100.mp4,,222.0,225.0,3.0,,,,,,,,,,,,,,,,,
sample100_0225.00_0228.00,sample100.mp4,,225.0,228.0,3.0,,,,,,,,,,,,,,,,,
sample100_0228.00_0231.00,sample100.mp4,,228.0,231.0,3.0,,,,,,,,,,,,,,,,,
sample100_0231.00_0234.00,sample100.mp4,,231.0,234.0,3.0,,,,,,,,,,,,,,,,,
sample100_0234.00_0237.00,sample100.mp4,,234.0,237.0,3.0,,,,,,,,,,,,,,,,,
sample100_0237.00_0240.00,sample100.mp4,,237.0,240.0,3.0,,,,,,,,,,,,,,,,,
sample100_0240.00_0243.00,sample100.mp4,,240.0,243.0,3.0,,,,,,,,,,,,,,,,,
sample100_0243.00_0246.00,sample100.mp4,,243.0,246.0,3.0,,,,,,,,,,,,,,,,,
sample100_0246.00_0249.00,sample100.mp4,,246.0,249.0,3.0,,,,,,,,,,,,,,,,,
sample100_0249.00_0252.00,sample100.mp4,,249.0,252.0,3.0,,,,,,,,,,,,,,,,,
sample100_0252.00_0255.00,sample100.mp4,,252.0,255.0,3.0,,,,,,,,,,,,,,,,,
sample100_0255.00_0258.00,sample100.mp4,,255.0,258.0,3.0,,,,,,,,,,,,,,,,,
sample100_0258.00_0261.00,sample100.mp4,,258.0,261.0,3.0,,,,,,,,,,,,,,,,,
sample100_0261.00_0264.00,sample100.mp4,,261.0,264.0,3.0,,,,,,,,,,,,,,,,,
sample100_0264.00_0267.00,sample100.mp4,,264.0,267.0,3.0,,,,,,,,,,,,,,,,,
sample100_0267.00_0270.00,sample100.mp4,,267.0,270.0,3.0,,,,,,,,,,,,,,,,,
sample100_0270.00_0273.00,sample100.mp4,,270.0,273.0,3.0,,,,,,,,,,,,,,,,,
sample100_0273.00_0276.00,sample100.mp4,,273.0,276.0,3.0,,,,,,,,,,,,,,,,,
sample100_0276.00_0279.00,sample100.mp4,,276.0,279.0,3.0,,,,,,,,,,,,,,,,,
sample100_0279.00_0282.00,sample100.mp4,,279.0,282.0,3.0,,,,,,,,,,,,,,,,,
sample100_0282.00_0285.00,sample100.mp4,,282.0,285.0,3.0,,,,,,,,,,,,,,,,,
sample100_0285.00_0288.00,sample100.mp4,,285.0,288.0,3.0,,,,,,,,,,,,,,,,,
sample100_0288.00_0291.00,sample100.mp4,,288.0,291.0,3.0,,,,,,,,,,,,,,,,,
sample100_0291.00_0294.00,sample100.mp4,,291.0,294.0,3.0,,,,,,,,,,,,,,,,,
sample100_0294.00_0297.00,sample100.mp4,,294.0,297.0,3.0,,,,,,,,,,,,,,,,,
sample100_0297.00_0300.00,sample100.mp4,,297.0,300.0,3.0,,,,,,,,,,,,,,,,,
sample100_0300.00_0303.00,sample100.mp4,,300.0,303.0,3.0,,,,,,,,,,,,,,,,,
sample100_0303.00_0306.00,sample100.mp4,,303.0,306.0,3.0,,,,,,,,,,,,,,,,,
sample100_0306.00_0309.00,sample100.mp4,,306.0,309.0,3.0,,,,,,,,,,,,,,,,,
sample100_0309.00_0312.00,sample100.mp4,,309.0,312.0,3.0,,,,,,,,,,,,,,,,,
sample100_0312.00_0315.00,sample100.mp4,,312.0,315.0,3.0,,,,,,,,,,,,,,,,,
sample100_0315.00_0318.00,sample100.mp4,,315.0,318.0,3.0,,,,,,,,,,,,,,,,,
sample100_0318.00_0321.00,sample100.mp4,,318.0,321.0,3.0,,,,,,,,,,,,,,,,,
sample100_0321.00_0324.00,sample100.mp4,,321.0,324.0,3.0,,,,,,,,,,,,,,,,,
sample100_0324.00_0324.93,sample100.mp4,,324.0,324.93,0.93,,,,,,,,,,,,,,,,,
sample101_0000.00_0003.00,sample101.mp4,,0.0,3.0,3.0,,,,,,,,,,,,,,,,,
sample101_0003.00_0006.00,sample101.mp4,,3.0,6.0,3.0,,,,,,,,,,,,,,,,,
sample101_0006.00_0009.00,sample101.mp4,,6.0,9.0,3.0,,,,,,,,,,,,,,,,,
sample101_0009.00_0012.00,sample101.mp4,,9.0,12.0,3.0,,,,,,,,,,,,,,,,,
sample101_0012.00_0015.00,sample101.mp4,,12.0,15.0,3.0,,,,,,,,,,,,,,,,,
sample101_0015.00_0018.00,sample101.mp4,,15.0,18.0,3.0,,,,,,,,,,,,,,,,,
sample101_0018.00_0021.00,sample101.mp4,,18.0,21.0,3.0,,,,,,,,,,,,,,,,,
sample101_0021.00_0024.00,sample101.mp4,,21.0,24.0,3.0,,,,,,,,,,,,,,,,,
sample101_0024.00_0027.00,sample101.mp4,,24.0,27.0,3.0,,,,,,,,,,,,,,,,,
sample101_0027.00_0030.00,sample101.mp4,,27.0,30.0,3.0,,,,,,,,,,,,,,,,,
sample101_0030.00_0033.00,sample101.mp4,,30.0,33.0,3.0,,,,,,,,,,,,,,,,,
sample101_0033.00_0036.00,sample101.mp4,,33.0,36.0,3.0,,,,,,,,,,,,,,,,,
sample101_0036.00_0039.00,sample101.mp4,,36.0,39.0,3.0,,,,,,,,,,,,,,,,,
sample101_0039.00_0042.00,sample101.mp4,,39.0,42.0,3.0,,,,,,,,,,,,,,,,,
sample101_0042.00_0045.00,sample101.mp4,,42.0,45.0,3.0,,,,,,,,,,,,,,,,,
sample101_0045.00_0048.00,sample101.mp4,,45.0,48.0,3.0,,,,,,,,,,,,,,,,,
sample101_0048.00_0051.00,sample101.mp4,,48.0,51.0,3.0,,,,,,,,,,,,,,,,,
sample101_0051.00_0054.00,sample101.mp4,,51.0,54.0,3.0,,,,,,,,,,,,,,,,,
sample101_0054.00_0057.00,sample101.mp4,,54.0,57.0,3.0,,,,,,,,,,,,,,,,,
sample101_0057.00_0060.00,sample101.mp4,,57.0,60.0,3.0,,,,,,,,,,,,,,,,,
sample101_0060.00_0063.00,sample101.mp4,,60.0,63.0,3.0,,,,,,,,,,,,,,,,,
sample101_0063.00_0066.00,sample101.mp4,,63.0,66.0,3.0,,,,,,,,,,,,,,,,,
sample101_0066.00_0069.00,sample101.mp4,,66.0,69.0,3.0,,,,,,,,,,,,,,,,,
sample101_0069.00_0072.00,sample101.mp4,,69.0,72.0,3.0,,,,,,,,,,,,,,,,,
sample101_0072.00_0075.00,sample101.mp4,,72.0,75.0,3.0,,,,,,,,,,,,,,,,,
sample101_0075.00_0078.00,sample101.mp4,,75.0,78.0,3.0,,,,,,,,,,,,,,,,,
sample101_0078.00_0081.00,sample101.mp4,,78.0,81.0,3.0,,,,,,,,,,,,,,,,,
sample101_0081.00_0084.00,sample101.mp4,,81.0,84.0,3.0,,,,,,,,,,,,,,,,,
sample101_0084.00_0087.00,sample101.mp4,,84.0,87.0,3.0,,,,,,,,,,,,,,,,,
sample101_0087.00_0090.00,sample101.mp4,,87.0,90.0,3.0,,,,,,,,,,,,,,,,,
sample101_0090.00_0093.00,sample101.mp4,,90.0,93.0,3.0,,,,,,,,,,,,,,,,,
sample101_0093.00_0096.00,sample101.mp4,,93.0,96.0,3.0,,,,,,,,,,,,,,,,,
sample101_0096.00_0099.00,sample101.mp4,,96.0,99.0,3.0,,,,,,,,,,,,,,,,,
sample101_0099.00_0102.00,sample101.mp4,,99.0,102.0,3.0,,,,,,,,,,,,,,,,,
sample101_0102.00_0105.00,sample101.mp4,,102.0,105.0,3.0,,,,,,,,,,,,,,,,,
sample101_0105.00_0108.00,sample101.mp4,,105.0,108.0,3.0,,,,,,,,,,,,,,,,,
sample101_0108.00_0111.00,sample101.mp4,,108.0,111.0,3.0,,,,,,,,,,,,,,,,,
sample101_0111.00_0114.00,sample101.mp4,,111.0,114.0,3.0,,,,,,,,,,,,,,,,,
sample101_0114.00_0117.00,sample101.mp4,,114.0,117.0,3.0,,,,,,,,,,,,,,,,,
sample101_0117.00_0120.00,sample101.mp4,,117.0,120.0,3.0,,,,,,,,,,,,,,,,,
sample101_0120.00_0123.00,sample101.mp4,,120.0,123.0,3.0,,,,,,,,,,,,,,,,,
sample101_0123.00_0126.00,sample101.mp4,,123.0,126.0,3.0,,,,,,,,,,,,,,,,,
sample101_0126.00_0129.00,sample101.mp4,,126.0,129.0,3.0,,,,,,,,,,,,,,,,,
sample101_0129.00_0132.00,sample101.mp4,,129.0,132.0,3.0,,,,,,,,,,,,,,,,,
sample101_0132.00_0135.00,sample101.mp4,,132.0,135.0,3.0,,,,,,,,,,,,,,,,,
sample101_0135.00_0138.00,sample101.mp4,,135.0,138.0,3.0,,,,,,,,,,,,,,,,,
sample101_0138.00_0141.00,sample101.mp4,,138.0,141.0,3.0,,,,,,,,,,,,,,,,,
sample101_0141.00_0144.00,sample101.mp4,,141.0,144.0,3.0,,,,,,,,,,,,,,,,,
sample101_0144.00_0147.00,sample101.mp4,,144.0,147.0,3.0,,,,,,,,,,,,,,,,,
sample101_0147.00_0150.00,sample101.mp4,,147.0,150.0,3.0,,,,,,,,,,,,,,,,,
sample101_0150.00_0153.00,sample101.mp4,,150.0,153.0,3.0,,,,,,,,,,,,,,,,,
sample101_0153.00_0156.00,sample101.mp4,,153.0,156.0,3.0,,,,,,,,,,,,,,,,,
sample101_0156.00_0159.00,sample101.mp4,,156.0,159.0,3.0,,,,,,,,,,,,,,,,,
sample101_0159.00_0162.00,sample101.mp4,,159.0,162.0,3.0,,,,,,,,,,,,,,,,,
sample101_0162.00_0165.00,sample101.mp4,,162.0,165.0,3.0,,,,,,,,,,,,,,,,,
sample101_0165.00_0168.00,sample101.mp4,,165.0,168.0,3.0,,,,,,,,,,,,,,,,,
sample101_0168.00_0171.00,sample101.mp4,,168.0,171.0,3.0,,,,,,,,,,,,,,,,,
sample101_0171.00_0174.00,sample101.mp4,,171.0,174.0,3.0,,,,,,,,,,,,,,,,,
sample101_0174.00_0177.00,sample101.mp4,,174.0,177.0,3.0,,,,,,,,,,,,,,,,,
sample101_0177.00_0180.00,sample101.mp4,,177.0,180.0,3.0,,,,,,,,,,,,,,,,,
sample101_0180.00_0183.00,sample101.mp4,,180.0,183.0,3.0,,,,,,,,,,,,,,,,,
sample101_0183.00_0186.00,sample101.mp4,,183.0,186.0,3.0,,,,,,,,,,,,,,,,,
sample101_0186.00_0189.00,sample101.mp4,,186.0,189.0,3.0,,,,,,,,,,,,,,,,,
sample101_0189.00_0192.00,sample101.mp4,,189.0,192.0,3.0,,,,,,,,,,,,,,,,,
sample101_0192.00_0195.00,sample101.mp4,,192.0,195.0,3.0,,,,,,,,,,,,,,,,,
sample101_0195.00_0198.00,sample101.mp4,,195.0,198.0,3.0,,,,,,,,,,,,,,,,,
sample101_0198.00_0201.00,sample101.mp4,,198.0,201.0,3.0,,,,,,,,,,,,,,,,,
sample101_0201.00_0204.00,sample101.mp4,,201.0,204.0,3.0,,,,,,,,,,,,,,,,,
sample101_0204.00_0207.00,sample101.mp4,,204.0,207.0,3.0,,,,,,,,,,,,,,,,,
sample101_0207.00_0210.00,sample101.mp4,,207.0,210.0,3.0,,,,,,,,,,,,,,,,,
sample101_0210.00_0213.00,sample101.mp4,,210.0,213.0,3.0,,,,,,,,,,,,,,,,,
sample101_0213.00_0216.00,sample101.mp4,,213.0,216.0,3.0,,,,,,,,,,,,,,,,,
sample101_0216.00_0219.00,sample101.mp4,,216.0,219.0,3.0,,,,,,,,,,,,,,,,,
sample101_0219.00_0222.00,sample101.mp4,,219.0,222.0,3.0,,,,,,,,,,,,,,,,,
sample101_0222.00_0225.00,sample101.mp4,,222.0,225.0,3.0,,,,,,,,,,,,,,,,,
sample101_0225.00_0228.00,sample101.mp4,,225.0,228.0,3.0,,,,,,,,,,,,,,,,,
sample101_0228.00_0231.00,sample101.mp4,,228.0,231.0,3.0,,,,,,,,,,,,,,,,,
sample101_0231.00_0234.00,sample101.mp4,,231.0,234.0,3.0,,,,,,,,,,,,,,,,,
sample101_0234.00_0237.00,sample101.mp4,,234.0,237.0,3.0,,,,,,,,,,,,,,,,,
sample101_0237.00_0240.00,sample101.mp4,,237.0,240.0,3.0,,,,,,,,,,,,,,,,,
sample101_0240.00_0243.00,sample101.mp4,,240.0,243.0,3.0,,,,,,,,,,,,,,,,,
sample101_0243.00_0246.00,sample101.mp4,,243.0,246.0,3.0,,,,,,,,,,,,,,,,,
sample101_0246.00_0249.00,sample101.mp4,,246.0,249.0,3.0,,,,,,,,,,,,,,,,,
sample101_0249.00_0252.00,sample101.mp4,,249.0,252.0,3.0,,,,,,,,,,,,,,,,,
sample101_0252.00_0255.00,sample101.mp4,,252.0,255.0,3.0,,,,,,,,,,,,,,,,,
sample101_0255.00_0258.00,sample101.mp4,,255.0,258.0,3.0,,,,,,,,,,,,,,,,,
sample101_0258.00_0261.00,sample101.mp4,,258.0,261.0,3.0,,,,,,,,,,,,,,,,,
sample101_0261.00_0264.00,sample101.mp4,,261.0,264.0,3.0,,,,,,,,,,,,,,,,,
sample101_0264.00_0267.00,sample101.mp4,,264.0,267.0,3.0,,,,,,,,,,,,,,,,,
sample101_0267.00_0270.00,sample101.mp4,,267.0,270.0,3.0,,,,,,,,,,,,,,,,,
sample101_0270.00_0273.00,sample101.mp4,,270.0,273.0,3.0,,,,,,,,,,,,,,,,,
sample101_0273.00_0276.00,sample101.mp4,,273.0,276.0,3.0,,,,,,,,,,,,,,,,,
sample101_0276.00_0279.00,sample101.mp4,,276.0,279.0,3.0,,,,,,,,,,,,,,,,,
sample101_0279.00_0282.00,sample101.mp4,,279.0,282.0,3.0,,,,,,,,,,,,,,,,,
sample101_0282.00_0285.00,sample101.mp4,,282.0,285.0,3.0,,,,,,,,,,,,,,,,,
sample101_0285.00_0288.00,sample101.mp4,,285.0,288.0,3.0,,,,,,,,,,,,,,,,,
sample101_0288.00_0291.00,sample101.mp4,,288.0,291.0,3.0,,,,,,,,,,,,,,,,,
sample101_0291.00_0294.00,sample101.mp4,,291.0,294.0,3.0,,,,,,,,,,,,,,,,,
sample101_0294.00_0297.00,sample101.mp4,,294.0,297.0,3.0,,,,,,,,,,,,,,,,,
sample101_0297.00_0299.35,sample101.mp4,,297.0,299.35,2.35,,,,,,,,,,,,,,,,,
