filename,window_start,window_end,window_duration,window_frames,eye_contact_ratio,face_visibility_ratio,gaze_center_ratio,valid_gaze_frames,gaze_center_frames,looking_away_total_time,head_pitch_offset_mean,head_pitch_offset_std,head_yaw_mean,head_yaw_std,head_roll_mean,head_roll_std,head_movement_mean_delta,head_movement_stability_score,blink_count,blink_rate_per_minute,gaze_horizontal_ratio_mean,gaze_horizontal_ratio_std,gaze_vertical_ratio_mean,gaze_vertical_ratio_std,primary_gaze_horizontal_ratio,primary_gaze_vertical_ratio,primary_gaze_zone_ratio,secondary_gaze_zone_ratio,gaze_deviation_from_primary_ratio,gaze_deviation_from_primary_mean,primary_head_pitch,primary_head_yaw,head_deviation_from_primary_ratio,head_deviation_from_primary_mean,look_away_level,looking_away,frequent_looking_away,face_not_visible,excessive_head_movement,noticeable_fidgeting,distracted_by_offscreen_activity,camera_or_video_issue,reading_from_screen_or_notes,looking_down_frequently,body_out_of_frame,poor_lighting,background_distraction_visible,hand_to_face_or_hair,annotation_quality,notes
sample10.mp4,3.00,6.00,3.0,9,0.5556,1.0,1.0,7,7,1.33,2.3237,1.8251,-9.6189,10.2661,-19.4585,54.9377,34.15,2.84,3,60.0,0.5266,0.0103,0.6153,0.0592,0.589,0.7129,0.3061,0.198,0.0,0.1217,176.1994,7.9166,0.8889,206.9128,1,1,0,0,0,0,0,0,0,0,0,0,0,0,clear,
sample10.mp4,12.00,15.00,3.0,9,0.7778,1.0,0.875,8,7,0.67,3.2506,1.3791,3.2636,8.6703,-2.5894,1.9486,34.602,2.81,2,40.0,0.5927,0.0359,0.6624,0.0687,0.589,0.7129,0.3061,0.198,0.0,0.0822,176.1994,7.9166,0.3333,47.0765,0,0,0,0,0,0,0,0,0,0,0,0,0,0,clear,
sample10.mp4,18.00,21.00,3.0,9,0.2222,1.0,0.75,8,6,2.33,4.6341,1.4775,5.9916,10.6101,27.5925,51.3423,48.2099,2.03,2,40.0,0.6,0.1158,0.7948,0.0735,0.589,0.7129,0.3061,0.198,0.25,0.1249,176.1994,7.9166,0.8889,313.3501,0,0,0,0,1,0,0,0,0,0,0,0,0,1,clear,
sample10.mp4,30.00,33.00,3.0,9,0.7778,1.0,1.0,7,7,0.67,4.6524,2.7128,7.3436,5.2426,-7.5593,3.413,19.2726,4.93,2,40.0,0.5752,0.0401,0.7377,0.0623,0.589,0.7129,0.3061,0.198,0.0,0.075,176.1994,7.9166,0.1111,44.1886,0,0,0,0,0,0,0,0,0,0,0,0,0,0,clear,
sample10.mp4,33.00,36.00,3.0,9,0.6667,1.0,1.0,7,7,1.0,3.6005,1.6104,1.8153,12.1569,-2.6774,7.1381,35.4902,2.74,2,40.0,0.573,0.0408,0.624,0.0933,0.589,0.7129,0.3061,0.198,0.1429,0.1131,176.1994,7.9166,0.4444,86.379,0,0,0,0,0,0,0,0,0,0,0,0,0,0,clear,
sample10.mp4,39.00,42.00,3.0,9,0.6667,1.0,1.0,7,7,1.0,7.6186,7.1546,-1.7195,13.5963,-21.8168,55.1838,49.3347,1.99,4,80.0,0.5718,0.0444,0.6254,0.062,0.589,0.7129,0.3061,0.198,0.1429,0.0954,176.1994,7.9166,0.5556,119.4119,1,1,0,0,0,0,0,0,0,0,0,0,0,0,clear,
sample10.mp4,42.00,45.00,3.0,9,0.7778,1.0,0.8333,6,5,0.67,4.6748,1.2465,8.1185,4.72,-8.89,1.798,1.8988,34.5,2,40.0,0.6216,0.0789,0.7221,0.0497,0.589,0.7129,0.3061,0.198,0.1667,0.0794,176.1994,7.9166,0.0,4.1422,0,0,0,0,0,0,0,0,0,0,0,0,0,0,clear,
sample10.mp4,51.00,54.00,3.0,9,0.6667,1.0,0.8571,7,6,1.0,4.1703,3.1012,9.5022,10.4386,-8.5607,3.8493,20.0429,4.75,3,60.0,0.5618,0.0632,0.6218,0.0627,0.589,0.7129,0.3061,0.198,0.1429,0.1141,176.1994,7.9166,0.5556,124.131,1,1,0,0,1,0,0,0,0,0,0,0,0,0,clear,
sample10.mp4,54.00,57.00,3.0,9,0.4444,1.0,0.8571,7,6,1.67,5.1418,4.8283,3.3977,8.9632,-5.7218,3.1256,49.6486,1.97,4,80.0,0.5722,0.0835,0.7796,0.1463,0.589,0.7129,0.3061,0.198,0.4286,0.1614,176.1994,7.9166,0.6667,199.2131,0,0,0,0,0,0,0,0,0,0,0,0,0,0,clear,
sample10.mp4,57.00,60.00,3.0,9,0.5556,1.0,0.8333,6,5,1.33,6.7538,5.1351,3.4615,13.344,-3.1106,5.0148,62.2965,1.58,1,20.0,0.5486,0.1033,0.673,0.1593,0.589,0.7129,0.3061,0.198,0.5,0.1564,176.1994,7.9166,0.7778,236.4086,1,1,0,0,0,0,0,0,0,0,0,0,0,0,clear,
sample10.mp4,75.00,78.00,3.0,9,0.2222,1.0,0.8571,7,6,2.33,5.1503,3.4234,7.9354,3.8815,-6.9707,3.7173,32.9168,2.95,2,40.0,0.5494,0.0797,0.7547,0.0739,0.589,0.7129,0.3061,0.198,0.0,0.1133,176.1994,7.9166,0.3333,122.4298,0,0,0,0,0,0,0,0,0,0,0,0,0,0,clear,
sample10.mp4,78.00,81.00,3.0,9,0.2222,1.0,1.0,9,9,2.33,3.7539,1.5155,8.552,4.4119,-6.4994,3.602,32.6191,2.97,1,20.0,0.5859,0.0272,0.6577,0.0824,0.589,0.7129,0.3061,0.198,0.2222,0.0704,176.1994,7.9166,0.1111,42.7984,1,1,0,0,0,0,0,0,0,0,0,0,0,0,clear,
sample10.mp4,84.00,87.00,3.0,9,0.3333,1.0,1.0,8,8,2.0,4.4347,2.7485,12.2719,12.2498,-2.2723,7.6762,49.0055,2.0,2,40.0,0.5499,0.0651,0.597,0.154,0.589,0.7129,0.3061,0.198,0.375,0.1656,176.1994,7.9166,0.7778,201.8382,1,1,0,0,0,0,0,0,0,0,0,0,0,0,clear,
sample10.mp4,90.00,93.00,3.0,9,0.2222,1.0,0.8,5,4,2.33,7.5021,6.6266,7.388,18.8751,-6.2567,3.5786,21.6038,4.42,1,20.0,0.573,0.1116,0.6189,0.1012,0.589,0.7129,0.3061,0.198,0.4,0.1527,176.1994,7.9166,1.0,311.2392,1,1,0,0,1,0,1,0,0,1,0,0,0,0,clear,
sample10.mp4,99.00,102.00,3.0,9,0.3333,1.0,0.7143,7,5,2.0,5.628,1.6879,0.4741,17.7694,-0.7215,5.9476,3.6552,21.48,2,40.0,0.5555,0.1183,0.6287,0.1639,0.589,0.7129,0.3061,0.198,0.2857,0.1715,176.1994,7.9166,0.5556,16.9116,2,1,1,0,0,0,0,0,0,0,0,0,0,0,clear,
sample10.mp4,123.00,126.00,3.0,9,0.1111,1.0,0.8889,9,8,2.67,3.9569,2.8295,1.0218,11.2217,-0.6547,2.296,36.2344,2.69,3,60.0,0.5749,0.0914,0.694,0.0917,0.589,0.7129,0.3061,0.198,0.2222,0.1132,176.1994,7.9166,1.0,315.2801,0,0,0,0,0,0,0,0,0,0,0,0,0,0,clear,
sample10.mp4,126.00,129.00,3.0,9,0.6667,1.0,0.6,5,3,1.0,4.8604,2.982,-4.5897,9.5495,-0.3935,7.2133,18.9773,5.01,2,40.0,0.6587,0.1028,0.7985,0.3071,0.589,0.7129,0.3061,0.198,0.4,0.2728,176.1994,7.9166,0.6667,50.9074,1,1,0,0,0,0,0,0,0,0,0,0,0,0,clear,
sample10.mp4,129.00,132.00,3.0,9,0.4444,1.0,1.0,7,7,1.67,4.6499,2.515,8.0,5.6853,-6.1804,2.6171,18.5466,5.12,4,80.0,0.5508,0.0552,0.6443,0.1724,0.589,0.7129,0.3061,0.198,0.4286,0.1538,176.1994,7.9166,0.3333,120.632,1,1,0,0,0,0,0,0,0,0,0,0,0,0,clear,
sample10.mp4,135.00,138.00,3.0,9,0.1111,1.0,1.0,8,8,2.67,3.5467,2.6073,-5.9317,10.4395,-0.6744,5.7809,19.5359,4.87,2,40.0,0.5704,0.0343,0.6652,0.0402,0.589,0.7129,0.3061,0.198,0.0,0.0667,176.1994,7.9166,1.0,203.8977,1,1,0,0,0,0,0,0,0,0,0,0,0,0,clear,
sample10.mp4,159.00,162.00,3.0,9,0.5556,1.0,1.0,5,5,1.33,2.7811,1.8437,4.4873,7.2795,-6.5253,3.7906,4.9581,16.78,1,20.0,0.5509,0.0292,0.766,0.0286,0.589,0.7129,0.3061,0.198,0.0,0.0666,176.1994,7.9166,0.1111,7.2509,1,1,0,0,0,0,0,0,0,0,0,0,0,0,clear,
sample10.mp4,165.00,168.00,3.0,9,0.8889,1.0,1.0,9,9,0.33,2.1171,0.9573,-17.2442,10.5569,3.4469,7.1913,33.6273,2.89,2,40.0,0.5769,0.0334,0.7096,0.0886,0.589,0.7129,0.3061,0.198,0.0,0.0818,176.1994,7.9166,1.0,319.5512,0,0,0,0,0,0,0,0,0,0,0,0,0,0,clear,
sample10.mp4,168.00,171.00,3.0,9,0.4444,1.0,0.875,8,7,1.67,3.5748,2.6145,9.8525,10.1369,-6.7939,3.8415,18.4475,5.14,3,60.0,0.6049,0.0503,0.6329,0.0823,0.589,0.7129,0.3061,0.198,0.125,0.1134,176.1994,7.9166,0.7778,201.4397,1,1,0,0,1,0,0,0,0,0,0,0,0,0,clear,
sample10.mp4,180.00,183.00,3.0,9,0.7778,1.0,0.7778,9,7,0.67,3.1714,3.2612,-0.7064,9.4612,-5.7307,4.3557,63.2002,1.56,2,40.0,0.576,0.0549,0.7179,0.0694,0.589,0.7129,0.3061,0.198,0.0,0.0864,176.1994,7.9166,0.6667,200.5215,1,1,0,0,0,0,0,0,0,0,0,0,0,0,clear,
sample10.mp4,189.00,192.00,3.0,9,0.4444,1.0,1.0,8,8,1.67,4.4507,3.0743,-3.2729,16.7008,-2.3066,6.1917,34.7495,2.8,2,40.0,0.5738,0.034,0.6026,0.1151,0.589,0.7129,0.3061,0.198,0.25,0.1232,176.1994,7.9166,0.6667,161.3562,1,1,0,0,0,0,0,0,0,0,0,0,0,0,clear,
sample10.mp4,192.00,195.00,3.0,9,0.4444,1.0,0.875,8,7,1.67,2.7476,2.9473,2.0582,10.3639,-6.5379,2.9873,63.138,1.56,2,40.0,0.5401,0.1093,0.6693,0.1051,0.589,0.7129,0.3061,0.198,0.5,0.1432,176.1994,7.9166,0.6667,236.4181,1,1,0,,,,,,,,,,,,clear,
sample10.mp4,198.00,201.00,3.0,9,0.4444,1.0,0.8571,7,6,1.67,3.4442,1.7924,7.1446,10.4069,-1.9095,5.5843,49.1421,1.99,3,60.0,0.5861,0.0478,0.6424,0.1103,0.589,0.7129,0.3061,0.198,0.1429,0.1268,176.1994,7.9166,0.4444,123.3303,0,0,0,0,0,0,0,0,0,0,0,0,0,0,clear,
sample10.mp4,204.00,207.00,3.0,9,0.6667,1.0,0.8889,9,8,1.0,2.6106,1.3018,-3.9511,15.1797,0.1381,6.6343,47.8035,2.05,1,20.0,0.5957,0.058,0.6282,0.1274,0.589,0.7129,0.3061,0.198,0.2222,0.1289,176.1994,7.9166,0.8889,131.777,1,1,0,0,0,0,0,0,0,0,0,0,0,0,clear,
sample10.mp4,219.00,222.00,3.0,9,0.1111,1.0,0.7778,9,7,2.67,4.5764,3.8871,2.9647,12.4984,-5.4814,3.9091,20.2107,4.71,2,40.0,0.5447,0.093,0.7398,0.1032,0.589,0.7129,0.3061,0.198,0.3333,0.1245,176.1994,7.9166,0.5556,158.829,0,0,0,0,0,0,0,0,0,1,0,0,0,0,clear,
sample10.mp4,246.00,249.00,3.0,9,0.7778,1.0,0.875,8,7,0.67,3.0092,1.1455,1.8301,9.3982,-2.7657,5.1373,19.1044,4.97,1,20.0,0.5761,0.0555,0.6946,0.1435,0.589,0.7129,0.3061,0.198,0.25,0.1416,176.1994,7.9166,0.7778,276.5073,0,0,0,0,0,0,0,0,0,0,0,0,0,0,clear,
sample11.mp4,12.00,15.00,3.0,9,0.7778,1.0,0.5,2,1,0.49,9.843,1.7601,-0.9439,16.92,-3.4313,4.2692,8.6194,10.4,1,20.0,0.6159,0.042,0.7554,0.1112,0.5851,0.8344,0.2158,0.174,0.5,0.1189,171.1537,23.1872,0.5556,24.2222,0,0,0,0,0,0,0,0,0,0,1,0,0,0,clear,
sample11.mp4,15.00,18.00,3.0,9,0.2222,1.0,1.0,6,6,2.14,9.2183,1.584,1.0991,13.744,-3.5865,2.9523,6.09,14.1,2,40.0,0.5116,0.0634,0.9004,0.0971,0.5851,0.8344,0.2158,0.174,0.3333,0.1242,171.1537,23.1872,0.6667,22.1626,1,1,0,0,0,0,0,0,0,0,0,0,0,0,clear,
sample11.mp4,21.00,24.00,3.0,9,0.2222,1.0,1.0,6,6,2.06,8.8583,1.3137,1.759,15.9692,-6.9362,3.8931,4.6477,17.71,4,80.0,0.5539,0.0237,0.8257,0.0763,0.5851,0.8344,0.2158,0.174,0.0,0.0723,171.1537,23.1872,0.4444,21.4977,0,0,0,0,0,0,0,0,0,0,1,0,0,0,clear,
sample11.mp4,39.00,42.00,3.0,9,0.1111,1.0,1.0,8,8,2.52,8.7353,1.3698,15.1288,14.6487,-9.1826,3.6834,3.1941,23.84,2,40.0,0.5418,0.0526,0.8131,0.055,0.5851,0.8344,0.2158,0.174,0.0,0.0833,171.1537,23.1872,0.2222,9.6922,0,0,0,0,0,0,0,0,0,0,1,0,0,1,clear,
sample11.mp4,45.00,48.00,3.0,9,0.4444,1.0,1.0,5,5,1.69,8.0653,0.9968,24.0163,3.5771,-11.4055,1.3078,1.899,34.49,1,20.0,0.5256,0.0361,0.8648,0.0576,0.5851,0.8344,0.2158,0.174,0.0,0.0806,171.1537,23.1872,0.0,3.5742,0,0,0,0,0,0,0,0,0,0,1,0,0,0,clear,
sample11.mp4,87.00,90.00,3.0,9,0.7778,1.0,1.0,4,4,0.67,7.8373,1.2382,24.2731,2.7429,-11.7098,0.8931,1.2166,45.11,1,20.0,0.5628,0.0705,0.7289,0.226,0.5851,0.8344,0.2158,0.174,0.75,0.2258,171.1537,23.1872,0.0,3.23,0,0,0,0,0,0,0,0,0,0,0,0,0,0,clear,
sample11.mp4,93.00,96.00,3.0,9,0.3333,1.0,0.8333,6,5,1.85,7.8864,0.5538,24.7965,2.0818,-8.3871,1.3099,1.1292,46.97,4,80.0,0.4795,0.0648,0.7859,0.1273,0.5851,0.8344,0.2158,0.174,0.5,0.176,171.1537,23.1872,0.0,2.5384,0,0,0,0,0,0,0,0,0,0,1,0,0,0,clear,
sample11.mp4,96.00,99.00,3.0,9,0.2222,1.0,1.0,7,7,2.15,7.9893,1.524,17.3271,13.099,-5.6346,4.0608,2.8819,25.76,2,40.0,0.5675,0.0893,0.8115,0.0904,0.5851,0.8344,0.2158,0.174,0.1429,0.1145,171.1537,23.1872,0.2222,8.9413,0,0,0,0,0,0,0,0,0,0,0,0,0,0,clear,
sample11.mp4,147.00,150.00,3.0,9,0.2222,1.0,1.0,8,8,2.19,8.6617,0.842,23.9129,3.2071,-13.5365,1.1243,1.1505,46.5,3,60.0,0.4714,0.0524,0.8097,0.096,0.5851,0.8344,0.2158,0.174,0.25,0.1486,171.1537,23.1872,0.0,2.9714,0,0,0,0,0,0,0,0,0,0,0,0,0,0,clear,
sample11.mp4,159.00,162.00,3.0,9,0.3333,1.0,1.0,4,4,2.02,8.5439,1.6311,0.3571,15.3611,-6.3736,4.0127,7.9495,11.17,1,20.0,0.5598,0.0322,0.8036,0.071,0.5851,0.8344,0.2158,0.174,0.0,0.0752,171.1537,23.1872,0.5556,22.9933,0,0,0,0,0,0,0,0,0,0,1,0,0,0,clear,
sample11.mp4,165.00,168.00,3.0,9,0.3333,1.0,1.0,6,6,2.02,8.712,2.5126,0.3932,18.1529,-6.598,5.4876,6.491,13.35,2,40.0,0.5419,0.058,0.8147,0.0553,0.5851,0.8344,0.2158,0.174,0.1667,0.0737,171.1537,23.1872,0.6667,23.1749,0,0,0,0,0,0,0,0,0,0,1,0,0,0,clear,
sample11.mp4,177.00,180.00,3.0,9,0.6667,1.0,1.0,4,4,0.81,7.8218,1.3129,20.3459,2.872,-10.4943,1.0,1.712,36.87,1,20.0,0.5607,0.0586,0.687,0.1222,0.5851,0.8344,0.2158,0.174,0.25,0.1922,171.1537,23.1872,0.0,3.3774,0,0,0,0,0,0,0,0,0,0,1,0,0,0,clear,
sample11.mp4,180.00,183.00,3.0,9,0.1111,1.0,0.875,8,7,2.46,8.2137,1.4552,15.3264,9.8654,-8.5931,2.685,3.1939,23.84,2,40.0,0.5355,0.085,0.9273,0.0823,0.5851,0.8344,0.2158,0.174,0.25,0.1517,171.1537,23.1872,0.1111,8.1801,0,0,0,0,0,0,0,0,0,0,1,0,0,0,clear,
sample11.mp4,189.00,192.00,3.0,8,0.0,1.0,1.0,8,8,2.68,8.2808,1.9294,5.9887,12.8717,-7.6763,3.5675,3.5981,21.75,4,80.0,0.5426,0.0614,0.8407,0.0689,0.5851,0.8344,0.2158,0.174,0.0,0.0927,171.1537,23.1872,0.625,17.7616,0,0,0,0,0,0,0,0,0,0,0,0,0,0,clear,
sample11.mp4,192.00,195.00,3.0,9,0.4444,1.0,1.0,4,4,1.63,9.3281,1.9516,-2.0943,16.9035,-6.6185,3.9175,5.0244,16.6,1,20.0,0.4864,0.0614,0.8092,0.2302,0.5851,0.8344,0.2158,0.174,1.0,0.253,171.1537,23.1872,0.5556,25.4471,0,0,0,0,0,0,0,0,0,0,1,0,0,0,clear,
sample11.mp4,210.00,213.00,3.0,9,0.4444,1.0,1.0,2,2,1.69,7.2305,1.6245,4.8206,13.4071,-5.3775,3.0335,9.117,9.88,1,20.0,0.5372,0.0767,0.6763,0.0417,0.5851,0.8344,0.2158,0.174,0.5,0.1862,171.1537,23.1872,0.5556,18.6214,0,0,0,0,0,0,0,0,0,0,1,0,0,0,clear,
sample11.mp4,222.00,225.00,3.0,9,0.6667,1.0,1.0,3,3,1.01,8.0852,1.4848,10.6155,15.1959,-9.3699,3.9088,5.0012,16.66,2,40.0,0.5237,0.0552,0.7934,0.1415,0.5851,0.8344,0.2158,0.174,0.3333,0.1571,171.1537,23.1872,0.2222,12.92,0,0,0,0,0,0,0,0,0,0,1,0,0,0,clear,
sample11.mp4,225.00,228.00,3.0,9,0.0,1.0,1.0,8,8,2.91,9.1505,1.261,-8.0732,16.4144,-4.7027,3.4661,3.8476,20.63,2,40.0,0.5018,0.0765,0.8818,0.0979,0.5851,0.8344,0.2158,0.174,0.25,0.14,171.1537,23.1872,0.7778,31.3103,0,0,0,0,0,0,0,0,0,0,1,0,0,0,clear,
sample11.mp4,228.00,231.00,3.0,9,0.1111,1.0,1.0,7,7,2.54,10.5429,1.1182,-15.4828,6.4865,-1.712,1.825,3.7392,21.1,2,40.0,0.531,0.0694,0.8734,0.0446,0.5851,0.8344,0.2158,0.174,0.1429,0.0817,171.1537,23.1872,1.0,38.721,1,1,0,0,0,0,0,0,0,0,1,0,0,0,clear,
sample12.mp4,0.00,3.00,3.0,9,0.0,1.0,0.8889,9,8,3.0,0.9659,0.5427,-16.0226,9.9988,1.9007,1.0294,48.3421,2.03,1,20.0,0.5925,0.0304,0.7632,0.0359,0.5891,0.9534,0.2164,0.1877,0.7778,0.1926,178.9682,-15.7791,0.3333,85.6213,0,0,0,0,0,0,0,0,0,0,0,0,0,0,clear,
sample12.mp4,9.00,12.00,3.0,8,0.625,1.0,1.0,7,7,1.07,0.8947,0.6072,-14.6481,6.7922,1.7222,0.9359,54.0514,1.82,3,60.0,0.5358,0.0471,0.6482,0.0333,0.5891,0.9534,0.2164,0.1877,1.0,0.3135,178.9682,-15.7791,0.625,225.2615,1,1,0,0,0,0,0,0,0,0,0,0,0,0,clear,
sample12.mp4,72.00,75.00,3.0,8,0.375,1.0,0.625,8,5,1.79,0.9928,0.5305,-11.4905,3.6702,0.4339,0.5998,35.4496,2.74,1,20.0,0.6447,0.1008,0.9649,0.0704,0.5891,0.9534,0.2164,0.1877,0.25,0.1075,178.9682,-15.7791,0.875,313.3698,1,1,0,0,0,0,0,0,0,1,0,0,0,0,clear,
sample12.mp4,81.00,84.00,3.0,9,0.5556,1.0,0.5556,9,5,1.14,1.1154,0.6858,-14.4609,5.5054,0.6624,0.477,32.0086,3.03,2,40.0,0.6236,0.1138,0.8119,0.1473,0.5891,0.9534,0.2164,0.1877,0.5556,0.2191,178.9682,-15.7791,0.8889,318.609,1,1,0,0,0,0,0,0,0,1,0,0,0,0,clear,
sample12.mp4,126.00,129.00,3.0,9,0.8889,1.0,0.875,8,7,0.36,1.0973,0.6432,-15.9054,4.0717,0.9206,0.7253,46.1015,2.12,2,40.0,0.5552,0.0519,0.7943,0.0788,0.5891,0.9534,0.2164,0.1877,0.375,0.1732,178.9682,-15.7791,0.2222,82.0169,1,1,0,0,0,0,0,0,0,1,0,0,0,0,clear,
sample12.mp4,129.00,132.00,3.0,8,1.0,1.0,1.0,8,8,0.0,0.7177,0.5273,-10.8304,8.0427,-0.2243,1.087,37.0418,2.63,1,20.0,0.5771,0.015,0.8836,0.0426,0.5891,0.9534,0.2164,0.1877,0.0,0.074,178.9682,-15.7791,0.375,50.1588,0,0,0,0,0,0,0,0,0,1,0,0,0,0,clear,
sample12.mp4,180.00,183.00,3.0,9,0.4444,1.0,1.0,9,9,1.57,1.5185,0.7802,-10.7714,3.2647,-0.1059,0.3364,1.6214,38.15,1,20.0,0.5511,0.023,0.9664,0.0436,0.5891,0.9534,0.2164,0.1877,0.0,0.0599,178.9682,-15.7791,0.0,5.2001,0,0,0,0,0,0,0,0,0,0,0,0,0,0,clear,
sample12.mp4,183.00,186.00,3.0,8,0.75,1.0,0.75,8,6,0.71,1.853,0.8247,-10.7594,4.1514,-0.0664,0.4359,2.0398,32.9,1,20.0,0.6083,0.0613,0.953,0.0345,0.5891,0.9534,0.2164,0.1877,0.0,0.0685,178.9682,-15.7791,0.125,5.3546,1,1,0,0,0,0,0,0,0,1,0,0,0,0,clear,
sample12.mp4,189.00,192.00,3.0,8,0.0,1.0,0.875,8,7,2.71,0.896,0.7056,-8.8865,4.2333,0.8947,0.3608,36.4055,2.67,1,20.0,0.5766,0.0977,1.1263,0.137,0.5891,0.9534,0.2164,0.1877,0.375,0.1923,178.9682,-15.7791,0.125,50.3491,0,0,0,0,0,0,0,0,0,0,0,0,0,0,clear,
sample12.mp4,219.00,222.00,3.0,8,0.625,1.0,1.0,8,8,1.07,1.9162,0.9395,-9.0332,10.0648,0.2364,1.5026,20.3116,4.69,1,20.0,0.6147,0.0177,0.9176,0.0796,0.5891,0.9534,0.2164,0.1877,0.125,0.0791,178.9682,-15.7791,0.5,54.1982,0,0,0,0,0,0,0,0,0,0,0,0,0,0,clear,
sample13.mp4,9.00,12.00,3.0,9,1.0,1.0,1.0,9,9,0.0,4.2404,0.9617,-17.6574,1.8688,2.2154,0.3208,1.1627,46.24,0,0.0,0.5734,0.0164,0.5499,0.0135,0.5727,0.5567,0.5333,0.3648,0.0,0.0204,175.2872,-17.3527,0.0,1.9113,0,0,0,0,0,0,0,0,0,0,0,0,0,0,clear,
sample13.mp4,30.00,33.00,3.0,9,1.0,1.0,1.0,9,9,0.0,3.5213,1.0452,-13.7489,4.0704,1.5349,0.4124,2.2644,30.63,0,0.0,0.5576,0.0188,0.5424,0.0163,0.5727,0.5567,0.5333,0.3648,0.0,0.0305,175.2872,-17.3527,0.0,4.9422,0,0,0,0,0,0,0,0,0,0,0,0,0,0,clear,
sample13.mp4,36.00,39.00,3.0,9,1.0,1.0,1.0,9,9,0.0,5.5578,0.9294,-19.4999,2.3445,3.0988,0.7705,1.386,41.91,0,0.0,0.5623,0.0262,0.5349,0.0198,0.5727,0.5567,0.5333,0.3648,0.0,0.0382,175.2872,-17.3527,0.0,3.1962,0,0,0,0,0,0,0,0,0,0,0,0,0,0,clear,
sample13.mp4,63.00,66.00,3.0,9,0.8889,1.0,1.0,9,9,0.33,5.5575,0.6886,-20.9039,1.5323,3.6165,0.2797,1.143,46.66,1,20.0,0.5672,0.0186,0.5785,0.0625,0.5727,0.5567,0.5333,0.3648,0.0,0.05,175.2872,-17.3527,0.0,3.7511,0,0,0,0,0,0,0,0,0,0,0,0,0,0,clear,
sample13.mp4,72.00,75.00,3.0,9,1.0,1.0,1.0,9,9,0.0,5.2454,1.4126,-20.6458,1.2092,4.1011,0.2172,0.9889,50.28,0,0.0,0.5702,0.0141,0.5622,0.0174,0.5727,0.5567,0.5333,0.3648,0.0,0.0211,175.2872,-17.3527,0.0,3.6801,0,0,0,0,0,0,0,0,0,0,0,0,0,0,clear,
sample13.mp4,75.00,78.00,3.0,9,1.0,1.0,1.0,9,9,0.0,5.469,0.6521,-21.7209,1.1307,3.9399,0.319,0.8652,53.61,0,0.0,0.5543,0.0185,0.5441,0.0206,0.5727,0.5567,0.5333,0.3648,0.0,0.0341,175.2872,-17.3527,0.0,4.4893,0,0,0,0,0,0,0,0,0,0,0,0,0,0,clear,
sample13.mp4,81.00,84.00,3.0,9,1.0,1.0,1.0,9,9,0.0,5.1348,0.9661,-20.5575,1.155,3.7653,0.2339,0.9653,50.88,0,0.0,0.5688,0.0199,0.5428,0.0178,0.5727,0.5567,0.5333,0.3648,0.0,0.0265,175.2872,-17.3527,0.0,3.3955,0,0,0,0,0,0,0,0,0,0,0,0,0,0,clear,
sample13.mp4,96.00,99.00,3.0,9,1.0,1.0,1.0,9,9,0.0,4.7688,0.6922,-20.5364,1.3929,3.7387,0.3169,1.0374,49.08,0,0.0,0.5741,0.0122,0.5186,0.0183,0.5727,0.5567,0.5333,0.3648,0.0,0.0399,175.2872,-17.3527,0.0,3.3077,0,0,0,0,0,0,0,0,0,0,0,0,0,0,clear,
sample13.mp4,99.00,102.00,3.0,9,1.0,1.0,1.0,9,9,0.0,4.8886,0.6156,-16.6231,6.6013,1.7613,2.3968,2.0248,33.06,0,0.0,0.5724,0.016,0.5331,0.021,0.5727,0.5567,0.5333,0.3648,0.0,0.0295,175.2872,-17.3527,0.1111,5.2483,0,0,0,0,0,0,0,0,0,0,0,0,0,0,clear,
sample13.mp4,102.00,105.00,3.0,9,0.7778,1.0,1.0,9,9,0.56,3.7431,1.211,-4.0731,9.3193,-0.7014,0.9041,4.141,19.45,0,0.0,0.5609,0.0174,0.5589,0.0262,0.5727,0.5567,0.5333,0.3648,0.0,0.0315,175.2872,-17.3527,0.5556,13.8201,0,0,0,,,,,,,,,,,,clear,
sample13.mp4,108.00,111.00,3.0,9,0.8889,1.0,1.0,9,9,0.33,3.4446,1.1766,-7.2068,7.4512,0.1605,0.4773,3.9733,20.11,0,0.0,0.5704,0.0115,0.5528,0.0192,0.5727,0.5567,0.5333,0.3648,0.0,0.0217,175.2872,-17.3527,0.3333,10.3518,0,0,0,0,0,0,0,0,0,0,0,0,0,0,clear,
sample13.mp4,129.00,132.00,3.0,9,1.0,1.0,1.0,9,9,0.0,4.7721,0.2975,-16.2675,1.5923,2.4213,0.3316,0.8367,54.45,0,0.0,0.5698,0.0131,0.5238,0.0094,0.5727,0.5567,0.5333,0.3648,0.0,0.0354,175.2872,-17.3527,0.0,1.7935,0,0,0,0,0,0,0,0,0,0,0,0,0,0,clear,
sample13.mp4,138.00,141.00,3.0,9,1.0,1.0,1.0,9,9,0.0,4.5997,0.9949,-17.2559,1.2009,2.3884,0.2438,0.9921,50.2,0,0.0,0.5774,0.0131,0.5402,0.0153,0.5727,0.5567,0.5333,0.3648,0.0,0.0238,175.2872,-17.3527,0.0,1.3622,0,0,0,0,0,0,0,0,0,0,0,0,0,0,clear,
sample13.mp4,144.00,147.00,3.0,9,1.0,1.0,1.0,9,9,0.0,4.7559,0.6424,-17.7451,2.0938,2.5651,0.3528,1.2773,43.91,1,20.0,0.57,0.0174,0.5431,0.0213,0.5727,0.5567,0.5333,0.3648,0.0,0.0278,175.2872,-17.3527,0.0,2.0488,0,0,0,0,0,0,0,0,0,0,0,0,0,0,clear,
sample13.mp4,174.00,177.00,3.0,9,0.4444,1.0,1.0,8,8,1.49,4.2405,0.8124,11.2623,17.7114,-1.7153,3.1154,31.8399,3.05,0,0.0,0.5457,0.0232,0.6946,0.0742,0.5727,0.5567,0.5333,0.3648,0.5,0.1489,175.2872,-17.3527,0.6667,64.6246,0,0,0,0,0,0,0,0,0,0,0,0,0,0,clear,
sample14.mp4,0.00,3.00,3.0,9,0.1111,1.0,0.7778,9,7,2.67,3.7503,1.7377,-0.3022,2.2171,-3.5633,0.7341,31.0283,3.12,1,20.0,0.6489,0.0814,0.7565,0.1154,0.6026,0.7161,0.3889,0.1853,0.3333,0.1307,177.8093,0.0277,0.8889,314.867,0,0,0,0,0,0,0,0,0,0,0,0,0,0,clear,
sample14.mp4,12.00,15.00,3.0,9,0.4444,1.0,0.3333,9,3,1.67,3.1678,1.8639,-16.3542,10.0015,-2.5543,1.0222,32.4834,2.99,1,20.0,0.6669,0.0631,0.5605,0.1845,0.6026,0.7161,0.3889,0.1853,0.7778,0.2466,177.8093,0.0277,0.8889,316.4929,1,1,0,0,0,0,0,0,0,0,0,0,0,0,clear,
sample14.mp4,27.00,30.00,3.0,9,0.8889,1.0,1.0,9,9,0.33,2.1088,0.9737,5.6852,6.5766,-2.9623,1.2587,61.6853,1.6,3,60.0,0.5573,0.0284,0.7018,0.1168,0.6026,0.7161,0.3889,0.1853,0.1111,0.1038,177.8093,0.0277,0.7778,240.2681,0,0,0,0,0,0,0,0,0,0,0,0,0,0,clear,
sample14.mp4,33.00,36.00,3.0,9,0.8889,1.0,0.8889,9,8,0.33,1.1304,0.9804,-0.8402,6.0049,-2.587,0.978,47.9322,2.04,1,20.0,0.5797,0.0765,0.7055,0.0853,0.6026,0.7161,0.3889,0.1853,0.1111,0.0994,177.8093,0.0277,0.6667,238.6996,0,0,0,0,0,0,0,0,0,0,0,0,0,0,clear,
sample14.mp4,42.00,45.00,3.0,9,0.5556,1.0,0.8889,9,8,1.33,1.5783,1.4362,-1.6088,5.3362,-2.8931,0.4812,32.2063,3.01,1,20.0,0.5913,0.0376,0.7714,0.1256,0.6026,0.7161,0.3889,0.1853,0.1111,0.1136,177.8093,0.0277,0.8889,316.8304,0,0,0,0,0,0,0,0,0,0,0,0,0,0,clear,
sample14.mp4,81.00,84.00,3.0,9,1.0,1.0,0.0,9,0,0.0,2.7327,1.9431,-29.4111,2.5793,-3.556,0.6433,31.0993,3.12,1,20.0,0.7039,0.0475,0.6168,0.0611,0.6026,0.7161,0.3889,0.1853,0.4444,0.1535,177.8093,0.0277,1.0,65.8563,1,1,0,0,0,0,0,0,0,0,0,0,0,0,clear,
sample14.mp4,84.00,87.00,3.0,9,0.6667,1.0,0.5,8,4,1.0,2.476,1.2948,-12.6045,11.4487,-2.8728,0.9492,62.1046,1.58,2,40.0,0.6542,0.067,0.6667,0.2079,0.6026,0.7161,0.3889,0.1853,0.625,0.1961,177.8093,0.0277,0.5556,163.0183,1,1,0,0,0,0,0,0,0,0,0,0,0,0,clear,
sample14.mp4,90.00,93.00,3.0,9,0.6667,1.0,0.6667,9,6,1.0,4.5334,1.7141,5.8101,7.5876,-2.6514,0.7507,3.3506,22.99,3,60.0,0.6365,0.0355,0.5825,0.1442,0.6026,0.7161,0.3889,0.1853,0.6667,0.1893,177.8093,0.0277,1.0,353.4048,1,1,0,0,0,0,0,0,0,0,0,0,0,0,clear,
sample14.mp4,93.00,96.00,3.0,9,0.6667,1.0,0.8889,9,8,1.0,1.9667,1.141,6.8756,3.2077,-3.1997,1.6634,46.5574,2.1,1,20.0,0.6095,0.0614,0.7578,0.1025,0.6026,0.7161,0.3889,0.1853,0.1111,0.1021,177.8093,0.0277,0.4444,161.5085,0,0,0,0,0,0,0,0,0,0,0,0,0,0,clear,
sample14.mp4,105.00,108.00,3.0,9,0.8889,1.0,0.8889,9,8,0.33,2.2089,0.7397,3.6842,6.682,-0.4164,1.0104,47.7333,2.05,1,20.0,0.6072,0.0243,0.7494,0.0964,0.6026,0.7161,0.3889,0.1853,0.1111,0.055,177.8093,0.0277,0.3333,122.1074,0,0,0,0,0,0,0,0,0,0,0,0,0,0,clear,
sample14.mp4,111.00,114.00,3.0,9,0.5556,1.0,1.0,9,9,1.33,2.1418,1.3324,4.3328,6.8984,-2.6195,1.1151,47.5164,2.06,2,40.0,0.59,0.0336,0.8475,0.2397,0.6026,0.7161,0.3889,0.1853,0.3333,0.1922,177.8093,0.0277,0.5556,124.8314,0,0,0,0,0,0,0,0,0,0,0,0,0,0,clear,
sample14.mp4,114.00,117.00,3.0,9,0.7778,1.0,0.7778,9,7,0.67,1.0164,1.0579,-0.5318,4.8077,17.5248,57.4488,32.4119,2.99,1,20.0,0.6053,0.0562,0.7591,0.1294,0.6026,0.7161,0.3889,0.1853,0.2222,0.1019,177.8093,0.0277,0.3333,122.2728,0,0,0,0,0,0,0,0,0,0,0,0,0,0,clear,
sample14.mp4,117.00,120.00,3.0,9,0.8889,1.0,0.8889,9,8,0.33,1.0008,0.6651,-0.1435,2.863,-3.2357,0.4853,16.404,5.75,1,20.0,0.5706,0.0387,0.7211,0.1001,0.6026,0.7161,0.3889,0.1853,0.1111,0.0826,177.8093,0.0277,0.4444,160.1992,0,0,0,0,0,0,0,0,0,0,0,0,0,0,clear,
sample14.mp4,120.00,123.00,3.0,9,1.0,1.0,1.0,9,9,0.0,2.1319,1.0774,0.6175,5.8117,-2.0647,1.2444,17.872,5.3,1,20.0,0.5951,0.0262,0.7082,0.0483,0.6026,0.7161,0.3889,0.1853,0.0,0.0531,177.8093,0.0277,0.4444,161.1632,0,0,0,0,0,0,0,0,0,0,0,0,0,0,clear,
sample14.mp4,153.00,156.00,3.0,9,0.8889,1.0,0.7778,9,7,0.33,1.7859,0.9637,5.8664,3.2868,-0.2677,1.2771,31.9544,3.03,2,40.0,0.618,0.0301,0.6992,0.0759,0.6026,0.7161,0.3889,0.1853,0.0,0.077,177.8093,0.0277,0.8889,317.7061,0,0,0,0,0,0,0,0,0,0,0,0,0,0,clear,
sample14.mp4,162.00,165.00,3.0,9,0.6667,1.0,0.8889,9,8,1.0,1.4926,0.9755,-2.477,8.3507,-0.4653,1.3697,31.9612,3.03,1,20.0,0.6121,0.0623,0.7955,0.1151,0.6026,0.7161,0.3889,0.1853,0.2222,0.1175,177.8093,0.0277,0.6667,239.0106,0,0,0,0,0,0,0,0,0,0,0,0,0,0,clear,
sample14.mp4,165.00,168.00,3.0,9,0.5556,1.0,0.8889,9,8,1.33,1.5924,1.2907,1.8918,6.0036,-2.2183,1.4404,76.3349,1.29,1,20.0,0.6081,0.03,0.8315,0.1343,0.6026,0.7161,0.3889,0.1853,0.4444,0.1473,177.8093,0.0277,0.6667,239.8112,0,0,0,0,0,0,0,0,0,0,0,0,0,0,clear,
sample14.mp4,186.00,189.00,3.0,9,0.3333,1.0,1.0,9,9,2.0,3.2255,1.8194,-2.2226,5.3993,-4.3659,1.5623,2.4979,28.59,1,20.0,0.5831,0.027,0.8352,0.0739,0.6026,0.7161,0.3889,0.1853,0.3333,0.1257,177.8093,0.0277,0.1111,4.9275,0,0,0,0,0,0,0,0,0,0,0,0,0,0,clear,
sample14.mp4,219.00,222.00,3.0,9,0.3333,1.0,0.2222,9,2,2.0,1.4704,0.968,-14.9968,14.529,-3.4301,1.6647,65.1287,1.51,1,20.0,0.6894,0.0685,0.5802,0.1056,0.6026,0.7161,0.3889,0.1853,0.7778,0.195,177.8093,0.0277,0.8889,242.5213,2,1,1,0,1,0,1,0,0,0,0,0,0,0,clear,
sample14.mp4,228.00,231.00,3.0,9,1.0,1.0,1.0,9,9,0.0,3.1826,1.7157,5.7464,5.2519,-2.506,2.4476,32.4589,2.99,2,40.0,0.611,0.0187,0.7647,0.0758,0.6026,0.7161,0.3889,0.1853,0.0,0.0799,177.8093,0.0277,0.3333,85.4612,1,1,0,0,0,0,0,0,0,0,0,0,0,0,clear,
sample14.mp4,234.00,237.00,3.0,9,0.7778,1.0,0.8889,9,8,0.67,1.8921,1.3715,-7.0174,8.8926,-0.0735,1.4168,32.958,2.94,1,20.0,0.5942,0.0452,0.7357,0.0213,0.6026,0.7161,0.3889,0.1853,0.0,0.0437,177.8093,0.0277,0.3333,48.7739,0,0,0,0,0,0,0,0,0,0,0,0,0,0,clear,
sample14.mp4,237.00,240.00,3.0,9,0.7778,1.0,0.8889,9,8,0.67,2.4377,1.2726,7.879,4.7951,-3.7307,1.5894,32.4492,2.99,1,20.0,0.6101,0.0288,0.8177,0.0929,0.6026,0.7161,0.3889,0.1853,0.1111,0.1121,177.8093,0.0277,0.6667,163.4643,0,0,0,0,0,0,0,0,0,0,0,0,0,0,clear,
sample14.mp4,249.00,252.00,3.0,9,0.8889,1.0,0.8889,9,8,0.33,1.5392,0.8421,-2.1791,9.4426,-1.4744,1.491,77.5162,1.27,1,20.0,0.5993,0.0352,0.7453,0.1308,0.6026,0.7161,0.3889,0.1853,0.1111,0.0809,177.8093,0.0277,0.4444,161.3256,0,0,0,0,0,0,0,0,0,0,0,0,0,0,clear,
sample14.mp4,267.00,270.00,3.0,9,0.8889,1.0,0.8889,9,8,0.33,0.548,0.3007,1.3306,5.3115,-1.361,0.449,47.2483,2.07,1,20.0,0.6225,0.0371,0.7345,0.0681,0.6026,0.7161,0.3889,0.1853,0.0,0.066,177.8093,0.0277,0.3333,122.0228,0,0,0,0,0,0,0,0,0,0,0,0,0,0,clear,
sample14.mp4,276.00,279.00,3.0,9,0.3333,1.0,0.6667,9,6,2.0,2.6106,2.0586,8.3525,6.5762,-1.6459,1.114,47.9991,2.04,2,40.0,0.6465,0.0462,0.6368,0.157,0.6026,0.7161,0.3889,0.1853,0.5556,0.1555,177.8093,0.0277,0.8889,278.3887,1,1,0,0,0,0,0,0,0,0,0,0,0,0,clear,
sample14.mp4,300.00,303.00,3.0,9,0.6667,1.0,0.6667,9,6,1.0,1.8001,1.1186,-4.1386,8.1548,-0.4772,1.9996,63.5464,1.55,1,20.0,0.628,0.0373,0.8183,0.1123,0.6026,0.7161,0.3889,0.1853,0.2222,0.1157,177.8093,0.0277,0.6667,239.0404,0,0,0,0,0,0,0,0,0,0,0,0,0,0,clear,
sample14.mp4,333.00,336.00,3.0,9,0.7778,1.0,1.0,9,9,0.67,2.8668,0.9577,2.2608,6.4021,-4.4352,0.8686,3.1402,24.15,1,20.0,0.587,0.0257,0.8495,0.0394,0.6026,0.7161,0.3889,0.1853,0.1111,0.1369,177.8093,0.0277,0.0,5.7369,0,0,0,,,,,,,,,,,,clear,
sample14.mp4,345.00,345.77,0.77,3,1.0,1.0,1.0,3,3,0.0,6.2415,1.9277,5.7218,2.4014,-3.4531,0.8886,2.0243,33.07,1,78.2609,0.5811,0.0357,0.6449,0.0202,0.6026,0.7161,0.3889,0.1853,0.0,0.0821,177.8093,0.0277,1.0,351.6223,0,0,0,0,0,0,0,0,0,0,0,0,0,0,clear,
sample15.mp4,3.00,6.00,3.0,7,0.0,1.0,1.0,7,7,2.8,1.7632,0.6721,19.5996,2.1153,-3.4112,0.8899,1.3005,43.47,1,20.0,0.5588,0.0309,0.7161,0.0458,0.5978,0.7118,0.604,0.1881,0.0,0.0588,-177.4452,15.8834,0.0,4.1102,1,1,0,0,0,0,0,0,0,0,0,0,0,0,clear,
sample15.mp4,6.00,9.00,3.0,8,0.0,1.0,0.625,8,5,3.0,1.9368,1.3214,21.1384,2.7478,-3.2659,1.1184,2.0873,32.39,1,20.0,0.61,0.0545,0.6944,0.0367,0.5978,0.7118,0.604,0.1881,0.0,0.0662,-177.4452,15.8834,0.0,5.4759,1,1,0,0,0,0,0,0,0,0,0,0,0,0,clear,
sample15.mp4,12.00,15.00,3.0,8,1.0,1.0,1.0,8,8,0.0,2.3395,1.0745,17.539,3.0443,-1.7798,0.5221,1.4306,41.14,2,40.0,0.5872,0.0293,0.7146,0.0274,0.5978,0.7118,0.604,0.1881,0.0,0.0359,-177.4452,15.8834,0.0,3.4603,2,1,1,0,0,0,0,0,0,0,0,0,0,0,clear,
sample15.mp4,36.00,39.00,3.0,8,1.0,1.0,1.0,8,8,0.0,2.2456,1.3794,12.9453,4.5998,-2.0039,0.4125,36.5072,2.67,2,40.0,0.5183,0.0182,0.7422,0.0348,0.5978,0.7118,0.604,0.1881,0.0,0.0898,-177.4452,15.8834,0.125,49.1956,0,0,0,0,0,0,0,0,0,0,0,0,0,0,clear,
sample15.mp4,60.00,63.00,3.0,8,0.875,1.0,1.0,8,8,0.2,2.2343,1.2183,7.2189,13.0896,-2.6895,1.348,2.8828,25.75,3,60.0,0.5754,0.0502,0.723,0.0316,0.5978,0.7118,0.604,0.1881,0.0,0.0586,-177.4452,15.8834,0.375,11.0715,1,1,0,0,0,0,0,0,0,0,0,0,0,0,clear,
sample15.mp4,63.00,66.00,3.0,7,0.8571,1.0,1.0,7,7,0.4,1.7513,1.2096,12.6739,13.0768,-0.7391,2.1414,43.3547,2.25,2,40.0,0.5671,0.0145,0.7498,0.0231,0.5978,0.7118,0.604,0.1881,0.0,0.051,-177.4452,15.8834,0.4286,60.3003,1,1,0,0,0,0,0,0,0,0,0,0,0,0,clear,
sample15.mp4,75.00,78.00,3.0,7,1.0,1.0,1.0,7,7,0.0,6.2689,0.5785,15.0792,4.8083,0.3439,0.5185,1.3044,43.4,1,20.0,0.5686,0.0369,0.7864,0.0242,0.5978,0.7118,0.604,0.1881,0.0,0.0881,-177.4452,15.8834,0.0,5.5646,1,1,0,0,0,0,0,0,0,0,0,0,0,0,clear,
sample15.mp4,108.00,111.00,3.0,8,0.875,1.0,1.0,7,7,0.4,2.6068,1.3234,11.0627,6.7188,-1.1096,1.0078,3.0581,24.64,2,40.0,0.5582,0.044,0.7043,0.0271,0.5978,0.7118,0.604,0.1881,0.0,0.0562,-177.4452,15.8834,0.25,7.4137,0,0,0,0,0,0,0,0,0,0,0,0,0,0,clear,
sample15.mp4,123.00,124.52,1.52,4,0.75,1.0,1.0,4,4,0.4,3.9201,0.6774,1.7326,1.3956,-0.6695,0.2602,1.2305,44.83,2,78.9474,0.5973,0.0024,0.7845,0.0944,0.5978,0.7118,0.604,0.1881,0.25,0.077,-177.4452,15.8834,1.0,14.2325,0,0,0,0,0,0,0,0,0,0,0,0,0,0,clear,
sample16.mp4,0.00,3.00,3.0,9,0.7778,1.0,0.0,0,0,0.67,1.7477,0.9738,-21.9391,3.3934,-1.3414,1.8158,31.5175,3.08,0,0.0,,,,,,,0.0,0.0,0.0,,-176.8823,-23.489,0.1111,42.9677,0,0,0,0,0,0,0,1,0,0,0,0,0,0,clear,
sample16.mp4,12.00,15.00,3.0,9,1.0,1.0,0.0,0,0,0.0,3.6632,1.7757,-21.1777,3.8647,6.5634,1.8668,2.8793,25.78,0,0.0,,,,,,,0.0,0.0,0.0,,-176.8823,-23.489,0.0,4.244,0,0,0,0,0,0,0,1,0,0,0,0,0,0,clear,
sample16.mp4,15.00,18.00,3.0,9,0.7778,1.0,0.0,0,0,0.67,3.0662,2.0279,-13.132,12.0032,-3.3361,2.8353,19.0658,4.98,0,0.0,,,,,,,0.0,0.0,0.0,,-176.8823,-23.489,0.3333,50.2431,0,0,0,0,0,0,0,1,0,0,0,0,0,0,clear,
sample16.mp4,33.00,36.00,3.0,9,1.0,1.0,0.0,0,0,0.0,3.98,1.1316,-21.8912,3.4926,1.6585,1.816,1.7158,36.82,0,0.0,,,,,,,0.0,0.0,0.0,,-176.8823,-23.489,0.0,3.6439,0,0,0,0,0,0,0,1,0,0,0,0,0,0,clear,
sample16.mp4,36.00,39.00,3.0,9,1.0,1.0,0.0,0,0,0.0,4.0267,1.1418,-20.3797,2.0169,5.7591,0.4014,1.3035,43.41,0,0.0,,,,,,,0.0,0.0,0.0,,-176.8823,-23.489,0.0,3.6002,0,0,0,0,0,0,0,1,0,0,0,0,0,0,clear,
sample16.mp4,39.00,42.00,3.0,9,1.0,1.0,0.0,0,0,0.0,1.528,0.7744,-18.5734,3.6821,-0.6619,2.6241,31.8492,3.04,0,0.0,,,,,,,0.0,0.0,0.0,,-176.8823,-23.489,0.2222,83.2355,0,0,0,0,0,0,0,0,0,0,0,0,0,0,clear,
sample16.mp4,66.00,69.00,3.0,9,1.0,1.0,0.0,0,0,0.0,4.7325,1.2516,-20.5773,3.0842,-0.6219,0.5961,1.929,34.14,0,0.0,,,,,,,0.0,0.0,0.0,,-176.8823,-23.489,0.0,4.0857,0,0,0,0,0,0,0,1,0,0,0,0,0,0,clear,
sample16.mp4,90.00,93.00,3.0,9,1.0,1.0,0.0,0,0,0.0,3.6399,1.7736,-16.488,3.2226,-0.7761,1.5932,31.5012,3.08,0,0.0,,,,,,,0.0,0.0,0.0,,-176.8823,-23.489,0.2222,46.0533,0,0,0,0,0,0,0,1,0,0,0,0,0,0,clear,
sample16.mp4,93.00,96.00,3.0,9,1.0,1.0,0.0,0,0,0.0,4.1234,1.2757,-19.5852,3.3054,-1.7572,0.7131,2.4259,29.19,0,0.0,,,,,,,0.0,0.0,0.0,,-176.8823,-23.489,0.0,4.2461,0,0,0,0,0,0,0,1,0,0,0,0,0,0,clear,
sample16.mp4,135.00,138.00,3.0,9,1.0,1.0,0.0,0,0,0.0,3.3201,2.1315,-12.578,5.8807,-2.0664,1.1461,32.329,3.0,0,0.0,,,,,,,0.0,0.0,0.0,,-176.8823,-23.489,0.5556,50.4814,0,0,0,0,0,0,0,1,0,0,0,0,0,0,clear,
sample16.mp4,144.00,147.00,3.0,9,0.7778,1.0,0.0,0,0,0.67,4.5062,1.3953,-5.3646,9.5447,-4.2813,1.7327,4.4026,18.51,0,0.0,,,,,,,0.0,0.0,0.0,,-176.8823,-23.489,0.7778,18.2302,0,0,0,0,0,0,0,1,0,0,0,0,0,0,clear,
sample16.mp4,159.00,162.00,3.0,9,1.0,1.0,0.0,0,0,0.0,2.2858,1.5998,-21.903,5.107,1.0181,0.7406,2.9544,25.29,0,0.0,,,,,,,0.0,0.0,0.0,,-176.8823,-23.489,0.0,4.9749,0,0,0,0,0,0,0,1,0,0,0,0,0,0,clear,
sample16.mp4,168.00,171.00,3.0,9,1.0,1.0,0.0,0,0,0.0,2.8875,1.9788,-21.9212,6.1724,-0.6016,0.8179,2.3639,29.73,0,0.0,,,,,,,0.0,0.0,0.0,,-176.8823,-23.489,0.1111,4.6322,0,0,0,0,0,0,0,0,0,0,0,0,0,0,clear,
sample16.mp4,174.00,177.00,3.0,9,1.0,1.0,0.0,0,0,0.0,3.5993,1.3768,-23.3607,3.1918,-0.5156,0.4958,1.7812,35.96,0,0.0,,,,,,,0.0,0.0,0.0,,-176.8823,-23.489,0.0,3.3427,0,0,0,0,0,0,0,0,0,0,0,0,0,0,clear,
sample16.mp4,177.00,180.00,3.0,9,1.0,1.0,0.0,0,0,0.0,2.934,0.9762,-23.1909,3.3182,0.6514,0.893,1.7063,36.95,0,0.0,,,,,,,0.0,0.0,0.0,,-176.8823,-23.489,0.0,2.7055,0,0,0,0,0,0,0,1,0,0,0,0,0,0,clear,
sample17.mp4,21.00,24.00,3.0,9,0.5556,1.0,0.8889,9,8,1.33,7.996,3.8571,0.2261,24.1186,-15.9139,52.9843,50.8638,1.93,2,40.0,0.5786,0.0572,0.6425,0.0291,0.5969,0.7107,0.4357,0.2266,0.0,0.0893,168.7437,-7.9151,0.6667,89.0144,0,0,0,0,1,0,0,0,0,0,0,0,0,0,clear,
sample17.mp4,24.00,27.00,3.0,9,1.0,1.0,1.0,9,9,0.0,6.9713,3.4808,-10.4243,4.7406,4.6447,2.4781,2.6442,27.44,1,20.0,0.5922,0.0192,0.6605,0.0511,0.5969,0.7107,0.4357,0.2266,0.0,0.0614,168.7437,-7.9151,0.1111,6.5239,0,0,0,0,0,0,0,0,0,0,0,0,0,0,clear,
sample17.mp4,48.00,51.00,3.0,9,1.0,1.0,1.0,9,9,0.0,6.2004,1.2275,-6.3928,3.2305,2.9453,1.3857,1.2949,43.58,1,20.0,0.5764,0.0284,0.7053,0.018,0.5969,0.7107,0.4357,0.2266,0.0,0.0333,168.7437,-7.9151,0.0,6.1777,0,0,0,0,0,0,0,0,0,0,0,0,0,0,clear,
sample17.mp4,96.00,99.00,3.0,9,0.7778,1.0,0.8571,7,6,0.67,14.5155,5.0721,-6.8543,5.6156,11.7527,1.3719,1.7593,36.24,2,40.0,0.5688,0.0464,0.7284,0.0886,0.5969,0.7107,0.4357,0.2266,0.1429,0.0884,168.7437,-7.9151,0.2222,7.5155,0,0,0,0,0,0,0,0,0,0,0,0,0,0,clear,
sample17.mp4,102.00,105.00,3.0,9,0.6667,1.0,1.0,9,9,1.0,15.1578,5.1113,-9.6047,9.4574,-28.5677,72.8403,34.3349,2.83,1,20.0,0.5333,0.0331,0.7212,0.0487,0.5969,0.7107,0.4357,0.2266,0.0,0.0815,168.7437,-7.9151,0.2222,8.5469,0,0,0,0,0,0,0,0,0,0,0,0,0,0,clear,
sample17.mp4,111.00,114.00,3.0,9,0.8889,1.0,1.0,9,9,0.33,11.1797,0.9606,-2.4269,8.253,5.9321,4.2578,1.9961,33.38,1,20.0,0.5504,0.0648,0.7337,0.0312,0.5969,0.7107,0.4357,0.2266,0.1111,0.0781,168.7437,-7.9151,0.2222,7.7005,0,0,0,0,0,0,0,0,0,0,0,1,0,0,clear,
sample17.mp4,132.00,135.00,3.0,9,1.0,1.0,1.0,9,9,0.0,8.2223,2.3859,-5.6277,2.5963,4.9156,1.1384,1.9647,33.73,3,60.0,0.5978,0.0287,0.6562,0.0445,0.5969,0.7107,0.4357,0.2266,0.0,0.0717,168.7437,-7.9151,0.0,4.751,0,0,0,0,0,0,0,0,0,0,0,0,0,0,clear,
sample17.mp4,135.00,138.00,3.0,9,1.0,1.0,1.0,9,9,0.0,11.7416,3.4056,-3.597,3.4421,4.6192,1.5183,2.088,32.38,3,60.0,0.5801,0.0438,0.6667,0.0381,0.5969,0.7107,0.4357,0.2266,0.0,0.0671,168.7437,-7.9151,0.0,5.5276,0,0,0,0,0,0,0,0,0,0,0,0,0,0,clear,
sample17.mp4,141.00,144.00,3.0,9,1.0,1.0,1.0,9,9,0.0,8.3165,4.1165,-6.3483,3.9309,5.1545,0.7449,2.0308,33.0,2,40.0,0.578,0.0277,0.6648,0.0472,0.5969,0.7107,0.4357,0.2266,0.0,0.0632,168.7437,-7.9151,0.0,5.934,0,0,0,0,0,0,0,0,0,0,0,0,0,0,clear,
sample17.mp4,147.00,150.00,3.0,9,0.8889,1.0,0.8889,9,8,0.33,7.0151,3.7787,-5.8745,4.562,4.4108,2.1024,2.8362,26.07,2,40.0,0.5974,0.0453,0.6666,0.0605,0.5969,0.7107,0.4357,0.2266,0.0,0.0756,168.7437,-7.9151,0.0,7.168,0,0,0,0,0,0,0,0,0,0,0,0,0,0,clear,
sample17.mp4,165.00,168.00,3.0,9,0.7778,1.0,1.0,9,9,0.67,5.9044,3.5906,-12.1329,5.8975,-13.5643,55.4733,46.5535,2.1,2,40.0,0.5761,0.0412,0.6545,0.0425,0.5969,0.7107,0.4357,0.2266,0.0,0.0704,168.7437,-7.9151,0.4444,83.2875,0,0,0,0,0,0,0,0,0,0,0,0,0,0,clear,
sample17.mp4,168.00,170.93,2.93,9,0.8889,1.0,1.0,9,9,0.33,5.5429,3.847,0.8696,3.5369,2.0095,2.275,46.1717,2.12,2,40.9091,0.529,0.0656,0.624,0.0576,0.5969,0.7107,0.4357,0.2266,0.2222,0.1221,168.7437,-7.9151,0.4444,84.659,1,1,0,0,0,0,0,0,0,0,0,0,0,0,clear,
sample18.mp4,0.00,3.00,3.0,9,0.2222,1.0,0.0,7,0,2.33,8.421,1.7671,12.5645,3.3692,3.1048,0.7613,2.2246,31.01,1,20.0,0.7979,0.0387,0.8761,0.1124,0.7342,1.1877,0.2173,0.1727,0.8571,0.3265,-173.9235,15.8943,0.0,5.4242,0,0,0,,,,,,,,,,,,clear,
sample18.mp4,6.00,9.00,3.0,9,0.4444,1.0,0.0,5,0,1.67,6.6755,2.0209,14.7399,5.6533,3.7025,0.6891,2.5547,28.13,1,20.0,0.7661,0.0311,0.9771,0.0811,0.7342,1.1877,0.2173,0.1727,0.8,0.2156,-173.9235,15.8943,0.0,4.5311,1,1,0,,,,,,,,,,,,clear,
sample18.mp4,30.00,33.00,3.0,9,0.1111,1.0,0.0,8,0,2.67,7.0602,2.3299,14.2443,3.0972,4.0105,0.9584,2.5104,28.49,2,40.0,0.7162,0.0454,1.1292,0.2803,0.7342,1.1877,0.2173,0.1727,0.625,0.232,-173.9235,15.8943,0.0,3.616,1,1,0,,,,,,,,,,,,clear,
sample18.mp4,51.00,54.00,3.0,9,0.1111,1.0,0.0,8,0,2.67,7.8137,3.0591,9.518,5.2433,3.141,0.5094,3.6114,21.69,4,80.0,0.7266,0.033,1.3,0.1913,0.7342,1.1877,0.2173,0.1727,0.375,0.1579,-173.9235,15.8943,0.1111,7.3189,0,0,0,,,,,,,,,,,,clear,
sample19.mp4,21.00,24.00,3.0,7,0.8571,1.0,1.0,4,4,0.4,1.1174,1.0459,-1.4065,11.4782,4.0,2.0694,26.3359,3.66,1,20.0,0.6358,0.0116,0.8929,0.0717,0.6241,0.9627,0.2161,0.1822,0.0,0.0943,-177.9631,16.3054,0.8571,306.7038,0,0,0,,,,,,,,,,,,clear,
sample19.mp4,51.00,54.00,3.0,7,0.7143,1.0,0.5,2,1,0.8,0.918,0.5882,1.808,13.4037,0.7599,2.6467,83.0646,1.19,0,0.0,0.62,0.0723,0.7768,0.0893,0.6241,0.9627,0.2161,0.1822,0.5,0.2034,-177.9631,16.3054,0.7143,114.0826,1,1,0,,,,,,,,,,,,clear,
sample19.mp4,159.00,162.00,3.0,7,0.4286,1.0,1.0,4,4,1.6,1.5816,1.3038,-0.1883,8.8798,0.2552,1.3478,4.3077,18.84,1,20.0,0.601,0.0142,0.9018,0.0268,0.6241,0.9627,0.2161,0.1822,0.0,0.0681,-177.9631,16.3054,1.0,356.8746,1,1,0,,,,,,,,,,,,clear,
sample19.mp4,174.00,177.00,3.0,8,0.5,1.0,0.6667,3,2,1.4,3.8558,2.9097,1.4818,11.658,1.015,2.375,39.4136,2.47,1,20.0,0.6239,0.0269,1.1637,0.5125,0.6241,0.9627,0.2161,0.1822,0.6667,0.4113,-177.9631,16.3054,0.5,96.1727,1,1,0,,,,,,,,,,,,clear,
sample19.mp4,177.00,180.00,3.0,7,0.4286,1.0,0.0,4,0,1.6,2.8473,2.1914,-7.8191,4.3701,3.0444,1.4787,3.473,22.36,1,20.0,0.6823,0.0265,0.9736,0.2145,0.6241,0.9627,0.2161,0.1822,0.5,0.1823,-177.9631,16.3054,1.0,355.9617,0,0,0,,,,,,,,,,,,clear,
sample19.mp4,189.00,192.00,3.0,7,1.0,1.0,0.0,0,0,0.0,1.506,1.8961,14.1341,4.7033,0.7324,1.0331,42.2726,2.31,0,0.0,,,,,0.6241,0.9627,0.2161,0.1822,0.0,,-177.9631,16.3054,0.1429,55.1239,0,0,0,,,,,,,,,,,,clear,
sample1.mp4,15.00,18.00,3.0,9,0.8889,1.0,1.0,9,9,0.02,5.7128,3.745,-8.6971,9.4437,8.0001,1.9636,19.3749,4.91,1,20.0,0.6098,0.0257,0.8086,0.1224,0.6171,0.8288,0.2417,0.1893,0.1111,0.0977,-174.9838,-23.4001,0.6667,53.4274,0,0,0,0,0,0,0,0,0,0,0,0,0,0,clear,
sample1.mp4,45.00,48.00,3.0,9,0.6667,1.0,0.6667,9,6,1.0,3.1417,2.4724,-2.4942,16.992,10.3069,3.0558,4.8316,17.15,0,0.0,0.6402,0.0554,0.7482,0.0284,0.6171,0.8288,0.2417,0.1893,0.0,0.0961,-174.9838,-23.4001,0.6667,22.3016,1,1,0,0,0,0,0,0,0,0,0,0,0,0,clear,
sample1.mp4,66.00,69.00,3.0,9,0.6667,1.0,0.7778,9,7,1.0,4.136,2.2677,-13.0751,10.8663,10.3177,2.0271,33.2895,2.92,2,40.0,0.6263,0.0425,0.921,0.2182,0.6171,0.8288,0.2417,0.1893,0.2222,0.1405,-174.9838,-23.4001,0.4444,49.0825,1,1,0,0,0,0,0,0,0,0,0,0,0,0,clear,
sample1.mp4,69.00,72.00,3.0,9,0.8889,1.0,0.8889,9,8,0.33,5.5305,3.6492,-15.4715,6.7324,6.6352,2.4993,33.0802,2.93,1,20.0,0.604,0.0257,0.7884,0.0497,0.6171,0.8288,0.2417,0.1893,0.0,0.0601,-174.9838,-23.4001,0.3333,47.4393,1,1,0,,,,,,,,,,,,clear,
sample1.mp4,84.00,87.00,3.0,9,0.4444,1.0,0.7778,9,7,1.42,2.6741,2.7513,-9.3214,16.0774,9.3906,1.4218,95.1568,1.04,1,20.0,0.6202,0.0509,0.903,0.1531,0.6171,0.8288,0.2417,0.1893,0.2222,0.1284,-174.9838,-23.4001,0.4444,126.5505,2,1,1,0,0,0,0,0,0,0,0,0,0,0,clear,
sample1.mp4,105.00,108.00,3.0,9,0.7778,1.0,0.6667,9,6,0.67,4.9707,3.4949,-13.7805,8.2872,5.7226,1.6778,34.0159,2.86,3,60.0,0.6286,0.0405,0.8343,0.0617,0.6171,0.8288,0.2417,0.1893,0.0,0.068,-174.9838,-23.4001,0.3333,48.9414,1,1,0,0,0,0,0,0,0,0,0,0,0,0,clear,
sample1.mp4,114.00,117.00,3.0,9,0.7778,1.0,0.875,8,7,0.67,2.3536,1.8637,-1.4297,11.1686,6.3508,1.3985,49.201,1.99,3,60.0,0.621,0.0173,0.8784,0.0692,0.6171,0.8288,0.2417,0.1893,0.0,0.0787,-174.9838,-23.4001,0.7778,202.9336,0,0,0,0,0,0,0,0,0,0,0,0,0,0,clear,
sample1.mp4,117.00,120.00,3.0,9,0.7778,1.0,0.8889,9,8,0.67,4.3855,3.3895,-10.3596,11.0356,6.8895,1.2208,49.6159,1.98,2,40.0,0.6078,0.0237,0.8299,0.0739,0.6171,0.8288,0.2417,0.1893,0.0,0.0703,-174.9838,-23.4001,0.5556,88.4462,1,1,0,,,,,,,,,,,,clear,
sample1.mp4,123.00,126.00,3.0,9,0.8889,1.0,0.7778,9,7,0.33,2.5565,2.4317,-11.5242,13.769,6.2077,1.4122,80.2038,1.23,2,40.0,0.6166,0.0349,0.8505,0.047,0.6171,0.8288,0.2417,0.1893,0.0,0.0579,-174.9838,-23.4001,0.4444,160.7629,1,1,0,0,0,0,0,0,0,1,0,0,0,0,clear,
sample1.mp4,132.00,135.00,3.0,9,0.6667,1.0,0.2222,9,2,1.0,7.502,4.5079,-23.9339,8.826,9.1798,3.2184,34.768,2.8,1,20.0,0.6888,0.0562,0.7332,0.0895,0.6171,0.8288,0.2417,0.1893,0.3333,0.1399,-174.9838,-23.4001,0.3333,82.3182,1,1,0,0,0,0,0,0,0,0,0,0,0,0,clear,
sample1.mp4,138.00,141.00,3.0,9,0.6667,1.0,0.7778,9,7,1.0,4.2934,3.3306,-1.1885,14.9344,5.2537,2.0403,66.6219,1.48,1,20.0,0.6317,0.0245,0.7797,0.1383,0.6171,0.8288,0.2417,0.1893,0.1111,0.1272,-174.9838,-23.4001,0.7778,96.607,0,0,0,0,0,0,0,0,0,0,0,0,0,0,clear,
sample1.mp4,144.00,147.00,3.0,9,0.5556,1.0,0.6667,9,6,1.33,12.8334,23.8748,-13.9043,7.9078,10.6432,3.6094,22.4617,4.26,1,20.0,0.6325,0.0447,0.8252,0.159,0.6171,0.8288,0.2417,0.1893,0.3333,0.1434,-174.9838,-23.4001,0.4444,91.1724,1,1,0,0,0,0,0,0,0,0,0,0,0,0,clear,
sample1.mp4,147.00,150.00,3.0,9,0.8889,1.0,0.5556,9,5,0.33,6.0061,3.1078,-21.5768,8.7088,7.8474,2.1962,32.3163,3.0,0,0.0,0.643,0.0442,0.7033,0.0846,0.6171,0.8288,0.2417,0.1893,0.2222,0.1378,-174.9838,-23.4001,0.1111,45.3089,1,1,0,0,0,0,0,0,0,0,0,0,0,0,clear,
sample1.mp4,159.00,162.00,3.0,9,0.6667,1.0,0.6667,9,6,0.83,5.2026,2.2546,-9.1165,9.4094,12.9815,1.4674,33.827,2.87,1,20.0,0.6316,0.0579,0.7385,0.1169,0.6171,0.8288,0.2417,0.1893,0.3333,0.1346,-174.9838,-23.4001,0.5556,123.6942,1,1,0,0,0,0,0,0,0,0,0,0,0,0,clear,
sample1.mp4,162.00,165.00,3.0,9,0.5556,1.0,0.6667,9,6,1.33,5.4949,3.1335,-18.0985,8.8871,6.1472,3.7384,63.9623,1.54,2,40.0,0.632,0.0465,0.8677,0.2078,0.6171,0.8288,0.2417,0.1893,0.3333,0.1507,-174.9838,-23.4001,0.2222,81.4334,1,1,0,,,,,,,,,,,,clear,
sample1.mp4,168.00,171.00,3.0,9,0.5556,1.0,0.4444,9,4,1.33,3.5505,2.9332,-14.5749,9.3452,10.5366,1.5532,34.9065,2.79,1,20.0,0.6343,0.0581,0.7877,0.2311,0.6171,0.8288,0.2417,0.1893,0.4444,0.196,-174.9838,-23.4001,0.4444,49.6272,1,1,0,0,0,0,0,0,0,0,0,0,0,0,clear,
sample1.mp4,186.00,189.00,3.0,9,0.6667,1.0,0.3333,9,3,1.0,4.8092,3.621,-16.6714,9.2833,8.355,1.2739,32.8271,2.96,2,40.0,0.6562,0.042,0.7615,0.1399,0.6171,0.8288,0.2417,0.1893,0.4444,0.1372,-174.9838,-23.4001,0.5556,85.9109,1,1,0,0,0,0,0,0,0,0,0,0,0,0,clear,
sample1.mp4,204.00,207.00,3.0,9,0.2222,1.0,0.4444,9,4,2.33,3.7569,2.8109,8.8749,12.7398,8.5084,2.1388,19.3605,4.91,0,0.0,0.6678,0.0555,0.6973,0.0721,0.6171,0.8288,0.2417,0.1893,0.2222,0.1564,-174.9838,-23.4001,0.8889,173.8434,0,0,0,0,0,0,0,0,0,0,0,0,0,0,clear,
sample1.mp4,216.00,219.00,3.0,9,0.2222,1.0,0.1111,9,1,2.22,3.8597,4.3162,-1.807,13.0033,9.9628,3.6713,49.2792,1.99,2,40.0,0.7137,0.0414,0.7364,0.1099,0.6171,0.8288,0.2417,0.1893,0.3333,0.1604,-174.9838,-23.4001,0.7778,96.0177,1,1,0,0,0,0,0,0,0,0,0,0,0,0,clear,
sample1.mp4,219.00,222.00,3.0,9,0.6667,1.0,0.4444,9,4,0.89,5.1836,2.4939,-9.2767,10.494,8.9364,1.3904,33.3306,2.91,2,40.0,0.6611,0.0312,0.7851,0.126,0.6171,0.8288,0.2417,0.1893,0.3333,0.1268,-174.9838,-23.4001,0.5556,52.8888,1,1,0,0,0,0,0,0,0,0,0,0,0,0,clear,
sample1.mp4,246.00,249.00,3.0,9,0.3333,1.0,0.5,8,4,1.91,9.8913,4.8075,-16.2552,6.3065,8.5322,0.8956,17.7867,5.32,0,0.0,0.6524,0.0384,0.5656,0.0464,0.6171,0.8288,0.2417,0.1893,1.0,0.2684,-174.9838,-23.4001,0.4444,49.2443,1,1,0,0,0,0,0,0,0,0,0,0,0,0,clear,
sample1.mp4,261.00,264.00,3.0,9,0.5556,1.0,0.5556,9,5,1.26,6.8804,2.2081,-19.5077,8.3368,6.7363,1.8391,4.123,19.52,1,20.0,0.6579,0.0335,0.7125,0.1324,0.6171,0.8288,0.2417,0.1893,0.3333,0.1536,-174.9838,-23.4001,0.1111,6.7057,1,1,0,0,0,0,0,0,0,0,0,0,0,0,clear,
sample1.mp4,267.00,270.00,3.0,9,0.5556,1.0,0.2222,9,2,1.33,4.3848,2.8074,-6.1608,19.5648,5.6103,1.2098,4.2722,18.97,1,20.0,0.697,0.0525,0.8215,0.1346,0.6171,0.8288,0.2417,0.1893,0.1111,0.1344,-174.9838,-23.4001,0.5556,20.6668,1,1,0,0,0,0,0,0,0,0,0,0,0,0,clear,
sample20.mp4,123.00,126.00,3.0,9,0.0,1.0,0.3333,9,3,2.88,9.8864,0.8928,17.028,3.436,0.7775,1.7425,1.1064,47.47,1,20.0,0.6744,0.0405,1.318,0.2654,0.7019,1.338,0.2289,0.2239,0.4444,0.2277,169.5314,14.4155,0.0,3.5312,1,1,0,,,,,,,,,,,,clear,
sample21.mp4,24.00,27.00,3.0,9,0.0,1.0,0.0,9,0,3.0,7.3394,2.7588,5.9178,4.1277,1.2639,2.082,3.2502,23.53,2,40.0,0.7242,0.0395,1.4815,0.2525,0.7126,1.3044,0.2432,0.2312,0.2222,0.1944,175.4386,-15.6352,1.0,21.9504,0,0,0,,,,,,,,,,,,clear,
sample21.mp4,42.00,45.00,3.0,9,0.2222,1.0,0.0,9,0,2.33,6.0835,3.1039,3.2531,12.6925,-1.05,4.3539,33.7334,2.88,2,40.0,0.7372,0.0277,1.3583,0.2124,0.7126,1.3044,0.2432,0.2312,0.2222,0.1577,175.4386,-15.6352,0.7778,93.4074,0,0,0,,,,,,,,,,,,clear,
sample21.mp4,81.00,84.00,3.0,9,0.4444,1.0,0.125,8,1,1.67,9.1967,3.2673,-13.5474,5.0146,8.7115,7.0185,3.9496,20.2,3,60.0,0.7163,0.0786,1.3594,0.2101,0.7126,1.3044,0.2432,0.2312,0.375,0.1776,175.4386,-15.6352,0.0,6.997,0,0,0,,,,,,,,,,,,clear,
sample21.mp4,171.00,174.00,3.0,9,0.0,1.0,0.0,5,0,3.0,2.5116,0.9907,12.9877,6.7151,-3.2457,3.0891,32.7498,2.96,2,40.0,0.7685,0.0294,1.24,0.1996,0.7126,1.3044,0.2432,0.2312,0.6,0.2108,175.4386,-15.6352,1.0,64.2561,1,1,0,,,,,,,,,,,,clear,
sample21.mp4,210.00,213.00,3.0,9,0.8889,1.0,0.0,9,0,0.33,6.5003,3.4168,-6.7741,10.4733,-1.2815,3.171,18.9071,5.02,1,20.0,0.6959,0.0189,1.3153,0.0999,0.7126,1.3044,0.2432,0.2312,0.0,0.0913,175.4386,-15.6352,0.3333,49.0187,0,0,0,,,,,,,,,,,,clear,
sample24.mp4,93.00,96.00,3.0,9,0.4444,1.0,0.0,5,0,1.67,5.8605,4.0226,8.5454,6.5185,0.5154,2.6332,32.6017,2.98,1,20.0,0.778,0.0539,0.9375,0.1518,0.7404,0.9749,0.2822,0.1235,0.4,0.1474,175.2632,8.1306,0.3333,83.5962,0,0,0,,,,,,,,,,,,clear,
sample24.mp4,114.00,117.00,3.0,9,0.1111,1.0,0.0,8,0,2.67,5.0792,0.9656,2.1325,5.453,-3.12,1.4731,2.5403,28.25,0,0.0,0.7673,0.027,0.9634,0.1492,0.7404,0.9749,0.2822,0.1235,0.375,0.1412,175.2632,8.1306,0.1111,6.5917,0,0,0,,,,,,,,,,,,clear,
sample25.mp4,24.00,27.00,3.0,8,0.125,1.0,0.3333,3,1,2.6,8.0204,0.9416,-13.3991,16.5071,2.0876,2.899,8.5,10.53,1,20.0,0.6728,0.0269,0.9206,0.0632,0.7378,0.9566,0.5699,0.2084,0.0,0.1007,173.0016,-23.0989,0.25,11.6701,0,0,0,,,,,,,,,,,,clear,
sample25.mp4,99.00,102.00,3.0,7,0.7143,1.0,0.0,6,0,0.8,8.8741,1.6365,-12.2459,12.6277,3.7547,2.8346,6.1855,13.92,1,20.0,0.7376,0.0308,0.9194,0.0876,0.7378,0.9566,0.5699,0.2084,0.0,0.0892,173.0016,-23.0989,0.2857,11.3481,0,0,0,,,,,,,,,,,,clear,
sample26.mp4,81.00,84.00,3.0,9,0.5556,1.0,0.0,4,0,1.33,2.7474,1.5095,4.555,9.2238,6.1319,2.3527,20.1983,4.72,2,40.0,0.7716,0.0108,1.003,0.09,0.7287,1.1757,0.1806,0.1674,0.5,0.1791,176.0287,8.5393,0.3333,47.5589,2,1,1,,,,,,,,,,,,clear,
sample26.mp4,276.00,279.00,3.0,9,0.3333,1.0,0.0,5,0,2.0,2.6852,1.3688,0.5274,9.9536,-2.0474,3.113,33.9154,2.86,3,60.0,0.7673,0.0984,1.31,0.1365,0.7287,1.1757,0.1806,0.1674,0.4,0.1731,176.0287,8.5393,0.4444,87.4131,1,1,0,,,,,,,,,,,,clear,
sample28.mp4,6.00,9.00,3.0,9,1.0,1.0,0.0,0,0,0.0,2.4364,1.684,-2.4534,11.6528,2.2472,4.0665,33.6749,2.88,0,0.0,,,,,0.7285,1.0938,0.1194,0.1194,0.0,,177.9601,-8.6738,0.6667,127.2149,0,0,0,,,,,,,,,,,,clear,
sample28.mp4,30.00,33.00,3.0,9,0.7778,1.0,0.0,2,0,0.67,2.639,1.9672,-4.2568,6.5878,0.0138,2.9209,47.7434,2.05,1,20.0,0.7884,0.0314,1.3125,0.3125,0.7285,1.0938,0.1194,0.1194,0.5,0.3314,177.9601,-8.6738,0.4444,161.644,0,0,0,,,,,,,,,,,,clear,
sample28.mp4,168.00,171.00,3.0,9,0.2222,1.0,0.0,0,0,2.17,1.9975,1.1663,11.5702,8.0369,-4.5946,2.4772,19.2796,4.93,0,0.0,,,,,0.7285,1.0938,0.1194,0.1194,0.0,,177.9601,-8.6738,0.8889,57.3863,0,0,0,,,,,,,,,,,,clear,
sample28.mp4,267.00,270.00,3.0,9,1.0,1.0,0.0,0,0,0.0,1.5584,1.4634,-8.7349,6.7709,3.8418,0.7811,16.9119,5.58,0,0.0,,,,,0.7285,1.0938,0.1194,0.1194,0.0,,177.9601,-8.6738,0.2222,43.8116,1,1,0,,,,,,,,,,,,clear,
sample29.mp4,12.00,15.00,3.0,9,1.0,1.0,0.0,9,0,0.0,0.8976,0.4472,0.4553,4.0855,-2.8876,1.2772,62.1526,1.58,3,60.0,0.7045,0.0213,0.9888,0.0655,0.691,0.99,0.3125,0.2776,0.0,0.0578,-178.2522,-0.3324,0.2222,82.096,0,0,0,,,,,,,,,,,,clear,
sample29.mp4,135.00,138.00,3.0,9,0.6667,1.0,0.0,9,0,1.0,0.8479,0.4712,5.1081,2.4076,-1.0541,1.5294,45.991,2.13,1,20.0,0.6925,0.0246,1.113,0.0607,0.691,0.99,0.3125,0.2776,0.3333,0.1249,-178.2522,-0.3324,0.2222,84.0685,0,0,0,,,,,,,,,,,,clear,
sample29.mp4,177.00,180.00,3.0,9,0.5556,1.0,0.3333,9,3,1.33,1.5944,0.735,-1.2807,4.7696,-2.0023,0.6396,2.8534,25.95,1,20.0,0.6599,0.0185,1.0782,0.1065,0.691,0.99,0.3125,0.2776,0.3333,0.1149,-178.2522,-0.3324,0.0,3.7618,0,0,0,,,,,,,,,,,,clear,
sample2.mp4,9.00,12.00,3.0,9,1.0,1.0,1.0,9,9,0.0,2.5158,2.4516,-4.4895,9.9198,0.4163,0.7948,78.0033,1.27,1,20.0,0.5935,0.0325,0.6084,0.0262,0.5773,0.6179,0.5375,0.1626,0.0,0.0391,-176.9417,-8.3395,0.4444,125.4781,0,0,0,0,0,0,0,0,0,1,0,0,0,0,clear,
sample2.mp4,36.00,39.00,3.0,9,0.7778,1.0,0.375,8,3,0.34,1.3087,1.3591,-3.0555,14.2643,-18.7397,56.8534,79.5173,1.24,0,0.0,0.6532,0.063,0.6327,0.029,0.5773,0.6179,0.5375,0.1626,0.0,0.0938,-176.9417,-8.3395,1.0,280.887,1,1,0,0,0,0,0,0,0,0,0,0,0,0,clear,
sample2.mp4,45.00,48.00,3.0,9,0.6667,1.0,1.0,9,9,0.67,4.1879,2.2873,-6.4151,13.4854,1.2506,1.1596,4.7073,17.52,0,0.0,0.5724,0.0235,0.5875,0.0417,0.5773,0.6179,0.5375,0.1626,0.0,0.0415,-176.9417,-8.3395,0.3333,11.8098,1,1,0,0,0,0,0,0,0,1,0,0,0,0,clear,
sample2.mp4,54.00,57.00,3.0,9,1.0,1.0,1.0,9,9,0.0,1.7658,1.1629,-0.0397,9.3175,0.6279,1.5627,49.5115,1.98,1,20.0,0.5745,0.0191,0.655,0.0547,0.5773,0.6179,0.5375,0.1626,0.0,0.0558,-176.9417,-8.3395,0.8889,242.5929,2,1,1,0,0,0,0,0,0,0,0,0,0,0,clear,
sample2.mp4,78.00,81.00,3.0,9,1.0,1.0,1.0,9,9,0.0,3.0287,2.2042,-7.7002,7.5596,-0.4721,1.1275,46.6051,2.1,0,0.0,0.5557,0.0243,0.6555,0.0205,0.5773,0.6179,0.5375,0.1626,0.0,0.0475,-176.9417,-8.3395,0.4444,162.4249,0,0,0,0,0,0,0,0,0,1,0,0,0,0,clear,
sample2.mp4,81.00,84.00,3.0,9,1.0,1.0,0.5,8,4,0.0,1.8879,1.516,-12.2993,7.288,-0.3462,1.1314,61.7921,1.59,2,40.0,0.6358,0.076,0.6315,0.0388,0.5773,0.6179,0.5375,0.1626,0.0,0.0926,-176.9417,-8.3395,0.3333,84.5965,1,1,0,0,0,0,0,0,0,1,0,0,0,0,clear,
sample2.mp4,99.00,102.00,3.0,9,0.6667,1.0,1.0,9,9,1.0,1.9105,1.1399,8.595,12.9284,16.8887,56.2512,70.4169,1.4,0,0.0,0.5645,0.0294,0.6346,0.03,0.5773,0.6179,0.5375,0.1626,0.0,0.0353,-176.9417,-8.3395,1.0,206.8045,1,1,0,,,,,,,,,,,,clear,
sample2.mp4,102.00,105.00,3.0,9,0.8889,1.0,0.8889,9,8,0.33,1.1448,1.3716,-5.6088,11.5818,2.2769,1.4907,78.3579,1.26,2,40.0,0.5878,0.0707,0.6162,0.0627,0.5773,0.6179,0.5375,0.1626,0.1111,0.0757,-176.9417,-8.3395,0.8889,203.8449,0,0,0,0,0,0,0,0,0,0,0,0,0,0,clear,
sample2.mp4,108.00,111.00,3.0,9,1.0,1.0,1.0,9,9,0.0,2.6093,2.9953,-8.0173,8.1592,0.4599,1.5691,33.9766,2.86,1,20.0,0.5605,0.0378,0.6641,0.0182,0.5773,0.6179,0.5375,0.1626,0.0,0.0607,-176.9417,-8.3395,0.3333,85.0706,1,1,0,0,0,0,0,0,0,1,0,0,0,0,clear,
sample2.mp4,114.00,117.00,3.0,9,1.0,1.0,1.0,9,9,0.0,1.9526,1.155,-13.5787,7.6936,1.5762,1.0311,17.9049,5.29,2,40.0,0.526,0.0287,0.6533,0.0293,0.5773,0.6179,0.5375,0.1626,0.0,0.0686,-176.9417,-8.3395,0.7778,278.355,0,0,0,0,0,0,0,0,0,0,0,0,0,0,clear,
sample2.mp4,117.00,120.00,3.0,9,1.0,1.0,1.0,7,7,0.0,6.2978,1.3095,-10.9123,3.5663,1.0187,1.0194,2.4831,28.71,1,20.0,0.5669,0.0357,0.6295,0.0481,0.5773,0.6179,0.5375,0.1626,0.0,0.0522,-176.9417,-8.3395,0.0,5.3418,1,1,0,0,0,0,0,0,0,1,0,0,0,0,clear,
sample2.mp4,123.00,126.00,3.0,9,0.7778,1.0,0.8889,9,8,0.67,1.9202,0.8219,0.1852,13.4734,-19.695,56.5073,48.9487,2.0,2,40.0,0.576,0.0454,0.6477,0.0394,0.5773,0.6179,0.5375,0.1626,0.0,0.0603,-176.9417,-8.3395,0.5556,52.0345,2,1,1,0,0,0,0,0,0,1,0,0,0,0,clear,
sample2.mp4,159.00,162.00,3.0,9,1.0,1.0,1.0,9,9,0.0,1.4409,1.0239,-13.6081,4.7428,4.568,0.8107,31.8908,3.04,0,0.0,0.5628,0.0241,0.641,0.0151,0.5773,0.6179,0.5375,0.1626,0.0,0.0358,-176.9417,-8.3395,0.2222,84.6032,0,0,0,0,0,0,0,0,0,1,0,0,0,0,clear,
sample2.mp4,162.00,165.00,3.0,9,0.6667,1.0,1.0,9,9,1.0,2.3007,1.5065,0.9882,9.618,1.5866,2.178,33.514,2.9,1,20.0,0.5553,0.0522,0.6545,0.0271,0.5773,0.6179,0.5375,0.1626,0.0,0.0673,-176.9417,-8.3395,0.6667,200.491,0,0,0,0,0,0,0,0,0,1,0,0,0,0,clear,
sample2.mp4,198.00,201.00,3.0,9,0.5556,1.0,1.0,9,9,1.33,3.1883,2.8319,-9.8817,10.1895,3.2422,2.9926,34.1978,2.84,1,20.0,0.5783,0.0331,0.5813,0.1544,0.5773,0.6179,0.5375,0.1626,0.3333,0.1515,-176.9417,-8.3395,0.8889,314.6815,1,1,0,0,0,0,0,0,0,1,0,0,0,0,clear,
sample2.mp4,216.00,219.00,3.0,9,0.8889,1.0,1.0,9,9,0.33,2.6602,1.6828,-11.5737,14.2607,1.4589,1.0723,66.1167,1.49,1,20.0,0.5609,0.0431,0.6112,0.0416,0.5773,0.6179,0.5375,0.1626,0.0,0.0582,-176.9417,-8.3395,0.7778,127.0759,1,1,0,0,0,0,0,0,0,0,0,0,0,0,clear,
sample2.mp4,222.00,225.00,3.0,9,0.7778,1.0,1.0,8,8,0.67,4.3004,3.3978,-3.1625,9.9619,3.1671,2.284,33.1201,2.93,2,40.0,0.5505,0.0209,0.6599,0.1021,0.5773,0.6179,0.5375,0.1626,0.125,0.0814,-176.9417,-8.3395,0.3333,85.9457,0,0,0,0,0,0,0,0,0,1,0,0,0,0,clear,
sample2.mp4,228.00,231.00,3.0,9,1.0,1.0,1.0,9,9,0.0,1.6885,1.1429,-10.9579,5.9739,1.9207,1.3384,18.7547,5.06,1,20.0,0.5697,0.0371,0.6531,0.0244,0.5773,0.6179,0.5375,0.1626,0.0,0.0511,-176.9417,-8.3395,0.6667,199.9622,1,1,0,0,0,0,0,0,0,0,0,0,0,0,clear,
sample2.mp4,240.00,243.00,3.0,9,0.8889,1.0,1.0,9,9,0.33,3.6804,1.578,-13.2978,6.6335,20.7576,56.2603,18.0323,5.25,0,0.0,0.528,0.0442,0.6543,0.0226,0.5773,0.6179,0.5375,0.1626,0.0,0.071,-176.9417,-8.3395,0.1111,6.7369,1,1,0,0,0,0,0,0,0,1,0,0,0,0,clear,
sample2.mp4,261.00,264.00,3.0,9,0.7778,1.0,1.0,9,9,0.36,18.9441,32.2156,-10.0317,9.2557,2.4342,2.6134,30.3022,3.19,1,20.0,0.5727,0.0137,0.616,0.0501,0.5773,0.6179,0.5375,0.1626,0.0,0.0427,-176.9417,-8.3395,0.8889,217.7105,1,1,0,0,0,0,0,0,0,1,0,0,0,0,clear,
sample30.mp4,165.00,168.00,3.0,9,0.0,1.0,0.0,9,0,3.0,3.2463,0.6885,15.5679,4.3609,2.3931,0.7274,2.2775,30.51,1,20.0,0.7334,0.0551,1.0314,0.1202,0.7453,0.9688,0.2775,0.15,0.2222,0.1305,177.8101,24.2708,0.3333,8.9102,2,1,1,,,,,,,,,,,,clear,
sample30.mp4,183.00,186.00,3.0,9,1.0,1.0,0.0,0,0,0.0,1.7952,1.4274,25.6522,3.1317,-1.6492,1.7086,31.7514,3.05,0,0.0,,,,,0.7453,0.9688,0.2775,0.15,0.0,,177.8101,24.2708,0.1111,42.6424,1,1,0,,,,,,,,,,,,clear,
sample32.mp4,78.00,81.00,3.0,9,0.0,1.0,0.0,9,0,3.0,1.7179,1.1922,-22.7878,2.3712,-0.0004,1.6449,46.2515,2.12,2,40.0,0.8946,0.0492,1.028,0.1279,0.8611,0.9758,0.1953,0.0687,0.2222,0.1287,-176.2546,16.3158,1.0,251.3921,2,1,1,,,,,,,,,,,,clear,
sample33.mp4,33.00,36.00,3.0,9,0.6667,1.0,0.75,8,6,1.01,1.1599,0.6661,-7.2508,9.7862,-3.7208,2.5648,63.0147,1.56,1,20.0,0.6239,0.047,1.0092,0.1296,0.6266,0.9747,0.3491,0.2069,0.125,0.1135,-177.5857,-0.4221,0.6667,125.8154,1,1,0,,,,,,,,,,,,clear,
sample33.mp4,204.00,207.00,3.0,9,0.5556,1.0,0.6667,6,4,1.2,1.9127,0.9995,-9.3895,8.6983,-3.6155,4.1543,18.7228,5.07,2,40.0,0.6447,0.0531,0.9802,0.0998,0.6266,0.9747,0.3491,0.2069,0.1667,0.0977,-177.5857,-0.4221,0.4444,49.0271,2,1,1,,,,,,,,,,,,clear,
sample33.mp4,210.00,213.00,3.0,9,0.1111,1.0,0.4286,7,3,2.51,0.9811,0.761,-12.9568,12.6863,-3.902,2.1304,79.6752,1.24,0,0.0,0.718,0.1289,0.9323,0.083,0.6266,0.9747,0.3491,0.2069,0.1429,0.1467,-177.5857,-0.4221,0.8889,206.6326,1,1,0,,,,,,,,,,,,clear,
sample35.mp4,66.00,69.00,3.0,4,1.0,1.0,0.25,4,1,0.0,2.8567,1.1327,25.5366,2.7615,-7.7568,1.7076,2.1443,31.8,0,0.0,0.6546,0.0179,0.8326,0.004,0.6878,0.8471,0.4,0.2,0.0,0.0366,-177.8122,24.6193,0.0,3.1373,1,1,0,,,,,,,,,,,,clear,
sample35.mp4,126.00,129.00,3.0,5,0.2,1.0,0.6667,3,2,2.23,1.5824,0.7449,-5.832,24.3705,-5.8364,6.0607,44.8439,2.18,0,0.0,0.6476,0.0197,0.894,0.0665,0.6878,0.8471,0.4,0.2,0.0,0.0884,-177.8122,24.6193,0.8,102.5757,0,0,0,,,,,,,,,,,,clear,
sample35.mp4,213.00,216.00,3.0,5,0.4,1.0,0.0,5,0,1.99,5.5993,3.7898,-10.215,30.1811,35.3201,72.5018,38.7984,2.51,1,20.0,0.7417,0.0492,0.9811,0.1052,0.6878,0.8471,0.4,0.2,0.4,0.1514,-177.8122,24.6193,0.6,37.1411,2,1,1,,,,,,,,,,,,clear,
sample35.mp4,219.00,222.00,3.0,5,0.8,1.0,0.2,5,1,0.66,1.2876,0.9167,17.6615,19.8624,-7.5302,6.044,66.5227,1.48,1,20.0,0.6908,0.0807,0.9344,0.1506,0.6878,0.8471,0.4,0.2,0.4,0.132,-177.8122,24.6193,0.4,145.3747,1,1,0,,,,,,,,,,,,clear,
sample36.mp4,150.00,153.00,3.0,9,0.8889,1.0,0.0,1,0,0.33,5.2685,1.3607,6.8862,3.4352,-1.2786,1.1608,1.6647,37.53,1,20.0,0.75,,1.0,,0.6923,1.1803,0.1884,0.1739,1.0,0.1893,175.5599,0.3815,0.0,6.8746,0,0,0,,,,,,,,,,,,clear,
sample37.mp4,144.00,147.00,3.0,8,0.625,1.0,0.0,3,0,1.0,8.706,0.7336,-22.1718,1.7741,2.0991,0.4457,1.2581,44.29,0,0.0,0.7421,0.0295,1.0333,0.0828,0.7431,0.9817,0.2472,0.2188,0.0,0.0991,-170.9334,-22.9856,0.0,1.816,0,0,0,,,,,,,,,,,,clear,
sample37.mp4,177.00,180.00,3.0,7,0.1429,1.0,0.0,6,0,2.4,8.6884,0.5871,-16.7858,2.9556,0.0278,0.6812,1.4803,40.32,1,20.0,0.79,0.0431,1.1,0.0918,0.7431,0.9817,0.2472,0.2188,0.3333,0.1578,-170.9334,-22.9856,0.0,6.2449,0,0,0,,,,,,,,,,,,clear,
sample38.mp4,15.00,18.00,3.0,9,0.1111,1.0,0.0,0,0,2.67,1.6844,0.5035,5.2096,17.2221,-0.1926,2.5777,66.775,1.48,0,0.0,,,,,0.7374,0.9474,0.4286,0.1786,0.0,,177.8782,-16.2671,0.8889,102.1526,0,0,0,,,,,,,,,,,,clear,
sample38.mp4,18.00,21.00,3.0,9,0.6667,1.0,0.0,0,0,1.0,2.3395,1.1421,-8.8286,11.5131,2.0728,1.5982,5.3554,15.73,0,0.0,,,,,0.7374,0.9474,0.4286,0.1786,0.0,,177.8782,-16.2671,0.2222,9.4269,0,0,0,,,,,,,,,,,,clear,
sample38.mp4,243.00,246.00,3.0,9,1.0,1.0,0.0,0,0,0.0,1.755,0.9038,-20.9838,3.3762,0.3977,1.4386,31.6471,3.06,0,0.0,,,,,0.7374,0.9474,0.4286,0.1786,0.0,,177.8782,-16.2671,0.8889,316.6538,0,0,0,,,,,,,,,,,,clear,
sample39.mp4,45.00,48.00,3.0,9,0.8889,1.0,0.0,1,0,0.33,2.1878,1.0513,6.9246,4.9901,-3.2647,0.8053,46.2755,2.12,1,20.0,0.7141,,1.2,,0.738,0.9673,0.1198,0.1198,1.0,0.2339,176.3038,-7.9514,0.5556,89.8208,0,0,0,,,,,,,,,,,,clear,
sample39.mp4,84.00,87.00,3.0,9,1.0,1.0,0.0,0,0,0.0,3.4574,1.4609,-3.8072,9.1075,-3.005,1.1124,4.6154,17.81,0,0.0,,,,,0.738,0.9673,0.1198,0.1198,0.0,,176.3038,-7.9514,0.2222,7.8557,1,1,0,,,,,,,,,,,,clear,
sample39.mp4,120.00,123.00,3.0,9,0.6667,1.0,0.0,3,0,1.0,3.845,2.1532,-3.6121,9.0482,-2.986,1.2173,35.4622,2.74,1,20.0,0.7489,0.0328,1.0778,0.1912,0.738,0.9673,0.1198,0.1198,0.3333,0.2038,176.3038,-7.9514,0.4444,47.6639,0,0,0,,,,,,,,,,,,clear,
sample39.mp4,240.00,243.00,3.0,9,0.8889,1.0,0.0,1,0,0.33,4.0833,1.5582,-5.8644,11.5453,-2.1336,2.9436,4.4386,18.39,0,0.0,0.7729,,1.3,,0.738,0.9673,0.1198,0.1198,1.0,0.3345,176.3038,-7.9514,0.2222,10.7801,0,0,0,,,,,,,,,,,,clear,
sample39.mp4,255.00,258.00,3.0,9,0.4444,1.0,0.0,5,0,1.67,3.7408,1.9395,2.0043,9.4706,-5.6389,1.8191,33.9403,2.86,1,20.0,0.8137,0.0387,1.3083,0.3114,0.738,0.9673,0.1198,0.1198,0.6,0.3769,176.3038,-7.9514,0.5556,86.8201,1,1,0,,,,,,,,,,,,clear,
sample39.mp4,270.00,273.00,3.0,9,1.0,1.0,0.0,0,0,0.0,3.5256,0.8812,-5.6664,8.1363,-2.431,2.9605,4.5363,18.06,0,0.0,,,,,0.738,0.9673,0.1198,0.1198,0.0,,176.3038,-7.9514,0.2222,7.4569,0,0,0,,,,,,,,,,,,clear,
sample39.mp4,300.00,303.00,3.0,9,1.0,1.0,0.0,0,0,0.0,4.168,1.5127,-5.8382,7.5099,-3.2921,0.7261,4.4615,18.31,0,0.0,,,,,0.738,0.9673,0.1198,0.1198,0.0,,176.3038,-7.9514,0.1111,6.5748,1,1,0,,,,,,,,,,,,clear,
sample3.mp4,3.00,6.00,3.0,7,0.7143,1.0,0.8571,7,6,0.8,3.8455,2.7477,-4.459,4.9159,-0.3755,7.6289,62.7905,1.57,2,40.0,0.5697,0.0486,0.6783,0.115,0.5812,0.4867,0.2394,0.1831,0.4286,0.1997,-176.5546,-0.2977,0.7143,204.7982,0,0,0,,,,,,,,,,,,clear,
sample3.mp4,9.00,12.00,3.0,7,0.4286,1.0,1.0,7,7,1.6,5.3526,3.0633,-6.3762,5.9726,-9.4371,10.1862,24.1233,3.98,2,40.0,0.5482,0.0428,0.7392,0.2759,0.5812,0.4867,0.2394,0.1831,0.5714,0.2728,-176.5546,-0.2977,1.0,303.2539,0,0,0,0,0,0,0,0,0,0,0,0,0,0,clear,
sample3.mp4,12.00,15.00,3.0,8,0.375,1.0,0.875,8,7,1.8,4.6662,2.4495,-4.7777,10.7992,-0.839,5.3208,22.1086,4.33,3,60.0,0.5953,0.0503,0.7474,0.3355,0.5812,0.4867,0.2394,0.1831,0.375,0.2859,-176.5546,-0.2977,1.0,310.1109,0,0,0,0,0,0,0,0,0,0,0,0,0,0,clear,
sample3.mp4,21.00,24.00,3.0,7,0.8571,1.0,1.0,6,6,0.4,3.5507,1.8386,-2.1434,14.5632,2.1517,6.1254,27.2892,3.53,0,0.0,0.5457,0.0332,0.5302,0.0602,0.5812,0.4867,0.2394,0.1831,0.1667,0.0659,-176.5546,-0.2977,0.5714,62.3764,0,0,0,0,0,0,0,0,0,0,0,0,0,0,clear,
sample40.mp4,102.00,105.00,3.0,9,0.6667,1.0,0.0,0,0,1.0,1.8239,1.4452,-2.9896,21.1809,1.3727,2.6103,33.6901,2.88,0,0.0,,,,,0.8454,1.2091,0.1818,0.1558,0.0,,-176.871,-7.9059,0.8889,316.8562,2,1,1,,,,,,,,,,,,clear,
sample41.mp4,195.00,198.00,3.0,9,0.4444,1.0,0.4286,7,3,1.67,8.9653,1.8954,-26.782,2.2233,6.5599,1.233,1.2885,43.7,0,0.0,0.6897,0.0823,0.9619,0.1425,0.6199,0.9675,0.2056,0.1967,0.4286,0.1621,175.4244,-24.7394,0.0,5.2145,1,1,0,,,,,,,,,,,,clear,
sample41.mp4,267.00,270.00,3.0,9,0.1111,1.0,0.375,8,3,2.67,4.6829,3.0931,-26.0902,3.7012,2.9304,1.518,17.3659,5.44,1,20.0,0.646,0.0596,0.918,0.114,0.6199,0.9675,0.2056,0.1967,0.375,0.1284,175.4244,-24.7394,0.1111,42.9717,0,0,0,,,,,,,,,,,,clear,
sample41.mp4,270.00,273.00,3.0,9,0.2222,1.0,0.7143,7,5,2.33,10.8799,1.9911,-22.4959,2.5874,4.8312,2.2239,1.9737,33.63,2,40.0,0.5745,0.0575,0.9425,0.1748,0.6199,0.9675,0.2056,0.1967,0.4286,0.1773,175.4244,-24.7394,0.1111,7.0551,1,1,0,,,,,,,,,,,,clear,
sample42.mp4,12.00,15.00,3.0,8,0.75,1.0,0.0,2,0,0.6,0.8422,0.7673,-17.2358,4.0809,4.4618,2.3181,70.2663,1.4,2,40.0,0.6884,0.0145,1.1488,0.006,0.7012,1.1961,0.2438,0.1393,0.0,0.0506,-178.2302,-16.7627,0.5,180.7319,0,0,0,,,,,,,,,,,,clear,
sample42.mp4,21.00,24.00,3.0,7,0.2857,1.0,0.0,2,0,2.0,1.0325,0.3217,-2.5906,19.357,3.3265,3.7267,3.6094,21.69,2,40.0,0.7162,0.017,1.0917,0.0917,0.7012,1.1961,0.2438,0.1393,0.5,0.1058,-178.2302,-16.7627,0.4286,17.151,0,0,0,,,,,,,,,,,,clear,
sample42.mp4,69.00,72.00,3.0,7,0.7143,1.0,0.0,1,0,0.8,1.082,0.4936,11.0949,13.3465,-1.8815,2.7372,63.9668,1.54,1,20.0,0.7273,,1.375,,0.7012,1.1961,0.2438,0.1393,1.0,0.1808,-178.2302,-16.7627,0.7143,119.5278,0,0,0,,,,,,,,,,,,clear,
sample42.mp4,219.00,222.00,3.0,7,0.0,1.0,0.4,5,2,2.8,1.0256,0.5735,-17.3166,3.5603,3.638,1.1917,80.6419,1.22,1,20.0,0.6489,0.0388,1.4183,0.1578,0.7012,1.1961,0.2438,0.1393,0.4,0.2369,-178.2302,-16.7627,0.5714,205.8781,0,0,0,,,,,,,,,,,,clear,
sample44.mp4,189.00,192.00,3.0,9,0.8889,1.0,0.3333,9,3,0.33,10.1776,1.6877,-6.9044,6.138,0.5849,0.5869,3.0687,24.58,2,40.0,0.6497,0.0224,0.8519,0.0578,0.6059,0.8404,0.1974,0.1685,0.0,0.0723,-169.6951,-7.5456,0.1111,5.1271,0,0,0,,,,,,,,,,,,clear,
sample45.mp4,150.00,153.00,3.0,8,0.75,1.0,0.1429,7,1,0.8,3.3213,0.7515,2.5042,9.6631,-2.9716,2.0716,3.4918,22.26,2,40.0,0.6979,0.0397,0.8878,0.074,0.7072,0.8513,0.3074,0.2453,0.0,0.0757,176.8086,8.4847,0.125,6.9036,0,0,0,,,,,,,,,,,,clear,
sample46.mp4,90.00,93.00,3.0,9,0.7778,1.0,0.0,9,0,0.67,2.0882,1.0587,20.5766,5.4883,-0.5805,3.3884,2.014,33.18,2,40.0,0.7383,0.0118,1.1528,0.0961,0.7424,1.1978,0.3476,0.3369,0.1111,0.0872,177.7036,16.2861,0.0,6.392,0,0,0,,,,,,,,,,,,clear,
sample46.mp4,165.00,168.00,3.0,9,0.4444,1.0,0.0,5,0,1.67,1.0017,1.3411,13.6717,11.8995,1.2233,1.3718,3.4336,22.56,0,0.0,0.7411,0.0137,1.0833,0.1116,0.7424,1.1978,0.3476,0.3369,0.4,0.1198,177.7036,16.2861,0.2222,9.7609,0,0,0,,,,,,,,,,,,clear,
sample47.mp4,36.00,39.00,3.0,9,0.2222,1.0,0.125,8,1,2.3,4.0483,2.7409,-0.2094,5.9471,-2.1309,1.6715,33.2852,2.92,2,40.0,0.6657,0.0932,1.2499,0.3838,0.7218,1.1933,0.144,0.14,0.5,0.2768,-175.1124,0.4636,0.2222,44.5155,0,0,0,,,,,,,,,,,,clear,
sample47.mp4,111.00,114.00,3.0,9,0.5556,1.0,0.125,8,1,1.33,7.7609,2.1669,3.5138,4.7904,-2.3709,3.1373,3.4733,22.35,2,40.0,0.7031,0.0492,1.3885,0.3979,0.7218,1.1933,0.144,0.14,0.625,0.3261,-175.1124,0.4636,0.0,5.6891,0,0,0,,,,,,,,,,,,clear,
sample47.mp4,114.00,117.00,3.0,9,0.5556,1.0,0.1111,9,1,1.33,5.0735,3.3139,-0.9822,3.594,-0.9504,1.7752,2.6304,27.55,2,40.0,0.6962,0.0262,1.002,0.1985,0.7218,1.1933,0.144,0.14,0.8889,0.2626,-175.1124,0.4636,0.0,4.1925,1,1,0,,,,,,,,,,,,clear,
sample48.mp4,9.00,12.00,3.0,9,0.4444,1.0,0.3333,6,2,1.67,1.1286,0.568,0.5678,15.6727,-2.3008,1.41,20.6273,4.62,1,20.0,0.6604,0.0367,0.9702,0.2397,0.7178,0.9649,0.4304,0.1263,0.3333,0.193,177.1355,-16.272,0.6667,94.966,2,1,1,,,,,,,,,,,,clear,
sample48.mp4,39.00,42.00,3.0,9,0.2222,1.0,0.4286,7,3,2.33,1.1741,0.8789,10.2485,17.1938,-4.0002,1.0554,51.1096,1.92,2,40.0,0.7027,0.0855,0.9412,0.1152,0.7178,0.9649,0.4304,0.1263,0.1429,0.1393,177.1355,-16.272,0.8889,209.5443,1,1,0,,,,,,,,,,,,clear,
sample48.mp4,120.00,123.00,3.0,9,0.0,1.0,0.0,8,0,3.0,0.8485,0.8844,-19.0707,15.0965,0.8997,2.7104,4.0171,19.93,1,20.0,0.8837,0.0709,1.2052,0.127,0.7178,0.9649,0.4304,0.1263,0.875,0.2976,177.1355,-16.272,0.1111,12.9288,1,1,0,,,,,,,,,,,,clear,
sample48.mp4,174.00,177.00,3.0,9,0.3333,1.0,0.0,6,0,2.0,2.9446,1.2974,2.4898,19.5919,-2.3453,2.2957,8.0559,11.04,2,40.0,0.7477,0.0546,1.0714,0.1934,0.7178,0.9649,0.4304,0.1263,0.1667,0.1348,177.1355,-16.272,0.5556,21.3016,1,1,0,,,,,,,,,,,,clear,
sample49.mp4,63.00,66.00,3.0,9,0.8889,1.0,0.0,9,0,0.33,5.0188,2.0933,22.4426,7.4918,-3.4263,3.3118,4.7474,17.4,0,0.0,0.7276,0.0269,0.8575,0.0861,0.7185,0.8431,0.3157,0.2668,0.0,0.083,176.3242,24.6808,0.1111,5.4795,1,1,0,,,,,,,,,,,,clear,
sample49.mp4,108.00,111.00,3.0,9,0.4444,1.0,0.0,6,0,1.67,3.9751,1.3569,24.6535,9.5844,-0.4062,2.6815,4.3461,18.71,0,0.0,0.7267,0.027,0.7569,0.0942,0.7185,0.8431,0.3157,0.2668,0.1667,0.1216,176.3242,24.6808,0.1111,7.026,0,0,0,,,,,,,,,,,,clear,
sample4.mp4,24.00,27.00,3.0,9,0.7778,1.0,0.0,2,0,0.67,29.131,2.6829,8.0099,1.3593,-7.7292,0.9027,1.8481,35.11,0,0.0,0.7533,0.0867,0.6979,0.0521,0.8322,0.7295,0.1455,0.0909,0.0,0.1254,152.14,7.6782,0.0,3.0945,0,0,0,0,0,0,0,0,0,0,1,0,0,0,clear,
sample4.mp4,33.00,36.00,3.0,9,0.8889,1.0,0.0,1,0,0.33,28.9335,3.4404,11.1144,2.9151,-9.5142,1.6367,2.592,27.84,1,20.0,0.788,,1.3333,,0.8322,0.7295,0.1455,0.0909,1.0,0.6054,152.14,7.6782,0.0,5.035,0,0,0,0,0,0,0,0,0,0,1,0,0,0,clear,
sample4.mp4,54.00,57.00,3.0,9,0.8889,1.0,0.0,1,0,0.33,30.6683,3.153,6.6898,4.5883,-5.8814,3.0049,3.1098,24.33,0,0.0,0.6896,,0.8571,,0.8322,0.7295,0.1455,0.0909,1.0,0.1914,152.14,7.6782,0.0,5.8744,0,0,0,0,0,0,0,0,0,0,1,0,0,0,clear,
sample4.mp4,66.00,69.00,3.0,9,1.0,1.0,0.0,0,0,0.0,27.9924,1.882,5.7233,3.0051,-6.8521,2.9397,2.8316,26.1,0,0.0,,,,,0.8322,0.7295,0.1455,0.0909,0.0,,152.14,7.6782,0.0,3.5927,0,0,0,0,0,0,0,0,0,0,1,0,0,0,clear,
sample4.mp4,81.00,84.00,3.0,9,1.0,1.0,0.0,0,0,0.0,30.1373,5.558,6.1773,2.014,-7.651,1.2535,2.4562,28.93,0,0.0,,,,,0.8322,0.7295,0.1455,0.0909,0.0,,152.14,7.6782,0.1111,5.7561,1,1,0,,,,,,,,,,,,clear,
sample51.mp4,90.00,93.00,3.0,9,0.5556,1.0,0.0,4,0,1.24,8.1767,5.3417,10.8124,7.6855,-0.2587,1.4347,33.6757,2.88,1,20.0,0.7364,0.0112,0.9167,0.1443,0.7255,0.8434,0.2345,0.1931,0.0,0.1624,176.1504,15.9537,0.4444,49.4943,0,0,0,,,,,,,,,,,,clear,
sample52.mp4,150.00,153.00,3.0,9,1.0,1.0,0.0,9,0,0.0,10.0005,1.7475,7.4882,7.9261,-2.5214,2.7437,4.1435,19.44,2,40.0,0.7856,0.025,1.2111,0.0598,0.7377,1.1977,0.1714,0.1297,0.0,0.074,168.3168,8.6591,0.2222,6.9531,0,0,0,,,,,,,,,,,,clear,
sample52.mp4,231.00,234.00,3.0,9,0.1111,1.0,0.0,8,0,2.67,10.6037,2.8667,6.0963,9.4489,-0.0776,3.6786,5.0864,16.43,3,60.0,0.7217,0.0282,1.4042,0.1114,0.7377,1.1977,0.1714,0.1297,0.625,0.2171,168.3168,8.6591,0.1111,7.7906,1,1,0,,,,,,,,,,,,clear,
sample53.mp4,162.00,165.00,3.0,9,0.1111,1.0,0.0,1,0,2.67,24.8827,5.6484,-1.4804,1.0696,-5.6479,0.4611,27.7078,3.48,1,20.0,0.7761,,1.3333,,0.7146,1.2069,0.2378,0.196,0.0,0.1406,168.2896,-7.4165,0.8889,51.8242,0,0,0,,,,,,,,,,,,clear,
sample53.mp4,168.00,171.00,3.0,9,0.6667,1.0,0.0,9,0,1.0,18.2171,2.8726,-3.9349,2.559,15.8128,55.9932,16.8204,5.61,1,20.0,0.7822,0.0533,1.3787,0.1026,0.7146,1.2069,0.2378,0.196,0.5556,0.1919,168.2896,-7.4165,0.0,8.0049,0,0,0,,,,,,,,,,,,clear,
sample54.mp4,87.00,90.00,3.0,9,0.5556,1.0,0.625,8,5,1.33,0.9851,0.557,15.9512,11.3791,1.7667,2.8786,3.0167,24.9,2,40.0,0.6594,0.0586,1.1228,0.0579,0.7096,0.9724,0.1858,0.1757,0.375,0.1702,178.3466,16.2532,0.1111,9.2944,2,1,1,,,,,,,,,,,,clear,
sample55.mp4,138.00,141.00,3.0,9,0.8889,1.0,0.0,8,0,0.33,1.8806,0.6958,-28.3361,2.1619,7.2658,0.9678,31.1549,3.11,3,60.0,0.6949,0.0214,0.9087,0.0831,0.7157,0.9576,0.4563,0.3429,0.125,0.0879,-178.1247,-30.1623,0.2222,81.3557,0,0,0,,,,,,,,,,,,clear,
sample56.mp4,33.00,36.00,3.0,7,1.0,1.0,0.0,0,0,0.0,10.8162,2.6725,0.977,6.3269,0.9929,1.3346,3.9665,20.13,0,0.0,,,,,0.9456,1.322,0.1742,0.1573,0.0,,174.2929,-15.8232,0.8571,17.7931,1,1,0,,,,,,,,,,,,clear,
sample56.mp4,39.00,42.00,3.0,7,0.5714,1.0,0.0,1,0,1.2,6.437,4.3024,-0.0085,12.1002,0.6102,1.4692,44.4725,2.2,1,20.0,0.8542,,1.3,,0.9456,1.322,0.1742,0.1573,0.0,0.094,174.2929,-15.8232,0.5714,62.2128,1,1,0,,,,,,,,,,,,clear,
sample56.mp4,120.00,123.00,3.0,8,0.875,1.0,0.0,1,0,0.2,7.094,1.7154,-7.1254,7.069,3.3626,1.5498,3.9198,20.33,0,0.0,1.0455,,1.3214,,0.9456,1.322,0.1742,0.1573,0.0,0.0999,174.2929,-15.8232,0.25,9.191,1,1,0,,,,,,,,,,,,clear,
sample56.mp4,126.00,129.00,3.0,8,0.375,1.0,0.0,3,0,2.0,5.0143,2.4505,-3.0375,16.7941,2.0555,1.9956,5.9599,14.37,1,20.0,1.0088,0.0311,1.2558,0.1492,0.9456,1.322,0.1742,0.1573,0.0,0.1778,174.2929,-15.8232,0.625,18.016,2,1,1,,,,,,,,,,,,clear,
sample56.mp4,240.00,243.00,3.0,8,0.5,1.0,0.0,3,0,1.6,4.6338,1.4024,-2.9983,11.8745,2.3022,1.0946,4.9252,16.88,1,20.0,0.9012,0.0409,1.4139,0.1567,0.9456,1.322,0.1742,0.1573,0.3333,0.1487,174.2929,-15.8232,0.375,13.2574,1,1,0,,,,,,,,,,,,clear,
sample57.mp4,159.00,162.00,3.0,9,0.1111,1.0,0.0,8,0,2.67,2.1349,1.24,6.1191,11.8796,-3.0327,1.4754,5.0234,16.6,1,20.0,0.824,0.0552,1.3073,0.1842,0.7426,1.4686,0.177,0.115,0.625,0.232,-178.0514,16.2058,0.3333,11.5887,0,0,0,,,,,,,,,,,,clear,
sample57.mp4,249.00,252.00,3.0,9,0.0,1.0,0.0,9,0,3.0,1.4379,0.8068,4.5965,9.6013,0.4903,1.5018,33.5311,2.9,2,40.0,0.7571,0.0382,1.3694,0.1771,0.7426,1.4686,0.177,0.115,0.5556,0.1847,-178.0514,16.2058,0.5556,51.5569,0,0,0,,,,,,,,,,,,clear,
sample58.mp4,51.00,54.00,3.0,9,0.4444,1.0,0.5556,9,5,1.67,10.1594,5.9393,20.5137,6.6407,-1.8464,6.0481,5.8783,14.54,2,40.0,0.6644,0.0574,1.0057,0.145,0.707,0.9559,0.2094,0.1429,0.3333,0.1509,-175.4528,24.1984,0.3333,10.2049,1,1,0,,,,,,,,,,,,clear,
sample58.mp4,126.00,129.00,3.0,9,0.3333,1.0,1.0,8,8,2.0,8.2026,3.4297,23.9506,2.8131,11.2962,55.7725,18.0852,5.24,0,0.0,0.5905,0.0242,0.773,0.1203,0.707,0.9559,0.2094,0.1429,0.625,0.2247,-175.4528,24.1984,0.0,4.7613,0,0,0,,,,,,,,,,,,clear,
sample58.mp4,180.00,183.00,3.0,9,0.1111,1.0,0.2857,7,2,2.67,3.5491,1.6694,23.5632,12.0888,-20.6,55.4379,71.9945,1.37,2,40.0,0.7027,0.072,1.0122,0.1634,0.707,0.9559,0.2094,0.1429,0.4286,0.1568,-175.4528,24.1984,0.3333,83.8744,1,1,0,,,,,,,,,,,,clear,
sample58.mp4,183.00,186.00,3.0,9,0.0,1.0,0.2222,9,2,3.0,6.4618,2.9208,24.2061,9.4959,2.9038,4.5163,3.9618,20.15,0,0.0,0.7318,0.0688,0.8896,0.0985,0.707,0.9559,0.2094,0.1429,0.1111,0.1028,-175.4528,24.1984,0.2222,9.4169,2,1,1,,,,,,,,,,,,clear,
sample58.mp4,252.00,255.00,3.0,9,0.6667,1.0,0.375,8,3,1.0,4.402,1.2831,16.5531,9.3368,1.2544,2.9315,3.9174,20.34,2,40.0,0.6786,0.0571,1.0619,0.1666,0.707,0.9559,0.2094,0.1429,0.375,0.1817,-175.4528,24.1984,0.2222,8.4394,2,1,1,,,,,,,,,,,,clear,
sample58.mp4,291.00,294.00,3.0,9,0.3333,1.0,0.5,6,3,2.0,5.6865,4.4348,7.9938,14.3766,-3.4568,5.2541,6.3942,13.52,0,0.0,0.6538,0.0877,0.8287,0.1239,0.707,0.9559,0.2094,0.1429,0.5,0.1732,-175.4528,24.1984,0.5556,18.4767,2,1,1,,,,,,,,,,,,clear,
sample5.mp4,6.00,9.00,3.0,9,0.0,1.0,0.2222,9,2,3.0,8.5135,4.2279,-15.514,4.9255,1.0011,1.1031,2.1167,32.09,0,0.0,0.6847,0.0649,0.6267,0.0196,0.6926,0.6193,0.2534,0.1869,0.0,0.0571,-175.0034,-23.2263,0.4444,9.2248,1,1,0,0,0,0,0,0,0,0,0,0,0,0,clear,
sample5.mp4,21.00,24.00,3.0,9,0.4444,1.0,0.6667,9,6,1.67,15.9866,23.6593,-15.7653,7.4981,-0.1415,3.1665,10.9607,8.36,0,0.0,0.5261,0.1369,0.6301,0.0324,0.6926,0.6193,0.2534,0.1869,0.5556,0.1803,-175.0034,-23.2263,0.2222,15.4387,1,1,0,0,0,0,0,0,0,0,0,0,0,0,clear,
sample5.mp4,30.00,33.00,3.0,9,0.6667,1.0,0.2222,9,2,1.0,4.0475,1.6636,-13.841,10.4107,-0.8246,1.8556,5.2874,15.9,1,20.0,0.634,0.1106,0.7112,0.1593,0.6926,0.6193,0.2534,0.1869,0.2222,0.1407,-175.0034,-23.2263,0.2222,9.7086,1,1,0,0,0,0,0,0,0,0,0,1,0,0,clear,
sample5.mp4,48.00,51.00,3.0,9,0.7778,1.0,0.3333,9,3,0.67,14.3701,25.5505,-15.9614,14.4376,-13.8326,54.4975,64.3013,1.53,3,60.0,0.6571,0.0746,0.7062,0.0484,0.6926,0.6193,0.2534,0.1869,0.1111,0.117,-175.0034,-23.2263,0.4444,91.3885,1,1,0,0,0,0,0,0,0,0,0,1,0,0,clear,
sample5.mp4,57.00,60.00,3.0,9,0.7778,1.0,0.5556,9,5,0.67,9.9967,8.1848,-28.9318,8.0613,-33.9313,67.3239,65.2556,1.51,0,0.0,0.6606,0.037,0.6575,0.0466,0.6926,0.6193,0.2534,0.1869,0.0,0.0695,-175.0034,-23.2263,0.2222,76.5165,0,0,0,0,0,0,0,0,0,0,0,1,0,0,clear,
sample5.mp4,66.00,69.00,3.0,9,0.5556,1.0,0.8889,9,8,1.33,12.1477,24.944,-5.2504,15.5193,3.4605,25.4705,51.3775,1.91,2,40.0,0.507,0.0907,0.6576,0.0657,0.6926,0.6193,0.2534,0.1869,0.5556,0.2019,-175.0034,-23.2263,0.5556,96.4237,2,1,1,,,,,,,,,,,,clear,
sample5.mp4,78.00,81.00,3.0,9,0.7778,1.0,0.5556,9,5,0.67,9.1076,5.6404,-18.7463,15.0574,-18.7897,50.6695,46.0895,2.12,1,20.0,0.5994,0.0984,0.6375,0.0192,0.6926,0.6193,0.2534,0.1869,0.2222,0.1063,-175.0034,-23.2263,0.3333,46.0396,1,1,0,0,0,0,0,0,0,0,0,0,0,0,clear,
sample5.mp4,87.00,90.00,3.0,9,0.6667,1.0,0.3333,9,3,1.0,8.1809,4.5749,-18.1044,17.0633,-17.3785,51.801,47.3187,2.07,0,0.0,0.6162,0.125,0.6532,0.0615,0.6926,0.6193,0.2534,0.1869,0.2222,0.1193,-175.0034,-23.2263,0.4444,49.1488,1,1,0,0,0,0,0,0,0,0,0,0,0,0,clear,
sample5.mp4,111.00,114.00,3.0,9,0.7778,1.0,0.4444,9,4,0.67,8.1976,7.5556,-16.0616,14.9445,-36.328,70.1694,71.5359,1.38,1,20.0,0.6395,0.0583,0.6843,0.0674,0.6926,0.6193,0.2534,0.1869,0.1111,0.1097,-175.0034,-23.2263,0.6667,124.1466,1,1,0,0,0,0,0,0,0,0,0,0,0,0,clear,
sample5.mp4,132.00,135.00,3.0,9,0.5556,1.0,0.6667,9,6,1.33,5.8583,3.2472,-20.0732,6.9544,-0.0564,2.0709,3.358,22.95,1,20.0,0.5672,0.1075,0.7063,0.1422,0.6926,0.6193,0.2534,0.1869,0.4444,0.1779,-175.0034,-23.2263,0.1111,7.0867,1,1,0,0,0,0,0,0,0,0,0,1,0,0,clear,
sample5.mp4,153.00,156.00,3.0,9,0.8889,1.0,0.0,9,0,0.33,6.7465,6.2783,-24.1192,8.4804,-17.5812,51.0022,44.8534,2.18,0,0.0,0.6865,0.0176,0.6432,0.0311,0.6926,0.6193,0.2534,0.1869,0.0,0.0408,-175.0034,-23.2263,0.2222,41.9306,1,1,0,0,0,0,0,0,0,0,0,0,0,0,clear,
sample5.mp4,237.00,240.00,3.0,9,0.8889,1.0,0.7778,9,7,0.33,13.1223,3.474,-13.3146,6.1422,-2.3248,1.6799,3.1745,23.96,0,0.0,0.6078,0.0718,0.6142,0.0316,0.6926,0.6193,0.2534,0.1869,0.1111,0.1052,-175.0034,-23.2263,0.4444,13.8365,1,1,0,0,0,0,0,0,0,0,0,1,0,0,clear,
sample5.mp4,252.00,255.00,3.0,9,0.6667,1.0,0.7778,9,7,1.0,8.4185,3.3239,-23.5353,6.6297,-19.0325,52.3558,45.0873,2.17,1,20.0,0.6225,0.0324,0.5598,0.0408,0.6926,0.6193,0.2534,0.1869,0.0,0.0989,-175.0034,-23.2263,0.1111,42.9443,0,0,0,0,0,0,0,0,0,0,0,0,0,0,clear,
sample5.mp4,285.00,288.00,3.0,9,0.6667,1.0,0.8889,9,8,1.0,7.1554,3.0819,-13.8037,4.5633,-3.2258,3.5332,2.7341,26.78,1,20.0,0.4742,0.0859,0.6488,0.0599,0.6926,0.6193,0.2534,0.1869,0.6667,0.2316,-175.0034,-23.2263,0.3333,10.1291,1,1,0,0,0,0,0,0,0,0,0,0,0,0,clear,
sample5.mp4,288.00,291.00,3.0,9,0.6667,1.0,0.5556,9,5,1.0,26.7054,30.4021,-19.8794,12.5039,-9.8014,55.8751,50.8406,1.93,0,0.0,0.6062,0.088,0.6266,0.0295,0.6926,0.6193,0.2534,0.1869,0.2222,0.1033,-175.0034,-23.2263,0.3333,59.0304,2,1,1,0,0,0,0,0,0,0,0,0,0,0,clear,
sample5.mp4,294.00,297.00,3.0,9,0.5556,1.0,0.3333,9,3,1.33,2.5522,1.5916,-14.2207,5.6425,0.1052,1.2989,1.7933,35.8,1,20.0,0.6791,0.1214,0.6773,0.0964,0.6926,0.6193,0.2534,0.1869,0.1111,0.131,-175.0034,-23.2263,0.2222,9.6327,2,1,1,,,,,,,,,,,,clear,
sample60.mp4,42.00,45.00,3.0,9,0.4444,1.0,0.3333,3,1,1.67,1.7394,1.3191,-9.8804,4.6556,-4.6596,1.8307,32.1943,3.01,1,20.0,0.6484,0.0812,1.2067,0.1695,0.7161,0.9777,0.2972,0.2387,0.6667,0.2419,-177.6637,-7.9799,0.2222,83.3054,2,1,1,,,,,,,,,,,,clear,
sample60.mp4,123.00,126.00,3.0,9,0.3333,1.0,0.0,3,0,2.0,3.3364,2.1848,-6.9762,4.4384,-2.1133,2.0618,2.2338,30.92,0,0.0,0.7445,0.0322,0.9603,0.0934,0.7161,0.9777,0.2972,0.2387,0.0,0.0956,-177.6637,-7.9799,0.0,4.3867,2,1,1,,,,,,,,,,,,clear,
sample60.mp4,210.00,213.00,3.0,9,0.1111,1.0,0.0,8,0,2.67,1.4403,1.2276,-10.4915,3.0595,-0.5494,1.6219,31.2294,3.1,0,0.0,0.7269,0.0179,1.0949,0.0541,0.7161,0.9777,0.2972,0.2387,0.25,0.1192,-177.6637,-7.9799,0.1111,43.5057,0,0,0,,,,,,,,,,,,clear,
sample60.mp4,288.00,291.00,3.0,9,0.1111,1.0,0.0,8,0,2.67,0.9586,0.8242,-9.3515,7.6982,-2.1675,1.7813,33.5985,2.89,0,0.0,0.7229,0.0377,1.125,0.0651,0.7161,0.9777,0.2972,0.2387,0.5,0.1544,-177.6637,-7.9799,0.3333,45.4344,0,0,0,,,,,,,,,,,,clear,
sample61.mp4,36.00,39.00,3.0,9,0.3333,1.0,0.0,3,0,2.0,16.9746,4.5827,0.7544,7.4922,-0.2834,5.3481,2.5613,28.08,2,40.0,0.7548,0.0539,1.4,0.0408,0.7509,1.3085,0.1855,0.1617,0.0,0.104,166.7808,7.6079,0.3333,10.9826,2,1,1,,,,,,,,,,,,clear,
sample61.mp4,57.00,60.00,3.0,9,0.8889,1.0,0.0,8,0,0.33,17.968,3.2057,5.4049,3.8227,-0.3758,2.3521,2.2722,30.56,1,20.0,0.7898,0.0115,1.3167,0.0993,0.7509,1.3085,0.1855,0.1617,0.0,0.1029,166.7808,7.6079,0.1111,6.1275,0,0,0,,,,,,,,,,,,clear,
sample61.mp4,69.00,72.00,3.0,9,0.6667,1.0,0.0,7,0,1.0,15.634,3.7246,3.8884,6.261,1.4699,2.4875,2.8166,26.2,3,60.0,0.7948,0.0374,1.2833,0.0787,0.7509,1.3085,0.1855,0.1617,0.1429,0.0698,166.7808,7.6079,0.1111,7.773,1,1,0,,,,,,,,,,,,clear,
sample61.mp4,108.00,111.00,3.0,9,0.6667,1.0,0.0,7,0,1.0,17.6069,2.3949,5.4649,2.5724,-0.0751,1.1789,1.4156,41.4,2,40.0,0.745,0.0225,1.231,0.0915,0.7509,1.3085,0.1855,0.1617,0.1429,0.107,166.7808,7.6079,0.0,5.4608,1,1,0,,,,,,,,,,,,clear,
sample61.mp4,207.00,210.00,3.0,9,0.5556,1.0,0.0,8,0,1.33,11.8,2.6904,-7.1969,7.5653,4.7324,2.1836,2.2799,30.49,1,20.0,0.7741,0.024,1.1875,0.1419,0.7509,1.3085,0.1855,0.1617,0.5,0.1732,166.7808,7.6079,0.4444,15.0965,0,0,0,,,,,,,,,,,,clear,
sample61.mp4,279.00,282.00,3.0,9,0.5556,1.0,0.0,7,0,1.33,20.4598,2.4574,8.4717,3.6109,-3.68,3.2134,1.7272,36.67,2,40.0,0.8243,0.0825,1.3643,0.1641,0.7509,1.3085,0.1855,0.1617,0.2857,0.1376,166.7808,7.6079,0.1111,7.9484,1,1,0,,,,,,,,,,,,clear,
sample62.mp4,111.00,114.00,3.0,9,1.0,1.0,0.0,9,0,0.0,1.99,0.9482,3.0579,1.6276,-4.2103,0.5805,30.6025,3.16,2,40.0,0.7554,0.0161,0.8642,0.0511,0.7223,0.8442,0.3148,0.1906,0.0,0.0608,176.5224,0.3913,0.1111,42.5585,0,0,0,,,,,,,,,,,,clear,
sample62.mp4,123.00,126.00,3.0,9,0.4444,1.0,0.0,8,0,1.67,5.0165,2.4206,4.7175,7.4727,12.7219,55.1798,47.2892,2.07,1,20.0,0.7447,0.0549,0.8179,0.0903,0.7223,0.8442,0.3148,0.1906,0.125,0.0939,176.5224,0.3913,0.2222,44.0963,1,1,0,,,,,,,,,,,,clear,
sample63.mp4,165.00,168.00,3.0,9,0.7778,1.0,0.0,0,0,0.67,2.1407,1.1856,10.9738,24.0437,-6.6901,2.433,100.3642,0.99,0,0.0,,,,,0.758,1.75,0.1017,0.1017,0.0,,177.2855,23.6725,0.8889,212.2094,0,0,0,,,,,,,,,,,,clear,
sample63.mp4,198.00,201.00,3.0,9,0.7778,1.0,1.0,2,2,0.67,7.09,7.8462,30.3773,5.965,-46.356,70.9053,76.0557,1.3,2,40.0,0.6395,0.0098,1.6417,0.1917,0.758,1.75,0.1017,0.1017,0.5,0.2316,177.2855,23.6725,0.6667,233.2973,0,0,0,,,,,,,,,,,,clear,
sample65.mp4,12.00,15.00,3.0,9,0.8889,1.0,0.0,1,0,0.33,3.3244,1.4182,8.6628,8.4753,-2.8335,1.6076,2.9755,25.15,1,20.0,0.7105,,1.4333,,0.7329,1.5807,0.2252,0.2252,0.0,0.1491,178.3114,15.7765,0.2222,8.2376,0,0,0,,,,,,,,,,,,clear,
sample65.mp4,57.00,60.00,3.0,9,0.1111,1.0,0.0,8,0,2.67,0.8078,0.6034,9.7802,3.0346,-5.1302,0.8961,61.019,1.61,2,40.0,0.7381,0.0166,1.3542,0.1813,0.7329,1.5807,0.2252,0.2252,0.625,0.2698,178.3114,15.7765,0.5556,200.9804,0,0,0,,,,,,,,,,,,clear,
sample65.mp4,120.00,123.00,3.0,9,0.3333,1.0,0.0,5,0,2.0,6.4004,10.8708,18.4194,5.8629,-0.1949,5.2883,36.8823,2.64,2,40.0,0.7338,0.0356,1.4583,0.1021,0.7329,1.5807,0.2252,0.2252,0.6,0.1382,178.3114,15.7765,0.8889,292.5383,0,0,0,,,,,,,,,,,,clear,
sample65.mp4,147.00,150.00,3.0,9,0.5556,1.0,0.0,4,0,1.33,1.9748,0.7283,1.1072,4.0214,-1.7642,0.7686,16.7038,5.65,2,40.0,0.7281,0.0215,1.4583,0.0884,0.7329,1.5807,0.2252,0.2252,0.5,0.1309,178.3114,15.7765,0.6667,51.9418,0,0,0,,,,,,,,,,,,clear,
sample65.mp4,165.00,168.00,3.0,9,0.2222,1.0,0.0,7,0,2.33,0.9684,1.1478,15.4497,2.6468,-3.0136,0.5989,46.3133,2.11,2,40.0,0.7413,0.0217,1.5417,0.0833,0.7329,1.5807,0.2252,0.2252,0.1429,0.0645,178.3114,15.7765,0.4444,159.4777,0,0,0,,,,,,,,,,,,clear,
sample65.mp4,186.00,189.00,3.0,9,0.2222,1.0,0.0,7,0,2.33,0.5529,0.6996,10.8979,3.8537,-3.3331,0.5252,61.4631,1.6,3,60.0,0.7678,0.0307,1.4155,0.133,0.7329,1.5807,0.2252,0.2252,0.4286,0.1724,178.3114,15.7765,0.6667,201.884,0,0,0,,,,,,,,,,,,clear,
sample66.mp4,72.00,75.00,3.0,9,0.6667,1.0,0.0,2,0,1.0,6.411,2.755,25.6727,16.5675,56.3383,80.3468,19.9506,4.77,1,20.0,0.7626,0.0506,0.9107,0.2232,0.6029,0.8335,0.1406,0.1225,1.0,0.2745,-174.7035,23.8229,0.5556,14.7503,2,1,1,,,,,,,,,,,,clear,
sample66.mp4,78.00,81.00,3.0,9,0.5556,1.0,0.0,5,0,1.33,7.6589,3.6599,3.5487,12.6219,1.4838,5.3127,4.7495,17.39,1,20.0,0.7907,0.0819,0.969,0.1753,0.6029,0.8335,0.1406,0.1225,0.8,0.2801,-174.7035,23.8229,0.6667,21.1692,2,1,1,,,,,,,,,,,,clear,
sample66.mp4,294.00,297.00,3.0,9,0.4444,1.0,0.8,5,4,1.67,7.1688,2.6335,5.0817,16.7668,0.9334,4.8541,4.5405,18.05,1,20.0,0.6306,0.1121,0.8697,0.1273,0.6029,0.8335,0.1406,0.1225,0.2,0.1298,-174.7035,23.8229,0.5556,19.6714,2,1,1,,,,,,,,,,,,clear,
sample67.mp4,156.00,159.00,3.0,9,0.3333,1.0,0.6667,6,4,2.0,3.9267,1.3436,1.1117,4.5253,1.057,1.7811,2.0071,33.25,1,20.0,0.6257,0.0546,0.8552,0.0938,0.7088,0.9664,0.2286,0.1306,0.3333,0.1607,174.9186,1.1517,0.0,3.952,0,0,0,,,,,,,,,,,,clear,
sample68.mp4,18.00,21.00,3.0,9,1.0,1.0,0.0,0,0,0.0,1.4582,0.8602,-22.7758,11.7109,4.8326,2.0813,63.0252,1.56,0,0.0,,,,,0.5919,0.9728,0.18,0.1171,0.0,,-176.9215,-0.5994,0.8889,96.5366,2,1,1,,,,,,,,,,,,clear,
sample68.mp4,183.00,186.00,3.0,9,0.4286,0.7778,0.5,4,2,1.85,6.8829,2.2868,-5.7406,7.188,0.8975,1.7916,3.9399,20.24,1,20.0,0.6765,0.0558,0.8432,0.0809,0.5919,0.9728,0.18,0.1171,0.5,0.1648,-176.9215,-0.5994,0.2857,8.7741,1,1,0,,,,,,,,,,,,clear,
sample68.mp4,186.00,189.00,3.0,9,0.0,1.0,1.0,9,9,2.83,4.0313,1.3427,-14.2398,7.449,-1.8016,4.5206,3.8496,20.62,3,60.0,0.5647,0.0387,1.0522,0.1011,0.5919,0.9728,0.18,0.1171,0.2222,0.1027,-176.9215,-0.5994,0.6667,13.7713,0,0,0,,,,,,,,,,,,clear,
sample68.mp4,240.00,243.00,3.0,9,0.6667,1.0,1.0,2,2,1.01,1.763,0.9086,-12.9116,9.1038,2.3308,2.6529,79.0082,1.25,2,40.0,0.5556,0.0477,1.2417,0.0417,0.5919,0.9728,0.18,0.1171,1.0,0.2765,-176.9215,-0.5994,0.8889,242.8646,0,0,0,,,,,,,,,,,,clear,
sample69.mp4,84.00,87.00,3.0,9,0.5556,1.0,0.6667,6,4,1.33,5.0471,2.0077,-26.2842,10.3663,-31.4926,75.1064,41.3309,2.36,1,20.0,0.6432,0.0216,0.8979,0.0888,0.6229,0.9552,0.3089,0.3015,0.1667,0.0783,174.225,-22.607,0.3333,24.7795,1,1,0,,,,,,,,,,,,clear,
sample69.mp4,147.00,150.00,3.0,9,0.8889,1.0,0.25,8,2,0.33,6.1851,2.503,-33.0102,9.1393,-70.5962,90.2505,34.9086,2.78,2,40.0,0.6656,0.0249,0.9193,0.0675,0.6229,0.9552,0.3089,0.3015,0.0,0.0828,174.225,-22.607,0.4444,11.2147,2,1,1,,,,,,,,,,,,clear,
sample69.mp4,174.00,177.00,3.0,9,0.8889,1.0,0.375,8,3,0.33,7.0994,2.0437,-35.1679,10.058,-66.6934,90.0927,43.2921,2.26,3,60.0,0.6725,0.0284,0.8351,0.0406,0.6229,0.9552,0.3089,0.3015,0.0,0.1327,174.225,-22.607,0.4444,13.2363,1,1,0,,,,,,,,,,,,clear,
sample69.mp4,183.00,186.00,3.0,9,0.7778,1.0,0.625,8,5,0.67,4.1143,2.4552,-31.3602,8.8976,-72.1545,90.4694,35.1357,2.77,1,20.0,0.652,0.0204,0.8656,0.0719,0.6229,0.9552,0.3089,0.3015,0.125,0.1007,174.225,-22.607,0.4444,9.9097,1,1,0,,,,,,,,,,,,clear,
sample6.mp4,18.00,21.00,3.0,9,0.8889,1.0,1.0,9,9,0.33,3.6767,1.39,-11.6575,2.2331,-0.9297,0.3289,1.2087,45.27,1,20.0,0.6047,0.0175,0.6166,0.074,0.5999,0.604,0.9062,0.0429,0.1111,0.0433,-175.4729,-16.3749,0.0,4.99,0,0,0,0,0,0,0,0,0,0,0,0,0,0,clear,
sample6.mp4,39.00,42.00,3.0,9,0.8889,1.0,0.8889,9,8,0.33,4.5305,1.7139,-14.6302,1.5262,-0.9604,1.0902,1.6637,37.54,1,20.0,0.5998,0.0288,0.6248,0.0837,0.5999,0.604,0.9062,0.0429,0.1111,0.0591,-175.4729,-16.3749,0.0,2.3015,0,0,0,0,0,0,0,0,0,0,0,0,0,0,clear,
sample6.mp4,108.00,111.00,3.0,9,0.8889,1.0,0.6667,9,6,0.33,6.0126,1.7183,-13.4958,8.8061,0.3211,1.3544,3.4171,22.64,2,40.0,0.6195,0.0425,0.6134,0.0358,0.5999,0.604,0.9062,0.0429,0.0,0.0485,-175.4729,-16.3749,0.1111,6.7149,1,1,0,,,,,,,,,,,,clear,
sample6.mp4,114.00,117.00,3.0,9,1.0,1.0,1.0,9,9,0.0,2.4844,0.9887,-14.3455,1.1034,1.037,2.0919,1.3624,42.33,1,20.0,0.5867,0.0153,0.6222,0.0441,0.5999,0.604,0.9062,0.0429,0.0,0.0384,-175.4729,-16.3749,0.0,3.0757,0,0,0,0,0,0,0,0,0,0,0,0,0,0,clear,
sample6.mp4,123.00,126.00,3.0,9,1.0,1.0,1.0,9,9,0.0,4.496,0.7384,-15.869,1.4482,-1.3222,1.2704,1.337,42.79,0,0.0,0.6087,0.0134,0.5989,0.011,0.5999,0.604,0.9062,0.0429,0.0,0.0175,-175.4729,-16.3749,0.0,1.4989,0,0,0,0,0,0,0,0,0,0,0,0,0,0,clear,
sample6.mp4,150.00,153.00,3.0,9,1.0,1.0,1.0,9,9,0.0,3.5364,0.4639,-15.8695,1.0259,-2.0311,0.2257,0.6353,61.15,2,40.0,0.6148,0.022,0.6509,0.0369,0.5999,0.604,0.9062,0.0429,0.0,0.0562,-175.4729,-16.3749,0.0,1.4981,0,0,0,0,0,0,0,0,0,0,0,0,0,0,clear,
sample6.mp4,168.00,171.00,3.0,9,0.8889,1.0,1.0,9,9,0.33,9.0409,1.5091,-21.4248,1.2729,-2.4171,0.5722,1.4139,41.43,1,20.0,0.5933,0.012,0.6084,0.0754,0.5999,0.604,0.9062,0.0429,0.1111,0.0494,-175.4729,-16.3749,0.0,6.8128,1,1,0,0,0,0,0,0,0,0,0,0,0,0,clear,
sample6.mp4,174.00,177.00,3.0,9,1.0,1.0,1.0,9,9,0.0,5.5414,0.6868,-18.4209,0.6259,-2.3475,0.3083,0.7047,58.66,2,40.0,0.6086,0.0164,0.6254,0.0288,0.5999,0.604,0.9062,0.0429,0.0,0.032,-175.4729,-16.3749,0.0,2.3772,0,0,0,0,0,0,0,0,0,0,0,0,0,0,clear,
sample6.mp4,186.00,189.00,3.0,9,0.8889,1.0,1.0,9,9,0.33,6.5733,1.825,-18.4508,2.2674,-2.6792,1.7499,1.7995,35.72,1,20.0,0.5755,0.018,0.6305,0.0653,0.5999,0.604,0.9062,0.0429,0.1111,0.0574,-175.4729,-16.3749,0.0,3.8289,0,0,0,0,0,0,0,0,0,0,0,0,0,0,clear,
sample6.mp4,195.00,198.00,3.0,9,0.8889,1.0,1.0,9,9,0.33,5.8131,2.1657,-19.708,1.5869,-2.6791,0.83,30.352,3.19,1,20.0,0.5976,0.0132,0.6157,0.0908,0.5999,0.604,0.9062,0.0429,0.1111,0.0505,-175.4729,-16.3749,0.1111,43.2852,0,0,0,0,0,0,0,0,0,0,0,0,0,0,clear,
sample6.mp4,204.00,207.00,3.0,9,1.0,1.0,1.0,9,9,0.0,5.9166,0.6233,-18.7047,1.2476,-3.0151,0.3312,0.9234,51.99,0,0.0,0.6081,0.0099,0.5874,0.0124,0.5999,0.604,0.9062,0.0429,0.0,0.0217,-175.4729,-16.3749,0.0,2.8496,0,0,0,0,0,0,0,0,0,0,0,0,0,0,clear,
sample6.mp4,243.00,246.00,3.0,9,1.0,1.0,1.0,9,9,0.0,2.3409,0.7352,-13.2936,2.0066,-2.2151,0.6191,0.8284,54.69,0,0.0,0.5879,0.0195,0.6355,0.0141,0.5999,0.604,0.9062,0.0429,0.0,0.0403,-175.4729,-16.3749,0.0,4.1327,0,0,0,0,0,0,0,0,0,0,0,0,0,0,clear,
sample70.mp4,33.00,36.00,3.0,9,0.6667,1.0,0.0,0,0,1.0,4.0468,2.4831,0.085,14.7947,-11.785,7.8817,33.7935,2.87,0,0.0,,,,,0.7147,0.8639,0.2188,0.1562,0.0,,-177.1132,31.8896,0.7778,206.7531,1,1,0,,,,,,,,,,,,clear,
sample70.mp4,51.00,54.00,3.0,9,0.8889,1.0,0.0,0,0,0.33,3.4054,2.815,6.0698,8.7553,-8.4242,1.7503,34.0979,2.85,0,0.0,,,,,0.7147,0.8639,0.2188,0.1562,0.0,,-177.1132,31.8896,0.8889,98.3353,0,0,0,,,,,,,,,,,,clear,
sample70.mp4,72.00,75.00,3.0,9,0.0,1.0,0.0,0,0,3.0,5.545,1.9371,44.9134,7.7629,45.8383,85.2405,26.2894,3.66,0,0.0,,,,,0.7147,0.8639,0.2188,0.1562,0.0,,-177.1132,31.8896,1.0,351.8949,2,1,1,,,,,,,,,,,,clear,
sample70.mp4,78.00,81.00,3.0,9,0.6667,1.0,0.0,0,0,1.0,5.5126,6.7983,-1.0638,14.3287,30.9534,75.4706,49.6375,1.97,0,0.0,,,,,0.7147,0.8639,0.2188,0.1562,0.0,,-177.1132,31.8896,0.8889,139.1551,1,1,0,,,,,,,,,,,,clear,
sample70.mp4,258.00,261.00,3.0,9,1.0,1.0,0.0,0,0,0.0,2.4764,1.669,35.2889,3.1923,3.9784,2.1326,31.2216,3.1,0,0.0,,,,,0.7147,0.8639,0.2188,0.1562,0.0,,-177.1132,31.8896,0.1111,43.3332,2,1,1,,,,,,,,,,,,clear,
sample70.mp4,267.00,270.00,3.0,9,1.0,1.0,0.0,0,0,0.0,3.0309,3.0567,31.4366,3.6822,-3.1557,3.171,48.1308,2.04,0,0.0,,,,,0.7147,0.8639,0.2188,0.1562,0.0,,-177.1132,31.8896,0.2222,82.3672,2,1,1,,,,,,,,,,,,clear,
sample71.mp4,48.00,51.00,3.0,9,0.8889,1.0,0.25,8,2,0.33,15.8383,1.7883,-11.6981,1.3183,-6.331,1.3508,1.2,45.45,2,40.0,0.6693,0.0515,0.8731,0.039,0.7135,0.958,0.2503,0.2468,0.0,0.1048,-166.7059,-8.8915,0.0,4.1529,2,1,1,,,,,,,,,,,,clear,
sample71.mp4,63.00,66.00,3.0,9,0.6667,1.0,0.5556,9,5,1.0,15.5217,1.8404,-4.2657,3.0907,1.0123,4.322,2.084,32.43,2,40.0,0.6694,0.0805,0.8464,0.1531,0.7135,0.958,0.2503,0.2468,0.4444,0.1862,-166.7059,-8.8915,0.0,5.5428,2,1,1,,,,,,,,,,,,clear,
sample71.mp4,93.00,96.00,3.0,9,1.0,1.0,0.4444,9,4,0.0,15.6962,1.4834,-9.2651,2.0496,-2.4863,0.8348,1.3672,42.24,2,40.0,0.6638,0.0721,0.9375,0.0392,0.7135,0.958,0.2503,0.2468,0.0,0.0863,-166.7059,-8.8915,0.0,3.279,2,1,1,,,,,,,,,,,,clear,
sample71.mp4,228.00,231.00,3.0,9,0.8889,1.0,0.0,9,0,0.33,11.9079,2.9289,-9.6991,9.5353,-2.2069,1.8606,3.2207,23.69,2,40.0,0.7151,0.0162,0.9312,0.0725,0.7135,0.958,0.2503,0.2468,0.1111,0.0583,-166.7059,-8.8915,0.1111,7.6122,2,1,1,,,,,,,,,,,,clear,
sample72.mp4,72.00,75.00,3.0,9,0.3333,1.0,0.0,6,0,1.87,3.6558,2.2568,5.6151,15.1292,0.3308,1.1489,33.7128,2.88,1,20.0,0.8245,0.0426,1.2341,0.1695,0.8415,1.3094,0.2952,0.2288,0.5,0.1639,176.3364,16.0218,0.5556,52.8295,2,1,1,,,,,,,,,,,,clear,
sample72.mp4,99.00,102.00,3.0,8,1.0,1.0,0.0,0,0,0.0,3.8657,2.2986,10.8567,8.027,-3.5435,2.3436,3.8437,20.65,0,0.0,,,,,0.8415,1.3094,0.2952,0.2288,0.0,,176.3364,16.0218,0.25,6.9526,2,1,1,,,,,,,,,,,,clear,
sample72.mp4,135.00,138.00,3.0,8,0.25,1.0,0.0,5,0,1.98,4.8563,2.4765,0.8145,13.7244,0.9916,3.5563,5.8759,14.54,1,20.0,0.8085,0.0407,1.22,0.0839,0.8415,1.3094,0.2952,0.2288,0.2,0.1207,176.3364,16.0218,0.625,17.765,1,1,0,,,,,,,,,,,,clear,
sample73.mp4,45.00,48.00,3.0,9,0.0,1.0,0.0,9,0,3.0,24.4266,2.0137,-10.6873,7.1098,-0.3312,1.9806,2.1959,31.29,1,20.0,0.9091,0.1233,1.4774,0.2092,0.7205,1.1909,0.1427,0.1106,1.0,0.4042,160.9455,-0.2711,0.4444,12.5419,1,1,0,,,,,,,,,,,,clear,
sample73.mp4,54.00,57.00,3.0,9,0.1111,1.0,0.0,4,0,2.67,12.1397,9.0094,23.3226,22.3472,-44.0314,109.2811,58.3421,1.69,1,20.0,0.8016,0.0859,1.2188,0.0817,0.7205,1.1909,0.1427,0.1106,0.25,0.1172,160.9455,-0.2711,0.5556,58.7131,0,0,0,,,,,,,,,,,,clear,
sample73.mp4,78.00,81.00,3.0,9,0.2222,1.0,0.0,7,0,2.33,20.7693,4.8734,-0.0227,10.3057,-8.8715,8.5063,4.2114,19.19,2,40.0,0.8133,0.0311,1.2474,0.3047,0.7205,1.1909,0.1427,0.1106,0.7143,0.2929,160.9455,-0.2711,0.4444,11.2418,0,0,0,,,,,,,,,,,,clear,
sample73.mp4,372.00,375.00,3.0,9,0.2222,1.0,0.1429,7,1,2.33,16.6516,5.696,-19.2775,2.4336,3.0422,2.4033,3.181,23.92,0,0.0,0.7455,0.0585,1.1692,0.2997,0.7205,1.1909,0.1427,0.1106,0.7143,0.2582,160.9455,-0.2711,1.0,19.991,2,1,1,,,,,,,,,,,,clear,
sample74.mp4,168.00,171.00,3.0,9,0.6667,1.0,0.0,8,0,0.86,4.141,1.1306,29.4277,1.3282,-2.1282,0.4954,1.1139,47.31,2,40.0,0.7718,0.0469,1.2688,0.0647,0.7424,1.2129,0.2614,0.2054,0.0,0.0889,175.5967,30.4416,0.0,1.7333,0,0,0,,,,,,,,,,,,clear,
sample75.mp4,93.00,96.00,3.0,9,0.8889,1.0,0.0,0,0,0.34,4.8356,2.3079,2.9094,6.9242,2.2236,2.1458,32.4756,2.99,0,0.0,,,,,0.7074,0.7131,0.1617,0.1402,0.0,,-175.3278,15.9761,0.7778,51.9025,2,1,1,,,,,,,,,,,,clear,
sample75.mp4,231.00,234.00,3.0,9,0.7778,1.0,0.5,2,1,0.38,7.3567,3.6599,-15.095,4.8221,-5.9631,3.6526,4.2019,19.22,1,20.0,0.6721,0.066,0.8889,0.2778,0.7074,0.7131,0.1617,0.1402,0.5,0.2856,-175.3278,15.9761,1.0,31.4337,2,1,1,,,,,,,,,,,,clear,
sample75.mp4,246.00,249.00,3.0,9,0.0,1.0,0.75,4,3,2.89,5.6715,1.8887,19.4819,2.5551,4.9452,6.8084,3.0087,24.95,0,0.0,0.6083,0.038,0.8378,0.1648,0.7074,0.7131,0.1617,0.1402,0.25,0.1975,-175.3278,15.9761,0.0,4.334,2,1,1,,,,,,,,,,,,clear,
sample75.mp4,279.00,282.00,3.0,9,0.0,1.0,0.0,2,0,2.81,8.3752,1.0483,20.974,2.798,11.3578,0.9946,1.6287,38.04,0,0.0,0.6824,0.0081,0.7708,0.0,0.7074,0.7131,0.1617,0.1402,0.0,0.0634,-175.3278,15.9761,0.0,6.6906,0,0,0,,,,,,,,,,,,clear,
sample75.mp4,330.00,333.00,3.0,9,0.1111,1.0,1.0,4,4,2.49,6.5829,2.4053,18.7051,5.1158,3.1562,3.3784,2.8502,25.97,1,20.0,0.6111,0.026,0.9353,0.1115,0.7074,0.7131,0.1617,0.1402,0.75,0.2473,-175.3278,15.9761,0.1111,5.7997,1,1,0,,,,,,,,,,,,clear,
sample75.mp4,339.00,342.00,3.0,9,0.5556,1.0,0.0,4,0,1.03,12.9806,5.0301,-11.3937,10.5419,4.2045,0.5502,3.0587,24.64,0,0.0,0.6966,0.029,0.8147,0.0718,0.7074,0.7131,0.1617,0.1402,0.25,0.1104,-175.3278,15.9761,0.7778,28.8289,1,1,0,,,,,,,,,,,,clear,
sample77.mp4,135.00,138.00,3.0,9,0.8889,1.0,0.0,1,0,0.33,2.4289,1.2535,-26.5984,3.7925,-1.8966,2.5289,31.7675,3.05,0,0.0,0.9167,,1.25,,0.9605,1.2125,0.1505,0.116,0.0,0.0577,-174.5572,-30.3746,0.3333,121.3392,1,1,0,,,,,,,,,,,,clear,
sample77.mp4,153.00,156.00,3.0,9,0.3333,1.0,0.0,6,0,2.0,7.6899,5.0935,-30.7198,3.3213,-3.8742,1.9019,2.7567,26.62,0,0.0,0.9359,0.1552,1.25,0.1708,0.9605,1.2125,0.1505,0.116,1.0,0.2314,-174.5572,-30.3746,0.0,6.2224,1,1,0,,,,,,,,,,,,clear,
sample77.mp4,195.00,198.00,3.0,9,0.2222,1.0,0.0,7,0,2.33,6.5283,2.1376,-30.3541,1.6619,1.2206,1.9649,2.3271,30.06,0,0.0,0.9249,0.1097,1.2071,0.1147,0.9605,1.2125,0.1505,0.116,0.2857,0.1398,-174.5572,-30.3746,0.0,2.6533,2,1,1,,,,,,,,,,,,clear,
sample78.mp4,36.00,39.00,3.0,9,0.6667,1.0,0.0,0,0,1.0,5.9738,5.6713,-17.9559,18.0637,-12.7981,52.8934,36.1714,2.69,0,0.0,,,,,0.84,1.5833,0.2105,0.1053,0.0,,-177.8193,24.1224,1.0,320.4531,2,1,1,,,,,,,,,,,,clear,
sample78.mp4,123.00,126.00,3.0,9,0.8889,1.0,0.0,0,0,0.33,3.5245,3.3747,-26.3803,10.5522,-20.664,55.7836,108.256,0.92,0,0.0,,,,,0.84,1.5833,0.2105,0.1053,0.0,,-177.8193,24.1224,1.0,185.894,2,1,1,,,,,,,,,,,,clear,
sample79.mp4,3.00,6.00,3.0,9,0.2222,1.0,0.0,5,0,2.33,10.4067,5.8693,9.7385,15.1902,-33.034,72.1432,22.3251,4.29,3,60.0,0.7006,0.0455,1.1876,0.111,0.6929,1.1868,0.1644,0.1104,0.2,0.1001,-170.3188,23.8039,0.5556,15.2495,0,0,0,,,,,,,,,,,,clear,
sample79.mp4,138.00,141.00,3.0,9,0.0,1.0,0.7778,9,7,3.0,8.2936,1.0564,23.259,2.8281,6.4651,0.3026,1.275,43.96,1,20.0,0.6036,0.0485,1.1621,0.2109,0.6929,1.1868,0.1644,0.1104,0.5556,0.2157,-170.3188,23.8039,0.0,2.9864,2,1,1,,,,,,,,,,,,clear,
sample7.mp4,3.00,6.00,3.0,7,0.4286,1.0,1.0,7,7,1.6,1.7985,0.9161,-12.528,2.8897,1.9673,0.8597,61.3147,1.6,3,60.0,0.5583,0.0052,0.6714,0.035,0.5755,0.7135,0.6167,0.1542,0.0,0.053,176.4294,-15.687,0.2857,104.5648,0,0,0,0,0,0,0,0,0,0,0,1,0,0,clear,
sample7.mp4,21.00,24.00,3.0,7,0.7143,1.0,1.0,7,7,0.8,2.8019,0.8502,0.8453,13.0197,0.2355,3.2434,4.1682,19.35,2,40.0,0.5618,0.0157,0.6537,0.0651,0.5755,0.7135,0.6167,0.1542,0.0,0.0861,176.4294,-15.687,0.4286,16.5867,0,0,0,,,,,,,,,,,,clear,
sample7.mp4,36.00,39.00,3.0,8,1.0,1.0,1.0,8,8,0.0,2.2437,1.1532,-12.658,4.4895,2.06,2.6467,36.166,2.69,1,20.0,0.5573,0.0301,0.701,0.0358,0.5755,0.7135,0.6167,0.1542,0.0,0.0467,176.4294,-15.687,0.125,48.4187,2,1,1,0,0,0,0,0,0,1,0,0,0,0,clear,
sample7.mp4,42.00,45.00,3.0,8,1.0,1.0,1.0,8,8,0.0,3.2871,1.8872,-8.9823,6.3834,1.1388,2.7235,20.3482,4.68,1,20.0,0.5614,0.0356,0.7227,0.0323,0.5755,0.7135,0.6167,0.1542,0.0,0.0466,176.4294,-15.687,0.375,50.7086,1,1,0,0,0,0,0,0,0,0,0,1,0,0,clear,
sample7.mp4,48.00,51.00,3.0,8,1.0,1.0,1.0,8,8,0.0,3.7769,1.6043,-10.1313,4.5847,2.034,2.6499,19.5752,4.86,1,20.0,0.5578,0.0416,0.7196,0.0353,0.5755,0.7135,0.6167,0.1542,0.0,0.0546,176.4294,-15.687,0.125,50.1932,1,1,0,,,,,,,,,,,,clear,
sample7.mp4,66.00,69.00,3.0,8,1.0,1.0,1.0,8,8,0.0,3.7232,1.7866,-10.6292,5.7821,2.1188,3.9585,19.4622,4.89,1,20.0,0.5497,0.0173,0.6949,0.0309,0.5755,0.7135,0.6167,0.1542,0.0,0.0439,176.4294,-15.687,0.25,49.0099,1,1,0,0,0,0,0,0,0,0,0,1,0,0,clear,
sample7.mp4,96.00,99.00,3.0,8,0.875,1.0,1.0,8,8,0.4,4.1507,0.9804,-7.5545,11.2884,4.9452,5.3418,4.1692,19.35,1,20.0,0.5774,0.0232,0.7067,0.0294,0.5755,0.7135,0.6167,0.1542,0.0,0.0345,176.4294,-15.687,0.375,12.4168,1,1,0,0,0,0,0,0,0,0,0,1,0,0,clear,
sample7.mp4,105.00,108.00,3.0,7,0.7143,1.0,0.7143,7,5,0.8,3.52,1.765,-1.62,18.3045,1.1846,3.6493,7.023,12.46,1,20.0,0.5086,0.1095,0.6044,0.068,0.5755,0.7135,0.6167,0.1542,0.4286,0.1521,176.4294,-15.687,0.4286,16.6619,1,1,0,0,0,0,0,0,0,0,0,1,0,0,clear,
sample7.mp4,150.00,153.00,3.0,8,0.625,1.0,1.0,7,7,1.0,3.5103,1.0733,-5.1426,12.567,-0.831,3.6843,3.5404,22.02,3,60.0,0.537,0.0399,0.6557,0.0295,0.5755,0.7135,0.6167,0.1542,0.1429,0.0711,176.4294,-15.687,0.375,11.8295,2,1,1,0,0,0,0,0,0,0,0,1,0,0,clear,
sample7.mp4,180.00,183.00,3.0,8,1.0,1.0,1.0,8,8,0.0,5.8049,1.8485,-14.2669,4.7002,2.6892,2.8249,2.9182,25.52,1,20.0,0.5434,0.021,0.7276,0.0313,0.5755,0.7135,0.6167,0.1542,0.0,0.0487,176.4294,-15.687,0.0,4.7288,2,1,1,0,0,0,0,1,0,1,0,1,0,0,clear,
sample7.mp4,222.00,225.00,3.0,8,1.0,1.0,1.0,8,8,0.0,3.8079,1.5037,-11.3506,7.899,0.6732,1.9579,4.2924,18.9,2,40.0,0.5606,0.026,0.7107,0.0392,0.5755,0.7135,0.6167,0.1542,0.0,0.0487,176.4294,-15.687,0.25,6.7092,0,0,0,0,0,0,0,0,0,1,0,1,0,0,clear,
sample7.mp4,225.00,228.00,3.0,7,1.0,1.0,1.0,7,7,0.0,4.4802,0.5517,-9.7966,12.382,1.4938,2.7183,5.091,16.42,2,40.0,0.5535,0.0145,0.743,0.0524,0.5755,0.7135,0.6167,0.1542,0.0,0.0587,176.4294,-15.687,0.1429,8.1141,0,0,0,0,0,0,0,0,0,0,0,1,0,0,clear,
sample7.mp4,249.00,252.00,3.0,7,0.8571,1.0,1.0,6,6,0.4,3.8982,2.3159,-17.7137,6.5526,6.7351,2.6744,3.5146,22.15,3,60.0,0.5813,0.0254,0.7041,0.0234,0.5755,0.7135,0.6167,0.1542,0.0,0.0348,176.4294,-15.687,0.1429,6.0837,0,0,0,0,0,0,0,0,0,0,0,1,0,0,clear,
sample7.mp4,273.00,276.00,3.0,7,1.0,1.0,1.0,7,7,0.0,5.0953,1.2127,-15.9075,9.7977,2.2889,2.4855,3.2302,23.64,2,40.0,0.5684,0.04,0.6992,0.0537,0.5755,0.7135,0.6167,0.1542,0.0,0.0675,176.4294,-15.687,0.1429,7.9638,0,0,0,0,0,0,0,0,0,0,0,1,0,0,clear,
sample7.mp4,282.00,285.00,3.0,8,0.875,1.0,1.0,7,7,0.4,4.7606,1.2331,-13.3642,9.3372,-20.6322,59.7308,28.5134,3.39,2,40.0,0.55,0.0106,0.7524,0.0259,0.5755,0.7135,0.6167,0.1542,0.0,0.0483,176.4294,-15.687,0.375,49.7405,0,0,0,0,0,0,0,0,0,0,0,1,0,0,clear,
sample80.mp4,108.00,111.00,3.0,9,0.5556,1.0,0.25,8,2,1.33,1.0207,0.5697,-13.4358,1.6152,0.048,0.1873,45.5895,2.15,2,40.0,0.6703,0.0293,1.1172,0.1362,0.7059,0.9666,0.2053,0.1623,0.375,0.1673,177.4663,-14.7122,0.5556,199.09,0,0,0,,,,,,,,,,,,clear,
sample80.mp4,180.00,183.00,3.0,9,0.3333,1.0,0.1667,6,1,2.0,1.9921,1.5955,-14.8263,2.2433,1.6272,1.5153,1.5977,38.5,2,40.0,0.6928,0.0409,0.8343,0.1133,0.7059,0.9666,0.2053,0.1623,0.1667,0.1734,177.4663,-14.7122,0.0,2.3995,1,1,0,,,,,,,,,,,,clear,
sample80.mp4,207.00,210.00,3.0,9,0.3333,1.0,0.3333,6,2,2.0,2.5714,1.0958,-16.1771,2.2184,0.7921,0.4622,1.0018,49.96,2,40.0,0.6623,0.0732,1.0146,0.0609,0.7059,0.9666,0.2053,0.1623,0.1667,0.1002,177.4663,-14.7122,0.0,2.1885,0,0,0,,,,,,,,,,,,clear,
sample81.mp4,195.00,198.00,3.0,8,1.0,1.0,0.0,0,0,0.0,0.835,0.5379,-14.694,2.8773,0.4598,0.8292,18.2919,5.18,0,0.0,,,,,0.7826,1.0,1.0,0.0,0.0,,-178.8614,-15.5196,0.25,91.1506,0,0,0,,,,,,,,,,,,clear,
sample82.mp4,30.00,33.00,3.0,6,1.0,1.0,1.0,6,6,0.0,6.6409,1.5576,0.4564,2.5611,-1.483,0.8412,1.9599,33.78,2,40.0,0.596,0.0238,1.0694,0.0573,0.6049,0.9698,0.4436,0.201,0.1667,0.106,-175.1667,0.1886,0.0,3.2059,0,0,0,,,,,,,,,,,,clear,
sample82.mp4,42.00,45.00,3.0,6,0.5,1.0,0.8,5,4,1.5,4.7874,1.2893,-2.8995,11.143,0.4733,0.8182,5.7848,14.74,2,40.0,0.6269,0.0352,0.9527,0.1352,0.6049,0.9698,0.4436,0.201,0.4,0.1203,-175.1667,0.1886,0.3333,9.5157,0,0,0,,,,,,,,,,,,clear,
sample84.mp4,12.00,15.00,3.0,9,1.0,1.0,0.0,0,0,0.0,4.9308,1.0925,2.0857,2.5332,3.7691,2.7034,1.9741,33.62,0,0.0,,,,,0.7161,0.7279,0.2842,0.2632,0.0,,175.9194,-0.0419,0.0,2.9918,1,1,0,,,,,,,,,,,,clear,
sample84.mp4,69.00,72.00,3.0,9,1.0,1.0,0.0,0,0,0.0,4.4167,1.0678,-1.4141,3.7903,3.8224,0.9753,2.0899,32.36,0,0.0,,,,,0.7161,0.7279,0.2842,0.2632,0.0,,175.9194,-0.0419,0.0,3.6818,1,1,0,,,,,,,,,,,,clear,
sample84.mp4,84.00,87.00,3.0,9,0.8889,1.0,0.0,1,0,0.33,4.5946,1.7264,-5.5158,3.9273,6.3645,0.785,1.8933,34.56,1,20.0,0.7371,,0.7375,,0.7161,0.7279,0.2842,0.2632,0.0,0.0231,175.9194,-0.0419,0.1111,5.9504,0,0,0,,,,,,,,,,,,clear,
sample84.mp4,258.00,261.00,3.0,9,1.0,1.0,0.0,0,0,0.0,3.3561,1.953,-12.7098,8.2526,3.1543,1.5451,1.9535,33.86,0,0.0,,,,,0.7161,0.7279,0.2842,0.2632,0.0,,175.9194,-0.0419,0.5556,13.6061,1,1,0,,,,,,,,,,,,clear,
sample84.mp4,285.00,288.00,3.0,9,1.0,1.0,0.0,0,0,0.0,3.8977,1.4256,-16.1519,3.0698,6.999,0.9403,1.8597,34.97,0,0.0,,,,,0.7161,0.7279,0.2842,0.2632,0.0,,175.9194,-0.0419,0.8889,16.1853,1,1,0,,,,,,,,,,,,clear,
sample84.mp4,327.00,329.50,2.5,8,1.0,1.0,0.0,0,0,0.0,2.0568,1.1537,7.0691,3.2228,0.9964,1.3666,1.7507,36.35,0,0.0,,,,,0.7161,0.7279,0.2842,0.2632,0.0,,175.9194,-0.0419,1.0,353.9487,0,0,0,,,,,,,,,,,,clear,
sample85.mp4,9.00,12.00,3.0,9,0.5556,1.0,0.0,8,0,1.33,1.7564,1.1546,19.9727,12.1709,-0.5556,3.93,64.2964,1.53,1,20.0,0.7987,0.0406,1.1277,0.0726,0.7322,1.0847,0.1919,0.1685,0.0,0.1013,-178.158,24.5982,0.3333,84.872,2,1,1,,,,,,,,,,,,clear,
sample85.mp4,66.00,69.00,3.0,9,0.6667,1.0,0.0,8,0,1.0,1.1243,0.6926,22.8565,4.0802,1.4472,1.4242,17.0278,5.55,1,20.0,0.766,0.0366,1.0146,0.1022,0.7322,1.0847,0.1919,0.1685,0.25,0.1117,-178.158,24.5982,0.3333,121.8978,1,1,0,,,,,,,,,,,,clear,
sample85.mp4,192.00,195.00,3.0,9,0.2222,1.0,0.0,5,0,2.33,2.4551,1.8233,25.2049,5.3874,-3.2476,2.5802,32.505,2.98,1,20.0,0.7489,0.0371,1.1908,0.2415,0.7322,1.0847,0.1919,0.1685,0.4,0.2047,-178.158,24.5982,0.1111,44.8808,2,1,1,,,,,,,,,,,,clear,
sample85.mp4,198.00,201.00,3.0,9,0.7778,1.0,0.0,9,0,0.67,2.0996,1.4241,29.4346,3.8395,-2.0928,1.4346,32.126,3.02,2,40.0,0.7765,0.0494,1.2019,0.1413,0.7322,1.0847,0.1919,0.1685,0.2222,0.1555,-178.158,24.5982,0.1111,44.012,0,0,0,,,,,,,,,,,,clear,
sample85.mp4,234.00,237.00,3.0,9,0.2222,1.0,0.0,5,0,2.33,2.2743,1.1056,14.2855,19.4093,-0.5325,1.4003,33.1001,2.93,2,40.0,0.7871,0.0636,1.1667,0.1006,0.7322,1.0847,0.1919,0.1685,0.2,0.1324,-178.158,24.5982,0.4444,90.7943,1,1,0,,,,,,,,,,,,clear,
sample86.mp4,51.00,54.00,3.0,8,0.5,1.0,0.25,4,1,1.42,9.9198,3.0296,22.6977,3.5293,4.8084,1.5356,1.9214,34.23,1,20.0,0.6773,0.0256,0.9174,0.0486,0.703,0.8456,0.2604,0.2166,0.0,0.0818,-169.2395,24.0841,0.0,3.9835,1,1,0,,,,,,,,,,,,clear,
sample86.mp4,150.00,153.00,3.0,9,0.2222,1.0,0.2857,7,2,2.26,7.483,1.9551,20.1469,6.5528,4.2297,3.0314,4.74,17.42,1,20.0,0.6937,0.062,0.9781,0.1078,0.703,0.8456,0.2604,0.2166,0.4286,0.1628,-169.2395,24.0841,0.2222,6.6746,1,1,0,,,,,,,,,,,,clear,
sample86.mp4,198.00,201.00,3.0,9,0.3333,1.0,0.1667,6,1,1.79,8.6653,1.7961,21.4517,4.3802,10.2537,3.8489,2.4324,29.13,2,40.0,0.7125,0.0453,0.9056,0.0622,0.703,0.8456,0.2604,0.2166,0.0,0.0947,-169.2395,24.0841,0.0,5.0858,1,1,0,,,,,,,,,,,,clear,
sample8.mp4,0.00,3.00,3.0,9,0.1111,1.0,1.0,8,8,2.67,6.4301,1.8296,-1.2815,13.0487,-0.5707,2.2491,4.4072,18.49,2,40.0,0.5782,0.02,0.7871,0.0438,0.5914,0.8245,0.3653,0.3371,0.0,0.0499,-173.233,15.7729,0.5556,18.1096,0,0,0,0,0,0,0,0,0,0,0,0,0,0,clear,
sample8.mp4,3.00,6.00,3.0,9,0.0,1.0,1.0,9,9,3.0,8.2,1.209,12.2782,8.2845,-3.1101,3.3047,4.0915,19.64,2,40.0,0.5961,0.0219,0.7738,0.032,0.5914,0.8245,0.3653,0.3371,0.0,0.0568,-173.233,15.7729,0.1111,7.2705,1,1,0,,,,,,,,,,,,clear,
sample8.mp4,18.00,21.00,3.0,9,0.8889,1.0,0.7778,9,7,0.33,7.2477,1.469,4.1586,10.2092,2.5714,2.661,4.4375,18.39,3,60.0,0.6249,0.0355,0.7633,0.0385,0.5914,0.8245,0.3653,0.3371,0.0,0.0784,-173.233,15.7729,0.4444,11.8715,1,1,0,0,0,0,0,0,0,0,0,0,0,0,clear,
sample8.mp4,39.00,42.00,3.0,9,0.6667,1.0,1.0,8,8,1.0,7.6285,0.9945,4.7711,14.1178,0.8193,2.4055,5.7328,14.85,3,60.0,0.5501,0.0556,0.8336,0.0784,0.5914,0.8245,0.3653,0.3371,0.125,0.0856,-173.233,15.7729,0.3333,12.8098,1,1,0,0,0,0,0,0,0,0,0,0,0,0,clear,
sample8.mp4,42.00,45.00,3.0,9,0.6667,1.0,1.0,9,9,1.0,8.2524,0.8304,4.3882,14.6948,-0.6604,0.9516,3.924,20.31,1,20.0,0.5226,0.0791,0.8156,0.0404,0.5914,0.8245,0.3653,0.3371,0.2222,0.0918,-173.233,15.7729,0.3333,12.4713,2,1,1,0,0,0,0,0,0,0,0,0,0,0,clear,
sample8.mp4,78.00,81.00,3.0,9,0.4444,1.0,1.0,8,8,1.67,7.2478,1.4582,11.0225,11.0566,0.0116,2.167,5.4346,15.54,3,60.0,0.5576,0.0648,0.8519,0.093,0.5914,0.8245,0.3653,0.3371,0.25,0.0998,-173.233,15.7729,0.3333,9.4208,1,1,0,0,0,0,0,0,0,0,0,0,0,0,clear,
sample8.mp4,81.00,84.00,3.0,9,0.5556,1.0,1.0,9,9,1.33,6.5216,1.2619,18.9752,2.3286,3.2043,0.869,1.8155,35.52,2,40.0,0.538,0.0869,0.775,0.1056,0.5914,0.8245,0.3653,0.3371,0.2222,0.1446,-173.233,15.7729,0.0,3.6791,2,1,1,,,,,,,,,,,,clear,
sample8.mp4,126.00,129.00,3.0,9,1.0,1.0,1.0,9,9,0.0,6.9095,1.254,14.4042,5.7451,2.5913,0.7049,2.9607,25.25,3,60.0,0.6071,0.0208,0.7937,0.0474,0.5914,0.8245,0.3653,0.3371,0.0,0.0507,-173.233,15.7729,0.0,5.203,0,0,0,0,0,0,0,0,0,0,0,0,0,0,clear,
sample8.mp4,129.00,132.00,3.0,9,1.0,1.0,0.3333,9,3,0.0,6.3605,0.6356,17.5737,1.9032,3.3231,0.9374,1.1201,47.17,2,40.0,0.6549,0.0119,0.7613,0.0366,0.5914,0.8245,0.3653,0.3371,0.0,0.0934,-173.233,15.7729,0.0,2.482,1,1,0,0,0,0,0,0,0,0,0,0,0,0,clear,
sample8.mp4,159.00,162.00,3.0,9,0.7778,1.0,1.0,9,9,0.67,6.9969,0.7729,-2.2993,9.834,2.6508,1.5394,4.9054,16.93,3,60.0,0.5864,0.0085,0.7756,0.0315,0.5914,0.8245,0.3653,0.3371,0.0,0.0516,-173.233,15.7729,0.7778,18.1293,1,1,0,0,0,0,0,0,0,0,0,0,0,0,clear,
sample8.mp4,186.00,189.00,3.0,9,0.7778,1.0,1.0,8,8,0.67,6.3017,1.3448,1.2308,11.6196,1.2064,1.1535,5.9464,14.4,1,20.0,0.5872,0.0145,0.8233,0.0323,0.5914,0.8245,0.3653,0.3371,0.0,0.0293,-173.233,15.7729,0.6667,15.3358,0,0,0,0,0,0,0,0,0,0,0,0,0,0,clear,
sample9.mp4,9.00,12.00,3.0,9,0.6667,1.0,0.8889,9,8,1.0,2.3586,1.6444,-8.5524,4.464,1.2151,1.1175,2.4991,28.58,2,40.0,0.5901,0.0451,0.9004,0.1147,0.5981,0.9554,0.3976,0.3733,0.2222,0.118,177.3742,-7.6829,0.0,4.1962,1,1,0,0,0,0,0,0,0,0,0,0,0,0,clear,
sample9.mp4,24.00,27.00,3.0,9,0.6667,1.0,0.6667,9,6,1.0,2.8407,0.8815,-4.2154,10.3995,1.2541,2.4618,4.142,19.45,2,40.0,0.5958,0.0719,0.9396,0.1081,0.5981,0.9554,0.3976,0.3733,0.1111,0.123,177.3742,-7.6829,0.2222,7.3746,1,1,0,0,0,0,0,0,0,0,0,0,0,0,clear,
sample9.mp4,48.00,51.00,3.0,9,0.6667,1.0,1.0,9,9,1.0,2.4191,1.2357,-7.7066,3.2785,2.2974,0.718,1.8582,34.99,2,40.0,0.5617,0.0381,0.9408,0.1076,0.5981,0.9554,0.3976,0.3733,0.1111,0.1095,177.3742,-7.6829,0.0,2.9447,0,0,0,0,0,0,0,0,0,0,0,0,0,0,clear,
sample9.mp4,63.00,66.00,3.0,9,0.8889,1.0,1.0,9,9,0.33,2.0111,0.784,6.6336,5.381,1.39,0.6827,32.0347,3.03,1,20.0,0.5989,0.0301,0.915,0.0655,0.5981,0.9554,0.3976,0.3733,0.0,0.0756,177.3742,-7.6829,0.7778,127.3067,0,0,0,0,0,0,0,0,0,0,0,0,0,0,clear,
sample9.mp4,75.00,78.00,3.0,9,1.0,1.0,1.0,9,9,0.0,1.7245,0.6982,-1.9306,4.4748,1.3998,0.5148,16.8847,5.59,2,40.0,0.5487,0.0135,0.874,0.054,0.5981,0.9554,0.3976,0.3733,0.0,0.1023,177.3742,-7.6829,0.3333,122.3045,0,0,0,0,0,0,0,0,0,0,0,0,0,0,clear,
sample9.mp4,84.00,87.00,3.0,9,0.8889,1.0,0.7778,9,7,0.33,3.2364,2.5996,1.1589,11.749,0.1087,2.3543,34.1378,2.85,1,20.0,0.6266,0.0277,0.9296,0.051,0.5981,0.9554,0.3976,0.3733,0.0,0.0624,177.3742,-7.6829,0.4444,50.5463,0,0,0,0,0,0,0,0,0,0,0,0,0,0,clear,
sample9.mp4,87.00,90.00,3.0,9,0.3333,1.0,0.8889,9,8,2.0,3.3585,2.4654,13.7908,9.2553,-2.8239,0.712,17.7203,5.34,3,60.0,0.6081,0.0422,0.8917,0.0949,0.5981,0.9554,0.3976,0.3733,0.1111,0.1099,177.3742,-7.6829,1.0,282.098,0,0,0,0,0,0,0,0,0,0,0,0,0,0,clear,
sample9.mp4,129.00,132.00,3.0,9,0.7778,1.0,1.0,9,9,0.67,3.4351,1.5857,-5.2699,2.2374,0.406,0.6779,2.0422,32.87,1,20.0,0.5864,0.0271,0.9833,0.0589,0.5981,0.9554,0.3976,0.3733,0.0,0.0637,177.3742,-7.6829,0.0,3.1817,1,1,0,0,0,0,0,0,1,0,0,0,0,0,clear,
sample9.mp4,138.00,141.00,3.0,9,0.4444,1.0,0.8889,9,8,1.67,2.0873,1.47,12.5795,4.294,-2.5597,0.6465,32.1197,3.02,1,20.0,0.637,0.0179,0.8783,0.0861,0.5981,0.9554,0.3976,0.3733,0.1111,0.1099,177.3742,-7.6829,1.0,170.2107,0,0,0,0,0,0,0,0,0,0,0,0,0,0,clear,
sample9.mp4,144.00,147.00,3.0,9,0.8889,1.0,1.0,9,9,0.33,3.8206,1.1767,-4.3466,2.9109,-1.2495,0.8916,1.4777,40.36,1,20.0,0.5873,0.0359,0.9881,0.0999,0.5981,0.9554,0.3976,0.3733,0.1111,0.0845,177.3742,-7.6829,0.0,4.0214,0,0,0,0,0,0,0,0,0,0,0,0,0,0,clear,
sample9.mp4,162.00,165.00,3.0,9,0.8889,1.0,1.0,9,9,0.33,2.7202,1.3159,1.4205,5.6885,1.9715,1.7308,3.1136,24.31,1,20.0,0.5951,0.0292,0.9566,0.0596,0.5981,0.9554,0.3976,0.3733,0.0,0.0566,177.3742,-7.6829,0.3333,9.266,0,0,0,0,0,0,0,0,0,0,0,0,0,0,clear,
sample9.mp4,165.00,168.00,3.0,9,0.4444,1.0,1.0,8,8,1.67,4.0826,2.9278,0.0491,4.8776,0.0939,1.5351,32.4417,2.99,1,20.0,0.6048,0.0206,1.0067,0.1169,0.5981,0.9554,0.3976,0.3733,0.25,0.1146,177.3742,-7.6829,0.5556,86.0741,0,0,0,0,0,0,0,0,0,0,0,0,0,0,clear,
sample9.mp4,171.00,174.00,3.0,9,0.7778,1.0,1.0,8,8,0.67,2.3416,1.8233,11.6665,7.492,0.4127,1.3033,32.5045,2.98,2,40.0,0.5771,0.0107,0.8705,0.0782,0.5981,0.9554,0.3976,0.3733,0.0,0.1119,177.3742,-7.6829,0.8889,56.9176,0,0,0,0,0,0,0,0,0,0,0,0,0,0,clear,
sample9.mp4,177.00,180.00,3.0,9,0.5556,1.0,1.0,8,8,1.33,1.5558,2.1919,11.1497,6.6025,0.1411,1.1327,62.2964,1.58,2,40.0,0.5803,0.0189,0.9637,0.0906,0.5981,0.9554,0.3976,0.3733,0.0,0.0874,177.3742,-7.6829,0.7778,93.0682,0,0,0,0,0,0,0,0,0,0,0,0,0,0,clear,
sample9.mp4,186.00,189.00,3.0,9,0.7778,1.0,0.8889,9,8,0.67,2.6623,2.3474,1.5733,11.425,-1.3473,2.2452,49.0246,2.0,1,20.0,0.6167,0.0302,0.9063,0.1187,0.5981,0.9554,0.3976,0.3733,0.2222,0.1134,177.3742,-7.6829,0.6667,89.8184,0,0,0,0,0,0,0,0,0,0,0,0,0,0,clear,
sample9.mp4,192.00,195.00,3.0,9,0.7778,1.0,0.875,8,7,0.67,4.3926,1.894,-3.2523,10.7246,-1.8796,1.6976,3.6521,21.5,3,60.0,0.6079,0.0256,0.956,0.0951,0.5981,0.9554,0.3976,0.3733,0.125,0.0838,177.3742,-7.6829,0.3333,9.1514,0,0,0,0,0,0,0,0,0,0,0,0,0,0,clear,
